{
  "control_overall": 11854.05552768511,
  "candidate": [
    11664.127888068939,
    11743.982122667781,
    11742.149958255013
  ],
  "dense": [
    1623.1045338791992,
    1633.504219867143,
    1624.9868653327292
  ],
  "tx": [
    1865.367048348802,
    1872.90181388898,
    1866.8652233360222
  ],
  "fin": [
    3.897559854,
    3.787140033,
    3.8117126150000002
  ],
  "batch_blocks": [
    909,
    909,
    833
  ],
  "mean_overall": 11716.753322997245,
  "mean_dense": 1627.1985396930238,
  "mean_tx": 1868.3780285246014,
  "overall_delta_pct": -1.1582719885797408
}