{
  "control_overall": 12180.698811620285,
  "control_tx": 1960.1665176054175,
  "control_dense": 1722.2150160818462,
  "candidate_overall": [
    12247.719710327921,
    12298.270741731334,
    12306.70161821204
  ],
  "candidate_tx": [
    1964.1240244954722,
    1973.9852321458395,
    1977.959376993347
  ],
  "candidate_dense": [
    1737.033130105981,
    1736.1000808474726,
    1730.9765196680544
  ],
  "load_execute_us": [
    314,
    302,
    302
  ],
  "means": {
    "overall": 12284.230690090431,
    "tx": 1972.0228778782196,
    "dense": 1734.7032435405026
  },
  "overall_delta_pct": 0.8499666568504112,
  "tx_delta_pct": 0.604864952355477,
  "dense_delta_pct": 0.7251259187756915
}