{
  "control_overall_bps": 11658.74513733436,
  "control_tx_bps": 1831.0635115708142,
  "control_empty_bps": 49536.140745676326,
  "control_dense_bps": 1607.424915528695,
  "candidate_overall": [
    11786.958408330225,
    11773.251914859513,
    11791.786712435402
  ],
  "candidate_tx": [
    1847.538784946602,
    1859.3997106267934,
    1862.717289465389
  ],
  "candidate_empty": [
    50961.20092322654,
    50278.04021229127,
    51006.87158458036
  ],
  "candidate_dense": [
    1626.9955000765087,
    1634.0489610887628,
    1628.024026749776
  ],
  "candidate_overall_mean": 11783.999011875048,
  "candidate_tx_mean": 1856.5519283462615,
  "candidate_empty_mean": 50748.70424003273,
  "candidate_dense_mean": 1629.6894959716826,
  "overall_delta_pct": 1.0743340991269583,
  "tx_delta_pct": 1.392000693279155,
  "empty_delta_pct": 2.447836016499199,
  "dense_delta_pct": 1.385108581302823,
  "engine_create_us": [
    15,
    15,
    15
  ],
  "load_execute_us": [
    325,
    319,
    330
  ]
}