{
  "control_overall": 11854.05552768511,
  "control_tx": 1864.971069048261,
  "control_dense": 1633.0515301195358,
  "candidate_overall": [
    12162.687999623942,
    12273.325744860396,
    12106.082690376517
  ],
  "candidate_tx": [
    1954.7410057737293,
    1987.708288917989,
    1938.0502581245341
  ],
  "candidate_dense": [
    1719.155861512341,
    1749.5102884518735,
    1697.9788982813238
  ],
  "load_execute_us": [
    312,
    323,
    325
  ],
  "means": {
    "overall": 12180.698811620285,
    "tx": 1960.1665176054175,
    "dense": 1722.2150160818462
  },
  "overall_delta_pct": 2.755540356397861,
  "tx_delta_pct": 5.104392777832051,
  "dense_delta_pct": 5.459930952441158
}