{
  "control_bps": [
    1888.4105110100613,
    2305.6136391507566,
    2320.7711454091746
  ],
  "candidate_bps": [
    2114.8698915990826,
    2146.6214140096813,
    2185.895255464116
  ],
  "control_mean": 2171.5984318566643,
  "candidate_mean": 2149.12885369096,
  "control_finalization_s": [
    2.267377195,
    1.647797702,
    1.661913968
  ],
  "candidate_finalization_s": [
    2.072171165,
    2.01845963,
    1.965932445
  ],
  "official_root": "0xc94105f375f4f38438f129a75d4e172d36f655b82ebe3c78ca2a06179302a3ba",
  "all_match_official": true,
  "roots": [
    "0xc94105f375f4f38438f129a75d4e172d36f655b82ebe3c78ca2a06179302a3ba",
    "0xc94105f375f4f38438f129a75d4e172d36f655b82ebe3c78ca2a06179302a3ba",
    "0xc94105f375f4f38438f129a75d4e172d36f655b82ebe3c78ca2a06179302a3ba",
    "0xc94105f375f4f38438f129a75d4e172d36f655b82ebe3c78ca2a06179302a3ba",
    "0xc94105f375f4f38438f129a75d4e172d36f655b82ebe3c78ca2a06179302a3ba",
    "0xc94105f375f4f38438f129a75d4e172d36f655b82ebe3c78ca2a06179302a3ba"
  ],
  "delta_pct": -1.0347022652108517
}
