{
  "control_overall": [
    11848.947011749318,
    11659.716458638552,
    11811.4613541075
  ],
  "cand_overall": [
    11800.06640627791,
    11862.749116597814,
    11899.351060179606
  ],
  "control_dense": [
    1641.2636132741416,
    1635.677240706867,
    1619.636027695346
  ],
  "cand_dense": [
    1619.2958794676465,
    1642.7552672132372,
    1637.103443677724
  ],
  "control_tx": [
    1875.7221313533805,
    1872.779720914789,
    1852.8643734247587
  ],
  "cand_tx": [
    1856.0297583406043,
    1875.5743223522895,
    1863.3091264518894
  ],
  "control_finalization": [
    3.702343818,
    3.8838510790000003,
    3.610863683
  ],
  "cand_finalization": [
    3.696248651,
    3.666992259,
    3.567681419
  ],
  "control_mpt_apply_us": [
    3317242,
    3262370,
    3247998
  ],
  "cand_mpt_apply_us": [
    3233273,
    3300863,
    3275805
  ],
  "means": {
    "control_overall": 11773.374941498456,
    "cand_overall": 11854.05552768511,
    "control_dense": 1632.1922938921182,
    "cand_dense": 1633.0515301195358,
    "control_tx": 1867.1220752309762,
    "cand_tx": 1864.971069048261
  },
  "overall_delta_pct": 0.6852800202792622,
  "dense_delta_pct": 0.05264307585772494,
  "tx_delta_pct": -0.11520436779417163
}