{
  "candidate": [
    {
      "overall": 4167.90566180621,
      "tx": 871.274014433357,
      "dense": 749.827227397167,
      "empty": 12896.755624161256,
      "elapsed": 47.985731019,
      "load_execute_us": 798,
      "engine_create_us": 15,
      "load_script_us": 15,
      "execute_us": 797,
      "mpt_fail": 0,
      "batch_blocks_avg": 8
    },
    {
      "overall": 4166.006101267578,
      "tx": 853.687525134135,
      "dense": 729.3131125117487,
      "empty": 13448.172651018613,
      "elapsed": 48.00761092,
      "load_execute_us": 766,
      "engine_create_us": 15,
      "load_script_us": 15,
      "execute_us": 765,
      "mpt_fail": 0,
      "batch_blocks_avg": 8
    }
  ],
  "note": "apply_batch_blocks=DEFAULT 8 via try_new_async_with_capacity",
  "root_match": true,
  "official_root": "0xf0e121ac28b2de37e7e0321b0e0ef926f8b1ff9e85ee6f03c0c6c242a5f31088",
  "verdict": "REJECT - keep FAST_SYNC_MPT_APPLY_BATCH_BLOCKS=4096",
  "vs_control_overall_pct": -44.4
}