{
  "control_overall": 12284.230690090431,
  "control_tx": 1972.0228778782196,
  "control_dense": 1734.7032435405026,
  "candidate_overall": [
    12213.569620943277,
    12253.965331346952,
    12302.98140450263
  ],
  "candidate_tx": [
    1975.016827798762,
    1971.0181656712896,
    1969.7478321753792
  ],
  "candidate_dense": [
    1712.2175492114525,
    1746.2366089116592,
    1731.1424977171166
  ],
  "postpersist_us": [
    22,
    22,
    22
  ],
  "onpersist_us": [
    38,
    38,
    39
  ],
  "means": {
    "overall": 12256.83878559762,
    "tx": 1971.9276085484769,
    "dense": 1729.865551946743
  },
  "overall_delta_pct": -0.22298428923927952,
  "tx_delta_pct": -0.00483104586723567,
  "dense_delta_pct": -0.27887718615698476
}