{
  "label": "track_reads=false TX+nested clone_cache",
  "control": {
    "overall": 12284.230690090431,
    "tx": 1972.0228778782196,
    "dense": 1734.7032435405026
  },
  "candidate_overall": [
    7612.496027146802,
    7586.598183724468,
    7596.195484126026
  ],
  "candidate_tx": [
    907.7323527280884,
    902.6554153920316,
    905.8504926649481
  ],
  "candidate_dense": [
    743.989556917971,
    741.0487345924246,
    744.4703071311537
  ],
  "load_execute_us": [
    752,
    735,
    747
  ],
  "mpt_failures": [
    0,
    0,
    0
  ],
  "means": {
    "overall": 7598.4298983324325,
    "tx": 905.4127535950228,
    "dense": 743.1695328805164
  },
  "overall_delta_pct": -38.144845289644294,
  "tx_delta_pct": -54.08710701322119,
  "dense_delta_pct": -57.15869353171216
}