{
  "candidate_overall": [
    11790.127869805874,
    11734.778984065537,
    11814.489240598168
  ],
  "candidate_tx": [
    1846.3810245123727,
    1855.6243000449124,
    1856.9585624334247
  ],
  "candidate_dense": [
    1617.48445834397,
    1621.941308269949,
    1616.8931307558457
  ],
  "load_execute_us": [
    315,
    320,
    315
  ],
  "load_script_us": [
    15,
    15,
    15
  ],
  "execute_us": [
    313,
    318,
    313
  ],
  "overall_delta_pct": -0.03564421309174622,
  "tx_delta_pct": -0.19196694482978505,
  "dense_delta_pct": -0.6698533805822957,
  "means": {
    "overall_bps": 11779.798698156526,
    "tx_bps": 1852.9879623302368,
    "dense_bps": 1618.7729657899217
  }
}