{
  "control": {
    "overall": 11783.999011875048,
    "tx": 1856.5519283462615,
    "empty": 50748.70424003273,
    "dense": 1629.6894959716826
  },
  "candidate_overall": [
    10628.965868717383,
    10846.937730084006,
    10840.92481379801
  ],
  "candidate_tx": [
    1549.6410049790654,
    1591.8257239420345,
    1593.2282405554406
  ],
  "candidate_dense": [
    1366.5812528739605,
    1366.459462861792,
    1362.651752916707
  ],
  "candidate_empty": [
    50396.60234913813,
    51271.22353537221,
    51242.95712402903
  ],
  "load_execute_us": [
    505,
    425,
    424
  ],
  "load_script_us": [
    16,
    15,
    15
  ],
  "execute_us": [
    501,
    423,
    422
  ],
  "means": {
    "overall_bps": 10772.276137533134,
    "tx_bps": 1578.2316564921803,
    "empty_bps": 50970.26100284646,
    "dense_bps": 1365.2308228841532
  },
  "overall_delta_pct": -8.58556482669741,
  "tx_delta_pct": -14.991246277824144,
  "dense_delta_pct": -16.227549710618288
}