{
  "control_overall": 12284.230690090431,
  "candidate_overall": [
    12250.984309193384,
    12225.058759343026,
    12197.73535246323
  ],
  "candidate_tx": [
    1965.520358607786,
    1960.725060793085,
    1951.9491046977876
  ],
  "candidate_dense": [
    1717.3171965929782,
    1697.5235766083133,
    1719.2111715736553
  ],
  "finalization_s": [
    3.747184377,
    3.722067375,
    3.670449472
  ],
  "means": {
    "overall": 12224.592806999879,
    "tx": 1959.398174699553,
    "dense": 1711.3506482583155
  },
  "overall_delta_pct": -0.48548325568862566,
  "tx_delta_pct": -0.6401905028733736,
  "dense_delta_pct": -1.3462011654814734
}