{
  "control_overall": 12284.230690090431,
  "control_tx": 1972.0228778782196,
  "control_dense": 1734.7032435405026,
  "candidate_overall": [
    12251.596278917832,
    12313.83653247696,
    12316.153414896202
  ],
  "candidate_tx": [
    1975.772324416538,
    1977.4752441164449,
    1967.9238241404933
  ],
  "candidate_dense": [
    1735.468411719677,
    1737.5786051434807,
    1742.160613823226
  ],
  "load_execute_us": [
    348,
    303,
    310
  ],
  "means": {
    "overall": 12293.862075430332,
    "tx": 1973.7237975578253,
    "dense": 1738.402543562128
  },
  "overall_delta_pct": 0.07840446490206451,
  "tx_delta_pct": 0.08625253280204302,
  "dense_delta_pct": 0.21325261455527475
}