warning: missing documentation for a constant
 --> neo-io\src\var_int.rs:7:1
  |
7 | pub const VAR_INT_U16_MARKER: u8 = 0xFD;
  | ^^^^^^^^^^^^^^^^^^^^^^^^^^^^^^^^
  |
note: the lint level is defined here
 --> neo-io\src\lib.rs:1:9
  |
1 | #![warn(missing_docs)]
  |         ^^^^^^^^^^^^

warning: missing documentation for a constant
 --> neo-io\src\var_int.rs:8:1
  |
8 | pub const VAR_INT_U32_MARKER: u8 = 0xFE;
  | ^^^^^^^^^^^^^^^^^^^^^^^^^^^^^^^^

warning: missing documentation for a constant
 --> neo-io\src\var_int.rs:9:1
  |
9 | pub const VAR_INT_U64_MARKER: u8 = 0xFF;
  | ^^^^^^^^^^^^^^^^^^^^^^^^^^^^^^^^

warning: `neo-io` (lib) generated 3 warnings
warning: missing documentation for a module
 --> neo-crypto\src\mpt_trie\mod.rs:7:1
  |
7 | pub mod cache;
  | ^^^^^^^^^^^^^
  |
note: the lint level is defined here
 --> neo-crypto\src\lib.rs:1:9
  |
1 | #![warn(missing_docs)]
  |         ^^^^^^^^^^^^

warning: missing documentation for a module
 --> neo-crypto\src\mpt_trie\mod.rs:8:1
  |
8 | pub mod error;
  | ^^^^^^^^^^^^^

warning: missing documentation for a module
 --> neo-crypto\src\mpt_trie\mod.rs:9:1
  |
9 | pub mod node;
  | ^^^^^^^^^^^^

warning: missing documentation for a module
  --> neo-crypto\src\mpt_trie\mod.rs:11:1
   |
11 | pub mod trie;
   | ^^^^^^^^^^^^

warning: `neo-crypto` (lib) generated 4 warnings
warning: variable does not need to be mutable
   --> neo-core\src\state_service\tiered_storage.rs:248:21
    |
248 |                 let mut cache = self.tier2_prefix_cache.write();
    |                     ----^^^^^
    |                     |
    |                     help: remove this `mut`
    |
    = note: `#[warn(unused_mut)]` (part of `#[warn(unused)]`) on by default

warning: unused variable: `path_prefix`
   --> neo-core\src\state_service\tiered_storage.rs:297:39
    |
297 |     fn load_from_backing_store(&self, path_prefix: &[u8]) -> Option<Arc<Node>> {
    |                                       ^^^^^^^^^^^ help: if this is intentional, prefix it with an underscore: `_path_prefix`
    |
    = note: `#[warn(unused_variables)]` (part of `#[warn(unused)]`) on by default

warning: variable does not need to be mutable
   --> neo-core\src\state_service\tiered_storage.rs:314:17
    |
314 |             let mut cache = self.tier2_prefix_cache.write();
    |                 ----^^^^^
    |                 |
    |                 help: remove this `mut`

warning: field `capacity_per_group` is never read
  --> neo-core\src\state_service\tiered_storage.rs:68:5
   |
65 | pub struct ContractPrefixCache {
   |            ------------------- field in this struct
...
68 |     capacity_per_group: usize,
   |     ^^^^^^^^^^^^^^^^^^
   |
   = note: `#[warn(dead_code)]` (part of `#[warn(unused)]`) on by default

warning: field `backing_store` is never read
   --> neo-core\src\state_service\tiered_storage.rs:182:5
    |
165 | pub struct TieredStorage<S> 
    |            ------------- field in this struct
...
182 |     backing_store: Arc<S>,
    |     ^^^^^^^^^^^^^

warning: missing documentation for a struct field
  --> neo-core\src\state_service\tiered_storage.rs:22:5
   |
22 |     pub tier0_hits: u64,
   |     ^^^^^^^^^^^^^^^^^^^
   |
note: the lint level is defined here
  --> neo-core\src\lib.rs:83:9
   |
83 | #![warn(missing_docs)]
   |         ^^^^^^^^^^^^

warning: missing documentation for a struct field
  --> neo-core\src\state_service\tiered_storage.rs:23:5
   |
23 |     pub tier0_misses: u64,
   |     ^^^^^^^^^^^^^^^^^^^^^

warning: missing documentation for a struct field
  --> neo-core\src\state_service\tiered_storage.rs:24:5
   |
24 |     pub tier1_hits: u64,
   |     ^^^^^^^^^^^^^^^^^^^

warning: missing documentation for a struct field
  --> neo-core\src\state_service\tiered_storage.rs:25:5
   |
25 |     pub tier1_misses: u64,
   |     ^^^^^^^^^^^^^^^^^^^^^

warning: missing documentation for a struct field
  --> neo-core\src\state_service\tiered_storage.rs:26:5
   |
26 |     pub tier2_hits: u64,
   |     ^^^^^^^^^^^^^^^^^^^

warning: missing documentation for a struct field
  --> neo-core\src\state_service\tiered_storage.rs:27:5
   |
27 |     pub tier2_misses: u64,
   |     ^^^^^^^^^^^^^^^^^^^^^

warning: missing documentation for a struct field
  --> neo-core\src\state_service\tiered_storage.rs:28:5
   |
28 |     pub tier3_hits: u64,
   |     ^^^^^^^^^^^^^^^^^^^

warning: missing documentation for a struct field
  --> neo-core\src\state_service\tiered_storage.rs:29:5
   |
29 |     pub tier3_misses: u64,
   |     ^^^^^^^^^^^^^^^^^^^^^

warning: missing documentation for a method
  --> neo-core\src\state_service\tiered_storage.rs:34:5
   |
34 |     pub fn total_hits(&self) -> u64 {
   |     ^^^^^^^^^^^^^^^^^^^^^^^^^^^^^^^

warning: missing documentation for a method
  --> neo-core\src\state_service\tiered_storage.rs:39:5
   |
39 |     pub fn total_misses(&self) -> u64 {
   |     ^^^^^^^^^^^^^^^^^^^^^^^^^^^^^^^^^

warning: missing documentation for a method
  --> neo-core\src\state_service\tiered_storage.rs:44:5
   |
44 |     pub fn hit_rate(&self) -> f32 {
   |     ^^^^^^^^^^^^^^^^^^^^^^^^^^^^^

warning: missing documentation for a struct
  --> neo-core\src\state_service\tiered_storage.rs:65:1
   |
65 | pub struct ContractPrefixCache {
   | ^^^^^^^^^^^^^^^^^^^^^^^^^^^^^^

warning: missing documentation for an associated function
  --> neo-core\src\state_service\tiered_storage.rs:73:5
   |
73 |     pub fn new(max_prefixes: usize) -> Self {
   |     ^^^^^^^^^^^^^^^^^^^^^^^^^^^^^^^^^^^^^^^

warning: missing documentation for a method
  --> neo-core\src\state_service\tiered_storage.rs:90:5
   |
90 |     pub fn get(&self, key: &[u8]) -> Option<Arc<Node>> {
   |     ^^^^^^^^^^^^^^^^^^^^^^^^^^^^^^^^^^^^^^^^^^^^^^^^^^

warning: missing documentation for a method
   --> neo-core\src\state_service\tiered_storage.rs:106:5
    |
106 |     pub fn insert_prefix(&mut self, full_key: &[u8], node: Arc<Node>) {
    |     ^^^^^^^^^^^^^^^^^^^^^^^^^^^^^^^^^^^^^^^^^^^^^^^^^^^^^^^^^^^^^^^^^

warning: missing documentation for a method
   --> neo-core\src\state_service\tiered_storage.rs:122:5
    |
122 |     pub fn clear(&self) {
    |     ^^^^^^^^^^^^^^^^^^^

warning: missing documentation for a trait
   --> neo-core\src\state_service\tiered_storage.rs:348:1
    |
348 | pub trait MptStoreSnapshot: Send + Sync {
    | ^^^^^^^^^^^^^^^^^^^^^^^^^^^^^^^^^^^^^^^

warning: missing documentation for a method
   --> neo-core\src\state_service\tiered_storage.rs:349:5
    |
349 |     fn try_get(&self, key: &[u8]) -> Result<Option<Vec<u8>>, String>;
    |     ^^^^^^^^^^^^^^^^^^^^^^^^^^^^^^^^^^^^^^^^^^^^^^^^^^^^^^^^^^^^^^^^^

warning: missing documentation for a method
   --> neo-core\src\state_service\tiered_storage.rs:350:5
    |
350 |     fn put(&self, key: Vec<u8>, value: Vec<u8>) -> Result<(), String>;
    |     ^^^^^^^^^^^^^^^^^^^^^^^^^^^^^^^^^^^^^^^^^^^^^^^^^^^^^^^^^^^^^^^^^^

warning: missing documentation for a method
   --> neo-core\src\state_service\tiered_storage.rs:351:5
    |
351 |     fn delete(&self, key: Vec<u8>) -> Result<(), String>;
    |     ^^^^^^^^^^^^^^^^^^^^^^^^^^^^^^^^^^^^^^^^^^^^^^^^^^^^^

warning: `neo-core` (lib) generated 25 warnings (run `cargo fix --lib -p neo-core` to apply 3 suggestions)
warning: field `opcode` is never read
   --> neo-tee\src\mempool\batcher\contract_batcher.rs:394:5
    |
393 | struct InstructionInfo {
    |        --------------- field in this struct
394 |     opcode: u8,
    |     ^^^^^^
    |
    = note: `InstructionInfo` has derived impls for the traits `Clone` and `Debug`, but these are intentionally ignored during dead code analysis
    = note: `#[warn(dead_code)]` (part of `#[warn(unused)]`) on by default

warning: method `is_empty` is never used
   --> neo-tee\src\mempool\batcher\contract_batcher.rs:511:8
    |
491 | impl<T> PriorityQ<T> {
    | -------------------- method in this implementation
...
511 |     fn is_empty(&self) -> bool {
    |        ^^^^^^^^

warning: `neo-tee` (lib) generated 2 warnings
warning: `neo-tee` (lib test) generated 1 warning (1 duplicate)
warning: unused import: `UInt256`
  --> neo-consensus\tests\commit_response_refinement_tests.rs:22:31
   |
22 | use neo_primitives::{UInt160, UInt256};
   |                               ^^^^^^^
   |
   = note: `#[warn(unused_imports)]` (part of `#[warn(unused)]`) on by default

warning: function `test_coq_lemma_M_formula_integration` should have a snake case name
   --> neo-consensus\tests\commit_response_refinement_tests.rs:365:4
    |
365 | fn test_coq_lemma_M_formula_integration() {
    |    ^^^^^^^^^^^^^^^^^^^^^^^^^^^^^^^^^^^^ help: convert the identifier to snake case: `test_coq_lemma_m_formula_integration`
    |
    = note: `#[warn(non_snake_case)]` (part of `#[warn(nonstandard_style)]`) on by default

warning: variable `computed_M` should have a snake case name
   --> neo-consensus\tests\commit_response_refinement_tests.rs:387:13
    |
387 |         let computed_M = context.m();
    |             ^^^^^^^^^^ help: convert the identifier to snake case: `computed_m`

warning: `neo-consensus` (test "commit_response_refinement_tests") generated 3 warnings (run `cargo fix --test "commit_response_refinement_tests" -p neo-consensus` to apply 1 suggestion)
warning: unnecessary parentheses around function argument
  --> neo-consensus\tests\viewchange_refinement_tests.rs:57:64
   |
57 |         let msg = ChangeViewMessage::new(100 + i as u32, i, i, (i as u64 * 1000u64), ChangeViewReason::Timeout);
   |                                                                ^                  ^
   |
   = note: `#[warn(unused_parens)]` (part of `#[warn(unused)]`) on by default
help: remove these parentheses
   |
57 -         let msg = ChangeViewMessage::new(100 + i as u32, i, i, (i as u64 * 1000u64), ChangeViewReason::Timeout);
57 +         let msg = ChangeViewMessage::new(100 + i as u32, i, i, i as u64 * 1000u64, ChangeViewReason::Timeout);
   |

warning: unnecessary parentheses around function argument
  --> neo-consensus\tests\viewchange_refinement_tests.rs:75:13
   |
75 |             ((view_num as u64 + 1u64) * 1000u64),
   |             ^                                  ^
   |
help: remove these parentheses
   |
75 -             ((view_num as u64 + 1u64) * 1000u64),
75 +             (view_num as u64 + 1u64) * 1000u64,
   |

warning: unused variable: `max_timestamp`
   --> neo-consensus\tests\viewchange_refinement_tests.rs:110:9
    |
110 |     let max_timestamp = min_timestamp + max_allowed_drift;
    |         ^^^^^^^^^^^^^ help: if this is intentional, prefix it with an underscore: `_max_timestamp`
    |
    = note: `#[warn(unused_variables)]` (part of `#[warn(unused)]`) on by default

warning: unused variable: `upper_bound`
   --> neo-consensus\tests\viewchange_refinement_tests.rs:138:9
    |
138 |     let upper_bound = lower_bound + max_allowed_drift;
    |         ^^^^^^^^^^^ help: if this is intentional, prefix it with an underscore: `_upper_bound`

warning: unused doc comment
   --> neo-consensus\tests\wire_format_refinement_tests.rs:131:1
    |
131 | /// All property-based tests for wire_format_refinement.v
    | ^^^^^^^^^^^^^^^^^^^^^^^^^^^^^^^^^^^^^^^^^^^^^^^^^^^^^^^^^ rustdoc does not generate documentation for macro invocations
    |
    = help: to document an item produced by a macro, the macro must produce the documentation as part of its expansion
    = note: `#[warn(unused_doc_comments)]` (part of `#[warn(unused)]`) on by default

warning: `neo-consensus` (test "viewchange_refinement_tests") generated 4 warnings (run `cargo fix --test "viewchange_refinement_tests" -p neo-consensus` to apply 4 suggestions)
warning: `neo-consensus` (test "wire_format_refinement_tests") generated 1 warning
warning: value assigned to `prepare_request_received` is never read
   --> neo-consensus\tests\consensus_roundtrip_refinement_tests.rs:128:40
    |
128 |     let mut prepare_request_received = false;
    |                                        ^^^^^
    |
    = help: maybe it is overwritten before being read?
    = note: `#[warn(unused_assignments)]` (part of `#[warn(unused)]`) on by default

warning: variable does not need to be mutable
   --> neo-consensus\tests\consensus_roundtrip_refinement_tests.rs:466:9
    |
466 |     let mut env = TestEnvironment::new(7); // n=7, f=2, M=5
    |         ----^^^
    |         |
    |         help: remove this `mut`
    |
    = note: `#[warn(unused_mut)]` (part of `#[warn(unused)]`) on by default

warning: `neo-consensus` (test "consensus_roundtrip_refinement_tests") generated 2 warnings (run `cargo fix --test "consensus_roundtrip_refinement_tests" -p neo-consensus` to apply 1 suggestion)
warning: unused import: `super::*`
   --> neo-consensus\tests\commit_message_refinement_tests.rs:326:9
    |
326 |     use super::*;
    |         ^^^^^^^^
    |
    = note: `#[warn(unused_imports)]` (part of `#[warn(unused)]`) on by default

warning: unused variable: `name`
   --> neo-consensus\tests\commit_message_refinement_tests.rs:252:10
    |
252 |     for (name, sig) in test_data {
    |          ^^^^ help: if this is intentional, prefix it with an underscore: `_name`
    |
    = note: `#[warn(unused_variables)]` (part of `#[warn(unused)]`) on by default

warning: comparison is useless due to type limits
   --> neo-consensus\tests\commit_message_refinement_tests.rs:259:37
    |
259 |         assert!(sig.iter().all(|&b| b <= 255));
    |                                     ^^^^^^^^
    |
    = note: `#[warn(unused_comparisons)]` on by default

warning: `neo-consensus` (test "commit_message_refinement_tests") generated 3 warnings (run `cargo fix --test "commit_message_refinement_tests" -p neo-consensus` to apply 2 suggestions)
warning: variable does not need to be mutable
   --> neo-crypto\src\mpt_trie\root_branch_buffer.rs:309:13
    |
309 |         let mut buffer = RootBranchBuffer::new();
    |             ----^^^^^^
    |             |
    |             help: remove this `mut`
    |
    = note: `#[warn(unused_mut)]` (part of `#[warn(unused)]`) on by default

warning: function `generate_test_data` is never used
   --> neo-crypto\src\simd\blake2b_avx512.rs:176:8
    |
176 |     fn generate_test_data(size: usize) -> Vec<u8> {
    |        ^^^^^^^^^^^^^^^^^^
    |
    = note: `#[warn(dead_code)]` (part of `#[warn(unused)]`) on by default

warning: function `bench_scalar_iterative` is never used
   --> neo-crypto\src\simd\blake2b_avx512.rs:181:8
    |
181 |     fn bench_scalar_iterative(times: usize) -> std::time::Duration {
    |        ^^^^^^^^^^^^^^^^^^^^^^

warning: `neo-crypto` (lib test) generated 7 warnings (4 duplicates) (run `cargo fix --lib -p neo-crypto --tests` to apply 1 suggestion)
warning: function `generate_random_hash` is never used
  --> neo-crypto\tests\state_root_refinement_tests.rs:14:4
   |
14 | fn generate_random_hash() -> UInt256 {
   |    ^^^^^^^^^^^^^^^^^^^^
   |
   = note: `#[warn(dead_code)]` (part of `#[warn(unused)]`) on by default

warning: method `get_data` is never used
  --> neo-crypto\tests\state_root_refinement_tests.rs:33:8
   |
26 | impl MockStore {
   | -------------- method in this implementation
...
33 |     fn get_data(&self) -> HashMap<Vec<u8>, Vec<u8>> {
   |        ^^^^^^^^

warning: `neo-crypto` (test "state_root_refinement_tests") generated 2 warnings
warning: unused doc comment
  --> neo-core\tests\parallel_execution_safety_refinement_tests.rs:31:5
   |
31 |     /// Lemma verification: Independent txs have disjoint rw sets
   |     ^^^^^^^^^^^^^^^^^^^^^^^^^^^^^^^^^^^^^^^^^^^^^^^^^^^^^^^^^^^^^
32 |     
33 |     let mut detector = ConflictDetector::new();
   |     ------------------------------------------- rustdoc does not generate documentation for statements
   |
   = help: use `//` for a plain comment
   = note: `#[warn(unused_doc_comments)]` (part of `#[warn(unused)]`) on by default

warning: unused doc comment
  --> neo-core\tests\parallel_execution_safety_refinement_tests.rs:60:5
   |
60 |     /// Lemma verification: Concurrent writes to same key detected
   |     ^^^^^^^^^^^^^^^^^^^^^^^^^^^^^^^^^^^^^^^^^^^^^^^^^^^^^^^^^^^^^^
61 |     
62 |     let mut detector = ConflictDetector::new();
   |     ------------------------------------------- rustdoc does not generate documentation for statements
   |
   = help: use `//` for a plain comment

warning: unused doc comment
  --> neo-core\tests\parallel_execution_safety_refinement_tests.rs:83:5
   |
83 |     /// Lemma verification: Write to key another reads creates conflict
   |     ^^^^^^^^^^^^^^^^^^^^^^^^^^^^^^^^^^^^^^^^^^^^^^^^^^^^^^^^^^^^^^^^^^^
84 |     
85 |     let mut detector = ConflictDetector::new();
   |     ------------------------------------------- rustdoc does not generate documentation for statements
   |
   = help: use `//` for a plain comment

warning: unused doc comment
   --> neo-core\tests\parallel_execution_safety_refinement_tests.rs:107:5
    |
107 |     /// Lemma verification: Any shared access triggers conflict
    |     ^^^^^^^^^^^^^^^^^^^^^^^^^^^^^^^^^^^^^^^^^^^^^^^^^^^^^^^^^^^
108 |     
109 |     let mut detector = ConflictDetector::new();
    |     ------------------------------------------- rustdoc does not generate documentation for statements
    |
    = help: use `//` for a plain comment

warning: unused doc comment
   --> neo-core\tests\parallel_execution_safety_refinement_tests.rs:135:5
    |
135 |     /// Lemma verification: Multiple groups can execute in parallel
    |     ^^^^^^^^^^^^^^^^^^^^^^^^^^^^^^^^^^^^^^^^^^^^^^^^^^^^^^^^^^^^^^^
136 |     
137 |     let mut detector = ConflictDetector::new();
    |     ------------------------------------------- rustdoc does not generate documentation for statements
    |
    = help: use `//` for a plain comment

warning: unused doc comment
   --> neo-core\tests\parallel_execution_safety_refinement_tests.rs:159:5
    |
159 |     /// Lemma verification: Complete conflict forces sequential execution
    |     ^^^^^^^^^^^^^^^^^^^^^^^^^^^^^^^^^^^^^^^^^^^^^^^^^^^^^^^^^^^^^^^^^^^^^
160 |     
161 |     let mut detector = ConflictDetector::new();
    |     ------------------------------------------- rustdoc does not generate documentation for statements
    |
    = help: use `//` for a plain comment

warning: `neo-core` (test "parallel_execution_safety_refinement_tests") generated 6 warnings
warning: unused doc comment
  --> neo-core\tests\witness_validation_refinement_tests.rs:34:5
   |
34 | /     /**
35 | |      * Validates script_hash_size_correct theorem from Coq refinement
36 | |      * Property: Script hash always produces exactly 20 bytes (UInt160)
37 | |      */
   | |_______^
...
40 | /     let test_scripts = vec![
41 | |         vec![],                          // Empty script
42 | |         vec![0x00],                      // Single byte
43 | |         vec![0xAA; 35],                  // Single-sig pattern length
...  |
46 | |         vec![0xDD; 1024],                // Maximum size per MAX_VERIFICATION_SCRIPT constant
47 | |     ];
   | |______- rustdoc does not generate documentation for statements
   |
   = help: use `/* */` for a plain comment
   = note: `#[warn(unused_doc_comments)]` (part of `#[warn(unused)]`) on by default

warning: unused doc comment
  --> neo-core\tests\witness_validation_refinement_tests.rs:67:5
   |
67 | /     /**
68 | |      * Validates script_hash_deterministic theorem from Coq refinement
69 | |      * Property: Same input script always produces identical hash (pure function)
70 | |      */
   | |_______^
71 |       
72 | /     let test_cases = vec![
73 | |         vec![1; 10],
74 | |         vec![255; 100],
75 | |         vec![0, 1, 2, 3, 4, 5, 6, 7, 8, 9],
76 | |         vec![0xFE; 200],
77 | |     ];
   | |______- rustdoc does not generate documentation for statements
   |
   = help: use `/* */` for a plain comment

warning: unused doc comment
   --> neo-core\tests\witness_validation_refinement_tests.rs:101:5
    |
101 | /     /**
102 | |      * Validates canonical single-sig redeem script format compliance
103 | |      * Matches C# Contract.CreateSignatureContract implementation
104 | |      * Pattern: PUSHDATA1 (0x21) + 33-byte PK + CHECKSIG (0xAC)
105 | |      */
    | |_______^
106 |       
107 |       let verification_script = Helper::signature_redeem_script(TEST_PUBLIC_KEY_1);
    |       ----------------------------------------------------------------------------- rustdoc does not generate documentation for statements
    |
    = help: use `/* */` for a plain comment

warning: unused doc comment
   --> neo-core\tests\witness_validation_refinement_tests.rs:137:5
    |
137 | /     /**
138 | |      * Validates extraction logic matching extract_signature_from_invocation_script()
139 | |      * Expected format: PUSHDATA1 (0x21) + 66-byte invocation [1 + 64 sig bytes]
140 | |      */
    | |_______^
141 |       
142 | /     let valid_invocation = vec![
143 | |         0x21,              // PUSHDATA1 opcode
144 | |         0x40,              // Length byte (64 decimal)
...   |
147 | |     .chain((0..64).map(|_| 0x01))  // 64-byte signature placeholder
148 | |     .collect::<Vec<u8>>();
    | |__________________________- rustdoc does not generate documentation for statements
    |
    = help: use `/* */` for a plain comment

warning: unused doc comment
   --> neo-core\tests\witness_validation_refinement_tests.rs:174:5
    |
174 | /     /**
175 | |      * Validates extract_public_key_from_verification_script() implementation
176 | |      * Extracts public key from position [1..34] in actual script format
177 | |      */
    | |_______^
178 |       
179 |       let verification_script = Helper::signature_redeem_script(TEST_PUBLIC_KEY_1);
    |       ----------------------------------------------------------------------------- rustdoc does not generate documentation for statements
    |
    = help: use `/* */` for a plain comment

warning: unused doc comment
   --> neo-core\tests\witness_validation_refinement_tests.rs:208:5
    |
208 | /     /**
209 | |      * Validates unified_witness_clone_deterministic theorem
210 | |      * Cloned witnesses must have identical script hashes
211 | |      */
    | |_______^
212 |       
213 |       let invocation = vec![0x01; 50];
    |       -------------------------------- rustdoc does not generate documentation for statements
    |
    = help: use `/* */` for a plain comment

warning: unused doc comment
   --> neo-core\tests\witness_validation_refinement_tests.rs:242:5
    |
242 | /     /**
243 | |      * Validates multisig_threshold_valid invariant
244 | |      * required_signatures cannot exceed registered public keys count
245 | |      */
    | |_______^
...
248 | /     let priv_keys = vec![
249 | |         Secp256r1Crypto::generate_private_key(),
250 | |         Secp256r1Crypto::generate_private_key(),
251 | |         Secp256r1Crypto::generate_private_key(),
252 | |     ];
    | |______- rustdoc does not generate documentation for statements
    |
    = help: use `/* */` for a plain comment

warning: unused doc comment
   --> neo-core\tests\witness_validation_refinement_tests.rs:274:5
    |
274 | /     /**
275 | |      * Validates multisig_impossible_threshold_check lemma
276 | |      * Should reject scenarios where required > available keys
277 | |      */
    | |_______^
278 |       
279 | /     let priv_keys = vec![
280 | |         Secp256r1Crypto::generate_private_key(),
281 | |         Secp256r1Crypto::generate_private_key(),
282 | |     ];
    | |______- rustdoc does not generate documentation for statements
    |
    = help: use `/* */` for a plain comment

warning: unused doc comment
   --> neo-core\tests\witness_validation_refinement_tests.rs:309:5
    |
309 | /     /**
310 | |      * Validates multisig_provided_sufficient invariant
311 | |      * Verification fails when provided signatures < required threshold
312 | |      */
    | |_______^
313 |       
314 |       let priv1 = Secp256r1Crypto::generate_private_key();
    |       ---------------------------------------------------- rustdoc does not generate documentation for statements
    |
    = help: use `/* */` for a plain comment

warning: unused doc comment
   --> neo-core\tests\witness_validation_refinement_tests.rs:355:5
    |
355 | /     /**
356 | |      * Edge case validation for empty verification script
357 | |      * Tests script_hash_size_correct with minimum-length input
358 | |      */
    | |_______^
359 |       
360 |       let empty_script: Vec<u8> = vec![];
    |       ----------------------------------- rustdoc does not generate documentation for statements
    |
    = help: use `/* */` for a plain comment

warning: unused doc comment
   --> neo-core\tests\witness_validation_refinement_tests.rs:375:5
    |
375 | /     /**
376 | |      * Validates 64-byte ECDSA signature structure requirements
377 | |      * Ensures r||s components are properly encoded
378 | |      */
    | |_______^
379 |       
380 |       let priv_key = Secp256r1Crypto::generate_private_key();
    |       ------------------------------------------------------- rustdoc does not generate documentation for statements
    |
    = help: use `/* */` for a plain comment

warning: unused doc comment
   --> neo-core\tests\witness_validation_refinement_tests.rs:444:5
    |
444 | /     /**
445 | |      * Validates compressed ECDSA public key prefix constraints
446 | |      * Prefix must be 0x02 (even y-coordinate) or 0x03 (odd y-coordinate)
447 | |      */
    | |_______^
448 |       
449 | /     let valid_even_prefix = vec![0x02]
450 | |         .into_iter()
451 | |         .chain((1..33).map(|_| rand::random()))
452 | |         .collect::<Vec<u8>>();
    | |______________________________- rustdoc does not generate documentation for statements
    |
    = help: use `/* */` for a plain comment

warning: unused doc comment
   --> neo-core\tests\witness_validation_refinement_tests.rs:506:5
    |
506 | /     /**
507 | |      * Validates invocation script follows PUSHDATA1 encoding scheme
508 | |      * Format: opcode (1) + length (1) + signature/args (variable)
509 | |      */
    | |_______^
...
512 | /     let valid_format = vec![0x21, 0x40, 0x01]
513 | |         .into_iter()
514 | |         .cycle()
515 | |         .take(66)
516 | |         .collect::<Vec<u8>>(); // Not actual signature but valid format
    | |______________________________- rustdoc does not generate documentation for statements
    |
    = help: use `/* */` for a plain comment

warning: unused doc comment
   --> neo-core\tests\witness_validation_refinement_tests.rs:537:5
    |
537 | /     /**
538 | |      * Validates ECDSA signature correctness against proper public key
539 | |      * Tests signature_verification_valid lemma concretely
540 | |      */
    | |_______^
541 |       
542 |       let private_key = Secp256r1Crypto::generate_private_key();
    |       ---------------------------------------------------------- rustdoc does not generate documentation for statements
    |
    = help: use `/* */` for a plain comment

warning: unused doc comment
   --> neo-core\tests\witness_validation_refinement_tests.rs:565:5
    |
565 | /     /**
566 | |      * Complete end-to-end validation of multi-sig verification flow
567 | |      * Tests full witness.verify_multi_signature() implementation
568 | |      */
    | |_______^
569 |       
570 |       let priv1 = Secp256r1Crypto::generate_private_key();
    |       ---------------------------------------------------- rustdoc does not generate documentation for statements
    |
    = help: use `/* */` for a plain comment

warning: unused doc comment
   --> neo-core\tests\witness_validation_refinement_tests.rs:612:5
    |
612 | /     /**
613 | |      * Validates that script hash depends only on verification script
614 | |      * Changing invocation script should NOT affect script hash
615 | |      */
    | |_______^
616 |       
617 |       let verification = vec![0x05; 50];
    |       ---------------------------------- rustdoc does not generate documentation for statements
    |
    = help: use `/* */` for a plain comment

warning: unused doc comment
   --> neo-core\tests\witness_validation_refinement_tests.rs:638:5
    |
638 | /     /**
639 | |      * Validates all empty witness constructors produce equivalent instances
640 | |      * new(), empty(), new_with_scripts(vec![], vec![])
641 | |      */
    | |_______^
642 |       
643 |       let w1 = Witness::new();
    |       ------------------------ rustdoc does not generate documentation for statements
    |
    = help: use `/* */` for a plain comment

warning: unused variable: `witness`
   --> neo-core\tests\witness_validation_refinement_tests.rs:180:9
    |
180 |     let witness = Witness::new_with_scripts(vec![], verification_script.clone());
    |         ^^^^^^^ help: if this is intentional, prefix it with an underscore: `_witness`
    |
    = note: `#[warn(unused_variables)]` (part of `#[warn(unused)]`) on by default

warning: unused variable: `verification_script`
   --> neo-core\tests\witness_validation_refinement_tests.rs:261:9
    |
261 |     let verification_script = Helper::multi_sig_redeem_script(m, &pub_keys);
    |         ^^^^^^^^^^^^^^^^^^^ help: if this is intentional, prefix it with an underscore: `_verification_script`

warning: `neo-core` (test "witness_validation_refinement_tests") generated 19 warnings (run `cargo fix --test "witness_validation_refinement_tests" -p neo-core` to apply 2 suggestions)
warning: duplicated attribute
   --> neo-core\tests\smart_contract_validation_refinement_tests.rs:280:1
    |
280 | #[test]
    | ^^^^^^^
    |
    = note: `#[warn(duplicate_macro_attributes)]` on by default

warning: unused import: `neo_core::error::CoreError`
   --> neo-core\tests\smart_contract_validation_refinement_tests.rs:224:9
    |
224 |     use neo_core::error::CoreError;
    |         ^^^^^^^^^^^^^^^^^^^^^^^^^^
    |
    = note: `#[warn(unused_imports)]` (part of `#[warn(unused)]`) on by default

warning: unused variable: `contract`
   --> neo-core\tests\smart_contract_validation_refinement_tests.rs:113:9
    |
113 |     let contract = Contract::create_with_hash(UInt160::default(), vec![]);
    |         ^^^^^^^^ help: if this is intentional, prefix it with an underscore: `_contract`
    |
    = note: `#[warn(unused_variables)]` (part of `#[warn(unused)]`) on by default

warning: unused variable: `result`
   --> neo-core\tests\smart_contract_validation_refinement_tests.rs:263:9
    |
263 |     let result = Contract::try_create_multi_sig_redeem_script(1, &keys);
    |         ^^^^^^ help: if this is intentional, prefix it with an underscore: `_result`

warning: unused variable: `hash`
   --> neo-core\tests\smart_contract_validation_refinement_tests.rs:344:9
    |
344 |     let hash = contract.script_hash();
    |         ^^^^ help: if this is intentional, prefix it with an underscore: `_hash`

warning: `neo-core` (test "smart_contract_validation_refinement_tests") generated 5 warnings (run `cargo fix --test "smart_contract_validation_refinement_tests" -p neo-core` to apply 4 suggestions)
warning: unused doc comment
  --> neo-core\tests\multisig_validation_refinement_tests.rs:59:5
   |
59 | /     /**
60 | |      * Validates threshold_correctness theorem when m=n
61 | |      * Property: Exactly n signatures needed when m=n
62 | |      */
   | |_______^
63 |       let message = b"test-1-of-1";
   |       ----------------------------- rustdoc does not generate documentation for statements
   |
   = help: use `/* */` for a plain comment
   = note: `#[warn(unused_doc_comments)]` (part of `#[warn(unused)]`) on by default

warning: unused doc comment
  --> neo-core\tests\multisig_validation_refinement_tests.rs:76:5
   |
76 | /     /**
77 | |      * Validates threshold_correctness theorem for common 2-of-3 pattern
78 | |      * Property: Only 2 signatures required out of 3 available
79 | |      */
   | |_______^
80 |       let message = b"test-2-of-3";
   |       ----------------------------- rustdoc does not generate documentation for statements
   |
   = help: use `/* */` for a plain comment

warning: unused doc comment
  --> neo-core\tests\multisig_validation_refinement_tests.rs:93:5
   |
93 | /     /**
94 | |      * Validates threshold_correctness for Neo committee-sized multisig
95 | |      * Real-world scale test: production configuration
96 | |      */
   | |_______^
97 |       let message = b"test-15-of-21";
   |       ------------------------------- rustdoc does not generate documentation for statements
   |
   = help: use `/* */` for a plain comment

warning: unused doc comment
   --> neo-core\tests\multisig_validation_refinement_tests.rs:110:5
    |
110 | /     /**
111 | |      * Validates under_sig_rejection theorem
112 | |      * Property: Fewer than m signatures leads to failure
113 | |      */
    | |_______^
114 |       let message = b"test-rejection";
    |       -------------------------------- rustdoc does not generate documentation for statements
    |
    = help: use `/* */` for a plain comment

warning: unused doc comment
   --> neo-core\tests\multisig_validation_refinement_tests.rs:130:5
    |
130 | /     /**
131 | |      * Edge case: zero signatures with m > 0
132 | |      * Should definitely fail
133 | |      */
    | |_______^
134 |       let message = b"test-no-sigs";
    |       ------------------------------ rustdoc does not generate documentation for statements
    |
    = help: use `/* */` for a plain comment

warning: unused doc comment
   --> neo-core\tests\multisig_validation_refinement_tests.rs:147:5
    |
147 | /     /**
148 | |      * Validates boundary: m=0 rejected per line 202
149 | |      * Zero required signatures violates threshold semantics
150 | |      */
    | |_______^
151 |       let witness = Witness::new();
    |       ----------------------------- rustdoc does not generate documentation for statements
    |
    = help: use `/* */` for a plain comment

warning: unused doc comment
   --> neo-core\tests\multisig_validation_refinement_tests.rs:161:5
    |
161 | /     /**
162 | |      * Validates boundary: m > n rejected per line 204
163 | |      * Cannot require more signatures than available keys
164 | |      */
    | |_______^
165 |       let (_, signatures, _) = create_valid_multisig(2, 2, b"test");
    |       -------------------------------------------------------------- rustdoc does not generate documentation for statements
    |
    = help: use `/* */` for a plain comment

warning: unused doc comment
   --> neo-core\tests\multisig_validation_refinement_tests.rs:177:5
    |
177 | /     /**
178 | |      * Validates line 205: signatures.len() must equal required_signatures
179 | |      * Excess signatures cause failure
180 | |      */
    | |_______^
181 |       let (public_keys, signatures, account) = create_valid_multisig(3, 3, b"test");
    |       ------------------------------------------------------------------------------ rustdoc does not generate documentation for statements
    |
    = help: use `/* */` for a plain comment

warning: unused doc comment
   --> neo-core\tests\multisig_validation_refinement_tests.rs:197:5
    |
197 | /     /**
198 | |      * Validates signature length requirement (64 bytes) per lines 228-235
199 | |      */
    | |_______^
200 |       let bad_signature = vec![0u8; 32];  // Too short
    |       ---------------------------------- rustdoc does not generate documentation for statements
    |
    = help: use `/* */` for a plain comment

warning: unused doc comment
   --> neo-core\tests\multisig_validation_refinement_tests.rs:212:5
    |
212 | /     /**
213 | |      * Validates duplicate_prevention_enforced axiom
214 | |      * Duplicate public keys break account binding
215 | |      */
    | |_______^
216 |       let (_pubkeys, sigs, _acc) = create_valid_multisig(2, 2, b"test");
    |       ------------------------------------------------------------------ rustdoc does not generate documentation for statements
    |
    = help: use `/* */` for a plain comment

warning: unused doc comment
   --> neo-core\tests\multisig_validation_refinement_tests.rs:231:5
    |
231 | /     /**
232 | |      * Validates public_key_sorting property
233 | |      * Keys sorted before verification ensures deterministic assignment
234 | |      */
    | |_______^
235 |       let message = b"sort-test";
    |       --------------------------- rustdoc does not generate documentation for statements
    |
    = help: use `/* */` for a plain comment

warning: unused doc comment
   --> neo-core\tests\multisig_validation_refinement_tests.rs:244:5
    |
244 | /     /**
245 | |      * Validates account_binding theorem
246 | |      * Account parameter must match multisig script hash
247 | |      */
    | |_______^
248 |       let message = b"binding-test";
    |       ------------------------------ rustdoc does not generate documentation for statements
    |
    = help: use `/* */` for a plain comment

warning: unused doc comment
   --> neo-core\tests\multisig_validation_refinement_tests.rs:267:5
    |
267 | /     /**
268 | |      * Validates account binding mismatch detection
269 | |      */
    | |_______^
270 |       let message = b"wrong-acct";
    |       ---------------------------- rustdoc does not generate documentation for statements
    |
    = help: use `/* */` for a plain comment

warning: unused doc comment
   --> neo-core\tests\multisig_validation_refinement_tests.rs:287:5
    |
287 | /     /**
288 | |      * Summary validation confirming ALL Coq theorem coverage:
289 | |      * 
290 | |      * 1. ✓ threshold_correctness - Tested by test_threshold_*
...   |
297 | |      * Total: 12 tests covering all 6 major properties
298 | |      */
    | |_______^
...
301 |       let ctx1 = create_valid_multisig(1, 1, b"a");
    |       --------------------------------------------- rustdoc does not generate documentation for statements
    |
    = help: use `/* */` for a plain comment

warning: `neo-core` (test "multisig_validation_refinement_tests") generated 14 warnings
warning: unused variable: `header_template`
   --> neo-core\tests\block_validation_roundtrip_refinement_tests.rs:416:9
    |
416 |     let header_template = BlockHeader::new(
    |         ^^^^^^^^^^^^^^^ help: if this is intentional, prefix it with an underscore: `_header_template`
    |
    = note: `#[warn(unused_variables)]` (part of `#[warn(unused)]`) on by default

warning: `neo-core` (test "block_validation_roundtrip_refinement_tests") generated 1 warning (run `cargo fix --test "block_validation_roundtrip_refinement_tests" -p neo-core` to apply 1 suggestion)
warning: comparison is useless due to type limits
   --> neo-core\tests\block_validation_refinement_tests.rs:199:13
    |
199 |     assert!(genesis_block.header.primary_index <= 255,
    |             ^^^^^^^^^^^^^^^^^^^^^^^^^^^^^^^^^^^^^^^^^
    |
    = note: `#[warn(unused_comparisons)]` on by default

warning: `neo-core` (test "block_validation_refinement_tests") generated 1 warning
warning: `neo-core` (lib test) generated 25 warnings (25 duplicates)
warning: variable `added_count` is assigned to, but never used
   --> neo-core\tests\mempool_validation_refinement_tests.rs:263:9
    |
263 |     let mut added_count = 0;
    |         ^^^^^^^^^^^^^^^
    |
    = note: consider using `_added_count` instead
    = note: `#[warn(unused_variables)]` (part of `#[warn(unused)]`) on by default

warning: value assigned to `added_count` is never read
   --> neo-core\tests\mempool_validation_refinement_tests.rs:270:13
    |
270 |             added_count += 1;
    |             ^^^^^^^^^^^^^^^^
    |
    = help: maybe it is overwritten before being read?
    = note: `#[warn(unused_assignments)]` (part of `#[warn(unused)]`) on by default

warning: variable does not need to be mutable
   --> neo-core\tests\mempool_validation_refinement_tests.rs:420:9
    |
420 |     let mut pool = MemoryPool::new(&settings);
    |         ----^^^^
    |         |
    |         help: remove this `mut`
    |
    = note: `#[warn(unused_mut)]` (part of `#[warn(unused)]`) on by default

warning: unused variable: `snapshot`
   --> neo-core\tests\mempool_validation_refinement_tests.rs:425:9
    |
425 |     let snapshot = funded_snapshot();
    |         ^^^^^^^^ help: if this is intentional, prefix it with an underscore: `_snapshot`

warning: `neo-core` (test "mempool_validation_refinement_tests") generated 4 warnings (run `cargo fix --test "mempool_validation_refinement_tests" -p neo-core` to apply 2 suggestions)
warning: unexpected `cfg` condition value: `proptest`
   --> neo-core\tests\witness_script_hash_refinement_tests.rs:369:7
    |
369 | #[cfg(feature = "proptest")]
    |       ^^^^^^^^^^^^^^^^^^^^
    |
    = note: expected values for `feature` are: `default`, `full`, `monitoring`, `neofs-grpc`, `oracle`, `parallel`, `performance-tests`, `pooled-engine`, `prefetch`, `rocksdb`, `runtime`, and `upnp`
    = help: consider adding `proptest` as a feature in `Cargo.toml`
    = note: see <https://doc.rust-lang.org/nightly/rustc/check-cfg/cargo-specifics.html> for more information about checking conditional configuration
    = note: `#[warn(unexpected_cfgs)]` on by default

warning: function `hash_length_matches_coq_UINT160_SIZE_constant` should have a snake case name
  --> neo-core\tests\witness_script_hash_refinement_tests.rs:68:4
   |
68 | fn hash_length_matches_coq_UINT160_SIZE_constant() {
   |    ^^^^^^^^^^^^^^^^^^^^^^^^^^^^^^^^^^^^^^^^^^^^^ help: convert the identifier to snake case: `hash_length_matches_coq_uint160_size_constant`
   |
   = note: `#[warn(non_snake_case)]` (part of `#[warn(nonstandard_style)]`) on by default

warning: comparison is useless due to type limits
   --> neo-core\tests\witness_script_hash_refinement_tests.rs:246:17
    |
246 |         assert!(byte_value <= 255);
    |                 ^^^^^^^^^^^^^^^^^
    |
    = note: `#[warn(unused_comparisons)]` on by default

warning: comparison is useless due to type limits
   --> neo-core\tests\witness_script_hash_refinement_tests.rs:263:17
    |
263 |         assert!(byte_value <= 255);
    |                 ^^^^^^^^^^^^^^^^^

warning: `neo-core` (test "witness_script_hash_refinement_tests") generated 4 warnings
warning: unused doc comment
  --> neo-core\tests\multisig_depth_refinement_tests.rs:74:5
   |
74 | /     /**
75 | |      * Tests public_key_sorting_lemma theorem
76 | |      * Verifies: Keys sorted before verification ensures deterministic mapping
77 | |      */
   | |_______^
78 |       let message = b"sort-determinism";
   |       ---------------------------------- rustdoc does not generate documentation for statements
   |
   = help: use `/* */` for a plain comment
   = note: `#[warn(unused_doc_comments)]` (part of `#[warn(unused)]`) on by default

warning: unused doc comment
  --> neo-core\tests\multisig_depth_refinement_tests.rs:94:5
   |
94 | /     /**
95 | |      * Validates that Rust implementation sorts input keys
96 | |      * Original order doesn't matter after internal sorting
97 | |      */
   | |_______^
98 |       let message = b"unsorted-input";
   |       -------------------------------- rustdoc does not generate documentation for statements
   |
   = help: use `/* */` for a plain comment

warning: unused doc comment
   --> neo-core\tests\multisig_depth_refinement_tests.rs:123:5
    |
123 | /     /**
124 | |      * Verifies: Same inputs always produce same sorted order
125 | |      * Ensures reproducible verification across runs
126 | |      */
    | |_______^
127 |       let message = b"sort-stability";
    |       -------------------------------- rustdoc does not generate documentation for statements
    |
    = help: use `/* */` for a plain comment

warning: unused doc comment
   --> neo-core\tests\multisig_depth_refinement_tests.rs:143:5
    |
143 | /     /**
144 | |      * Validates that sorting doesn't alter key bytes
145 | |      * Only reorders, doesn't mutate content
146 | |      */
    | |_______^
147 |       let message = b"integrity-check";
    |       --------------------------------- rustdoc does not generate documentation for statements
    |
    = help: use `/* */` for a plain comment

warning: unused doc comment
   --> neo-core\tests\multisig_depth_refinement_tests.rs:164:5
    |
164 | /     /**
165 | |      * Tests duplicate_key_rejection theorem
166 | |      * Identical public keys must cause validation failure
167 | |      */
    | |_______^
168 |       let (_, signatures, _account, pairs) = create_complete_multisig(2, 2, b"duplicate-exact");
    |       ------------------------------------------------------------------------------------------ rustdoc does not generate documentation for statements
    |
    = help: use `/* */` for a plain comment

warning: unused doc comment
   --> neo-core\tests\multisig_depth_refinement_tests.rs:183:5
    |
183 | /     /**
184 | |      * Duplicates anywhere in array should fail regardless of position
185 | |      */
    | |_______^
186 |       let (public_keys, signatures, account, pairs) = create_complete_multisig(3, 3, b"duplicate-pos");
    |       ------------------------------------------------------------------------------------------------- rustdoc does not generate documentation for statements
    |
    = help: use `/* */` for a plain comment

warning: unused doc comment
   --> neo-core\tests\multisig_depth_refinement_tests.rs:209:5
    |
209 | /     /**
210 | |      * Validates: Duplicate keys break script hash computation
211 | |      * Account binding becomes ambiguous
212 | |      */
    | |_______^
213 |       let (valid_keys, signatures, valid_account, pairs) = create_complete_multisig(2, 2, b"dup-binding");
    |       ---------------------------------------------------------------------------------------------------- rustdoc does not generate documentation for statements
    |
    = help: use `/* */` for a plain comment

warning: unused doc comment
   --> neo-core\tests\multisig_depth_refinement_tests.rs:229:5
    |
229 | /     /**
230 | |      * Edge case: Three identical keys in 3-of-3 scheme
231 | |      * Amplified duplicate detection challenge
232 | |      */
    | |_______^
233 |       let (_, signatures, _account, pairs) = create_complete_multisig(1, 1, b"three-way-dup");
    |       ---------------------------------------------------------------------------------------- rustdoc does not generate documentation for statements
    |
    = help: use `/* */` for a plain comment

warning: unused doc comment
   --> neo-core\tests\multisig_depth_refinement_tests.rs:255:5
    |
255 | /     /**
256 | |      * Tests insufficient_sig_handling theorem
257 | |      * Zero signatures when m > 0 must always fail
258 | |      */
    | |_______^
259 |       let (public_keys, _sigs, account, _pairs) = create_complete_multisig(2, 3, b"zero-sig");
    |       ---------------------------------------------------------------------------------------- rustdoc does not generate documentation for statements
    |
    = help: use `/* */` for a plain comment

warning: unused doc comment
   --> neo-core\tests\multisig_depth_refinement_tests.rs:271:5
    |
271 | /     /**
272 | |      * Any count below m fails regardless of validity
273 | |      */
    | |_______^
274 |       let (public_keys, signatures, account, _pairs) = create_complete_multisig(3, 4, b"one-short");
    |       ---------------------------------------------------------------------------------------------- rustdoc does not generate documentation for statements
    |
    = help: use `/* */` for a plain comment

warning: unused doc comment
   --> neo-core\tests\multisig_depth_refinement_tests.rs:289:5
    |
289 | /     /**
290 | |      * Even significantly below threshold fails
291 | |      */
    | |_______^
292 |       let (public_keys, signatures, account, _pairs) = create_complete_multisig(10, 15, b"half-below");
    |       ------------------------------------------------------------------------------------------------- rustdoc does not generate documentation for statements
    |
    = help: use `/* */` for a plain comment

warning: unused doc comment
   --> neo-core\tests\multisig_depth_refinement_tests.rs:307:5
    |
307 | /     /**
308 | |      * Boundary: m value validation at extreme ranges
309 | |      * Though not directly "negative", validates bounds checking
310 | |      */
    | |_______^
311 |       let witness = Witness::new();
    |       ----------------------------- rustdoc does not generate documentation for statements
    |
    = help: use `/* */` for a plain comment

warning: unused doc comment
   --> neo-core\tests\multisig_depth_refinement_tests.rs:336:5
    |
336 | /     /**
337 | |      * Tests partial_failure_localization theorem
338 | |      * One invalid sig doesn't prevent counting valid ones, but overall fails
339 | |      */
    | |_______^
340 |       let message = b"mixed-one-invalid";
    |       ----------------------------------- rustdoc does not generate documentation for statements
    |
    = help: use `/* */` for a plain comment

warning: unused doc comment
   --> neo-core\tests\multisig_depth_refinement_tests.rs:357:5
    |
357 | /     /**
358 | |      * Majority invalid scenario
359 | |      */
    | |_______^
360 |       let message = b"mixed-majority";
    |       -------------------------------- rustdoc does not generate documentation for statements
    |
    = help: use `/* */` for a plain comment

warning: unused doc comment
   --> neo-core\tests\multisig_depth_refinement_tests.rs:378:5
    |
378 | /     /**
379 | |      * All but last signature valid
380 | |      */
    | |_______^
381 |       let message = b"mixed-last-fail";
    |       --------------------------------- rustdoc does not generate documentation for statements
    |
    = help: use `/* */` for a plain comment

warning: unused doc comment
   --> neo-core\tests\multisig_depth_refinement_tests.rs:398:5
    |
398 | /     /**
399 | |      * Validates: Valid signatures don't "count" if total < m
400 | |      */
    | |_______^
401 |       let message = b"partial-no-count";
    |       ---------------------------------- rustdoc does not generate documentation for statements
    |
    = help: use `/* */` for a plain comment

warning: unused doc comment
   --> neo-core\tests\multisig_depth_refinement_tests.rs:417:5
    |
417 | /     /**
418 | |      * Each signature validated independently
419 | |      * One bad sig doesn't affect others' verification
420 | |      */
    | |_______^
421 |       let message = b"independent-check";
    |       ----------------------------------- rustdoc does not generate documentation for statements
    |
    = help: use `/* */` for a plain comment

warning: unused doc comment
   --> neo-core\tests\multisig_depth_refinement_tests.rs:442:5
    |
442 | /     /**
443 | |      * Real-world enterprise committee scenario
444 | |      * Tests scale and performance characteristics
445 | |      */
    | |_______^
446 |       let message = b"enterprise-10of20";
    |       ----------------------------------- rustdoc does not generate documentation for statements
    |
    = help: use `/* */` for a plain comment

warning: unused doc comment
   --> neo-core\tests\multisig_depth_refinement_tests.rs:459:5
    |
459 | /     /**
460 | |      * Neo N3 committee-scale configuration
461 | |      */
    | |_______^
462 |       let message = b"neo-committee-15of21";
    |       -------------------------------------- rustdoc does not generate documentation for statements
    |
    = help: use `/* */` for a plain comment

warning: unused doc comment
   --> neo-core\tests\multisig_depth_refinement_tests.rs:475:5
    |
475 | /     /**
476 | |      * Very large organizational governance model
477 | |      */
    | |_______^
478 |       let message = b"large-org-20of30";
    |       ---------------------------------- rustdoc does not generate documentation for statements
    |
    = help: use `/* */` for a plain comment

warning: unused doc comment
   --> neo-core\tests\multisig_depth_refinement_tests.rs:491:5
    |
491 | /     /**
492 | |      * Odd ratio asymmetric configuration
493 | |      */
    | |_______^
494 |       let message = b"asymmetric-11of17";
    |       ----------------------------------- rustdoc does not generate documentation for statements
    |
    = help: use `/* */` for a plain comment

warning: unused doc comment
   --> neo-core\tests\multisig_depth_refinement_tests.rs:507:5
    |
507 | /     /**
508 | |      * High percentage requirement (90%+)
509 | |      */
    | |_______^
510 |       let message = b"strict-90pct";
    |       ------------------------------ rustdoc does not generate documentation for statements
    |
    = help: use `/* */` for a plain comment

warning: unused doc comment
   --> neo-core\tests\multisig_depth_refinement_tests.rs:527:5
    |
527 | /     /**
528 | |      * Unsorted input combined with insufficient signatures
529 | |      * Multiple failure modes can coexist
530 | |      */
    | |_______^
531 |       let message = b"composite-fail";
    |       -------------------------------- rustdoc does not generate documentation for statements
    |
    = help: use `/* */` for a plain comment

warning: unused doc comment
   --> neo-core\tests\multisig_depth_refinement_tests.rs:549:5
    |
549 | /     /**
550 | |      * Duplicate keys with insufficient signatures
551 | |      */
    | |_______^
552 |       let (_, signatures, _account, pairs) = create_complete_multisig(2, 2, b"dup-partial");
    |       -------------------------------------------------------------------------------------- rustdoc does not generate documentation for statements
    |
    = help: use `/* */` for a plain comment

warning: unused doc comment
   --> neo-core\tests\multisig_depth_refinement_tests.rs:567:5
    |
567 | /     /**
568 | |      * Summary validation confirming ALL depth properties covered:
569 | |      * 
570 | |      * 1. ✓ public_key_sorting_lemma - tested by sort_* tests (4 tests)
...   |
577 | |      * Total: 24 tests covering ALL depth validation properties
578 | |      */
    | |_______^
...
581 |       let ctx_small = create_complete_multisig(1, 1, b"a");
    |       ----------------------------------------------------- rustdoc does not generate documentation for statements
    |
    = help: use `/* */` for a plain comment

warning: unused variable: `keys`
   --> neo-core\tests\multisig_depth_refinement_tests.rs:131:18
    |
131 |             let (keys, sigs, acc, _) = create_complete_multisig(2, 3, msg.as_bytes());
    |                  ^^^^ help: if this is intentional, prefix it with an underscore: `_keys`
    |
    = note: `#[warn(unused_variables)]` (part of `#[warn(unused)]`) on by default

warning: unused variable: `sigs`
   --> neo-core\tests\multisig_depth_refinement_tests.rs:131:24
    |
131 |             let (keys, sigs, acc, _) = create_complete_multisig(2, 3, msg.as_bytes());
    |                        ^^^^ help: if this is intentional, prefix it with an underscore: `_sigs`

warning: unused variable: `public_keys`
   --> neo-core\tests\multisig_depth_refinement_tests.rs:186:10
    |
186 |     let (public_keys, signatures, account, pairs) = create_complete_multisig(3, 3, b"duplicate-pos");
    |          ^^^^^^^^^^^ help: if this is intentional, prefix it with an underscore: `_public_keys`

warning: unused variable: `account`
   --> neo-core\tests\multisig_depth_refinement_tests.rs:186:35
    |
186 |     let (public_keys, signatures, account, pairs) = create_complete_multisig(3, 3, b"duplicate-pos");
    |                                   ^^^^^^^ help: if this is intentional, prefix it with an underscore: `_account`

warning: unused variable: `valid_keys`
   --> neo-core\tests\multisig_depth_refinement_tests.rs:213:10
    |
213 |     let (valid_keys, signatures, valid_account, pairs) = create_complete_multisig(2, 2, b"dup-binding");
    |          ^^^^^^^^^^ help: if this is intentional, prefix it with an underscore: `_valid_keys`

warning: unused variable: `pairs`
   --> neo-core\tests\multisig_depth_refinement_tests.rs:341:44
    |
341 |     let (public_keys, signatures, account, pairs) = create_complete_multisig(2, 3, message);
    |                                            ^^^^^ help: if this is intentional, prefix it with an underscore: `_pairs`

warning: unused variable: `pairs`
   --> neo-core\tests\multisig_depth_refinement_tests.rs:361:44
    |
361 |     let (public_keys, signatures, account, pairs) = create_complete_multisig(3, 4, message);
    |                                            ^^^^^ help: if this is intentional, prefix it with an underscore: `_pairs`

warning: unused variable: `pairs`
   --> neo-core\tests\multisig_depth_refinement_tests.rs:382:44
    |
382 |     let (public_keys, signatures, account, pairs) = create_complete_multisig(3, 4, message);
    |                                            ^^^^^ help: if this is intentional, prefix it with an underscore: `_pairs`

warning: unused variable: `pairs`
   --> neo-core\tests\multisig_depth_refinement_tests.rs:402:44
    |
402 |     let (public_keys, signatures, account, pairs) = create_complete_multisig(3, 4, message);
    |                                            ^^^^^ help: if this is intentional, prefix it with an underscore: `_pairs`

warning: unused variable: `pairs`
   --> neo-core\tests\multisig_depth_refinement_tests.rs:422:44
    |
422 |     let (public_keys, signatures, account, pairs) = create_complete_multisig(3, 3, message);
    |                                            ^^^^^ help: if this is intentional, prefix it with an underscore: `_pairs`

warning: `neo-core` (test "multisig_depth_refinement_tests") generated 35 warnings (run `cargo fix --test "multisig_depth_refinement_tests" -p neo-core` to apply 10 suggestions)
warning: function `load_vectors_from_json` is never used
  --> neo-core\tests\protocol_compliance\test_vectors\block_validation.rs:73:8
   |
73 | pub fn load_vectors_from_json(json_str: &str) -> Vec<BlockValidationVector> {
   |        ^^^^^^^^^^^^^^^^^^^^^^
   |
   = note: `#[warn(dead_code)]` (part of `#[warn(unused)]`) on by default

warning: `neo-core` (test "protocol_compliance_tests") generated 1 warning
   Compiling neo-p2p v0.17.0 (D:\Git\neo-rs\neo-p2p)
warning: `neo-io` (lib test) generated 3 warnings (3 duplicates)
    Finished `test` profile [optimized + debuginfo] target(s) in 1.05s
     Running unittests src\lib.rs (target\debug\deps\neo_config-43e788c36957c11b.exe)

running 14 tests
test genesis::tests::test_invalid_genesis ... ok
test genesis::tests::test_mainnet_genesis ... ok
test genesis::tests::test_private_genesis ... ok
test network::tests::test_network_magic ... ok
test network::tests::test_effective_values ... ok
test network::tests::test_network_from_str ... ok
test protocol::tests::test_committee_count ... ok
test protocol::tests::test_hardfork_enabled ... ok
test protocol::tests::test_mainnet_settings ... ok
test genesis::tests::test_testnet_genesis ... ok
test settings::tests::test_default_settings ... ok
test settings::tests::test_validation ... ok
test settings::tests::test_testnet_settings ... ok
test settings::tests::test_toml_roundtrip ... ok

test result: ok. 14 passed; 0 failed; 0 ignored; 0 measured; 0 filtered out; finished in 0.00s

     Running unittests src\lib.rs (target\debug\deps\neo_consensus-d54d0539784e20a3.exe)

running 114 tests
test change_view_reason::tests::test_change_view_reason_default ... ok
test change_view_reason::tests::test_change_view_reason_from_byte ... ok
test change_view_reason::tests::test_change_view_reason_values ... ok
test change_view_reason::tests::test_change_view_reason_roundtrip ... ok
test context::tests::test_change_timer_and_extend_timer_by_factor ... ok
test context::tests::test_count_failed_threshold ... ok
test context::tests::test_count_failed_empty ... ok
test context::tests::mismatched_prepare_response_hashes_do_not_count_toward_quorum ... ok
test change_view_reason::tests::test_change_view_reason_display ... ok
test context::tests::primary_mismatched_response_without_prepare_request_does_not_count ... ok
test context::tests::prepare_request_and_primary_response_do_not_double_count ... ok
test context::tests::test_count_failed_with_old_messages ... ok
test context::tests::test_has_enough_responses ... ok
test context::tests::test_consensus_context_new ... ok
test context::tests::test_count_committed ... ok
test context::tests::test_extend_timer_does_not_change_view_changing_or_commit_timer ... ok
test context::tests::test_message_cache_cleared_on_new_block ... ok
test context::tests::test_f_and_m_calculations ... ok
test context::tests::test_message_cache_prevents_replay ... ok
test context::tests::test_load_nonexistent_file ... ok
test context::tests::test_message_cache_not_cleared_on_view_change ... ok
test context::tests::test_more_than_f_nodes_committed_or_lost ... ok
test context::tests::test_message_hash_caching ... ok
test context::tests::test_more_than_f_nodes_edge_case ... ok
test context::tests::test_more_than_f_nodes_with_failed ... ok
test context::tests::test_not_accepting_payloads_due_to_view_changing ... ok
test context::tests::test_load_corrupted_file ... ok
test context::tests::test_primary_index ... ok
test context::tests::test_recovery_response_hash_cache_is_independent ... ok
test context::tests::test_reset_for_new_view ... ok
test context::tests::test_timeout_calculation ... ok
test context::tests::test_update_last_seen_message ... ok
test message_type::tests::test_consensus_message_type_display ... ok
test message_type::tests::test_consensus_message_type_from_byte ... ok
test message_type::tests::test_consensus_message_type_roundtrip ... ok
test message_type::tests::test_consensus_message_type_values ... ok
test messages::change_view::tests::test_change_view_deserialize_too_short ... ok
test messages::change_view::tests::test_change_view_new ... ok
test messages::change_view::tests::test_change_view_serialize ... ok
test messages::change_view::tests::test_change_view_serialize_deserialize_roundtrip ... ok
test messages::change_view::tests::test_change_view_validate ... ok
test messages::change_view::tests::test_change_view_wire_format_bytes ... ok
test context::tests::test_message_cache_lru_limit ... ok
test messages::commit::tests::test_commit_new ... ok
test messages::commit::tests::test_commit_serialize ... ok
test context::tests::test_message_cache_duplicate_and_contains_do_not_refresh_lru_order ... ok
test messages::commit::tests::test_commit_validate ... ok
test messages::prepare_request::tests::test_prepare_request_new ... ok
test messages::prepare_request::tests::test_prepare_request_serialize ... ok
test messages::prepare_request::tests::test_prepare_request_validate ... ok
test messages::prepare_request::tests::test_prepare_request_wire_format_bytes ... ok
test messages::prepare_response::tests::test_prepare_response_new ... ok
test messages::prepare_response::tests::test_prepare_response_serialize ... ok
test messages::prepare_response::tests::test_prepare_response_validate ... ok
test messages::recovery::tests::recovery_message_roundtrip_minimal_without_prepare_request ... ok
test messages::recovery::tests::recovery_message_wire_format_bytes_without_prepare_request ... ok
test messages::recovery::tests::recovery_request_serializes_timestamp_only ... ok
test messages::wire_format_tests::consensus_payload_from_message_bytes_rejects_invalid_type ... ok
test messages::wire_format_tests::consensus_payload_from_message_bytes_rejects_short_buffer ... ok
test messages::wire_format_tests::consensus_payload_to_message_bytes_layout ... ok
test context::tests::test_save_and_load_roundtrip ... ok
test context::tests::test_save_empty_state ... ok
test context::tests::test_save_atomic_write ... ok
test service::tests::change_view::view_change_rotates_primary_by_view ... ok
test service::tests::core::invalid_validator_index_rejected ... ok
test service::tests::core::primary_rotation_across_blocks_is_deterministic ... ok
test service::tests::core::test_consensus_service_new ... ok
test service::tests::core::test_consensus_not_validator ... ok
test service::tests::core::test_consensus_start ... ok
test service::tests::change_view::timer_tick_triggers_change_view_broadcast ... ok
test service::tests::core::test_message_cache_cleared_on_new_block ... ok
test service::tests::core::backup_on_transactions_received_is_noop ... ok
test service::tests::core::test_primary_calculation ... ok
test service::tests::change_view::no_view_change_after_commit_sent ... ok
test service::tests::core::test_replay_attack_prevention ... ok
test service::tests::change_view::m_minus_one_change_views_not_enough ... ok
test service::tests::change_view::timeout_view_change_allows_new_prepare_request ... ok
test service::tests::prepare::consensus_merkle_root_matches_core_merkle_tree ... ok
test service::tests::change_view::stale_change_view_only_sends_one_recovery_response ... ok
test service::tests::change_view::change_view_threshold_triggers_view_change ... ok
test service::tests::change_view::recovery_request_when_more_than_f_committed ... ok
test service::tests::prepare::prepare_request_with_wrong_primary_rejected ... ok
test service::tests::core::test_message_deduplication ... ok
test service::tests::prepare::prepare_response_with_future_block_is_ignored ... ok
test service::tests::prepare::multi_round_prepare_requests_rotate_primary ... ok
test service::tests::prepare::prepare_response_with_wrong_block_rejected ... ok
test service::tests::prepare::prepare_response_with_future_view_can_be_reprocessed_after_view_change ... ok
test service::tests::prepare::byzantine_conflicting_prepare_responses_do_not_replace_first ... ok
test service::tests::prepare::prepare_response_rejects_mismatched_hash ... ok
test service::tests::prepare::primary_broadcasts_prepare_request_with_transactions ... ok
test service::tests::prepare::primary_proposal_waits_for_initial_timer_and_is_one_shot ... ok
test service::tests::prepare::prepare_response_duplicate_from_same_validator_rejected ... ok
test service::tests::prepare::primary_prepare_request_timeout_is_explicit_per_view ... ok
test service::tests::recovery::recovery_message_ignores_invalid_prepare_response_signature ... ok
test service::tests::recovery::recovery_response_includes_compact_payloads ... ok
test service::tests::recovery::recovery_message_rejects_duplicate_compact_validators_and_clears_flag ... ok
test service::tests::recovery::recovery_message_ignores_invalid_commit_signature ... ok
test service::tests::recovery::recovery_message_ignores_invalid_prepare_request_signature ... ok
test service::tests::recovery::recovery_request_ignored_by_non_selected_validator ... ok
test service::tests::recovery::recovery_request_broadcasts_recovery_message ... ok
test service::tests::recovery::recovery_message_ignores_prepare_response_with_mismatched_hash ... ok
test service::tests::prepare::prepare_responses_trigger_commit_broadcast ... ok
test service::tests::recovery::recovery_request_responds_when_commit_sent ... ok
test service::tests::recovery::off_view_commit_does_not_block_current_view_commit ... ok
test service::tests::recovery::recovery_message_change_view_triggers_view_change ... ok
test service::tests::recovery::recovery_message_commits_for_other_view_do_not_commit_block ... ok
test service::tests::prepare::consensus_round_emits_block_committed ... ok
test service::tests::recovery::recovery_without_prepare_request_does_not_sign_zero_hash_commit ... ok
test service::tests::prepare::commits_reach_threshold_emit_block_committed ... ok
test service::tests::change_view::view_change_allows_consensus_to_complete ... ok
test service::tests::recovery::recovery_message_with_commits_triggers_block_commit ... ok
test service::tests::persist::persist_completed_starts_consensus_round ... ok
test service::tests::persist::persist_completed_round_emits_block_committed ... ok
test service::tests::persist::persist_completed_multiple_rounds ... ok

test result: ok. 114 passed; 0 failed; 0 ignored; 0 measured; 0 filtered out; finished in 0.04s

     Running tests\change_view_refinement_tests.rs (target\debug\deps\change_view_refinement_tests-ac8f69d08380cc5d.exe)

running 16 tests
test test_all_reason_variants_validate ... ok
test test_coq_integration_constant_values ... ok
test test_reason_bounds_verification ... ok
test test_serialization_length ... ok
test test_deserialize_preserves_validation ... ok
test test_no_view_regression ... ok
test test_serialization_reason_byte_position ... ok
test test_serialization_timestamp_le_bytes ... ok
test test_timeout_reason_validates ... ok
test test_timestamp_boundaries ... ok
test test_validation_enables_view_advancement ... ok
test test_validator_index_boundaries ... ok
test test_view_number_bounds_maximum_safe ... ok
test test_view_number_bounds_minimum ... ok
test test_view_number_bounds_overflow ... ok
test test_view_progression_increment ... ok

test result: ok. 16 passed; 0 failed; 0 ignored; 0 measured; 0 filtered out; finished in 0.00s

     Running tests\commit_message_refinement_tests.rs (target\debug\deps\commit_message_refinement_tests-b33ca40d39b8ac5f.exe)

running 16 tests
test integration::all_refinement_tests_compile_and_run ... ok
test test_all_ones_signature ... ok
test test_coq_refinement_tie_in ... ok
test test_field_isolation_in_validation ... ok
test test_comprehensive_coverage_summary ... ok
test test_serialization_matches_coq_model ... ok
test test_mixed_pattern_signature ... ok
test test_too_long_signature_rejected ... ok
test test_serialization_returns_signature_only ... ok
test test_off_by_one_boundaries ... ok
test test_signature_length_is_exactly_64_bytes ... ok
test test_zero_values_with_valid_length ... ok
test test_serialization_independence_of_other_fields ... ok
test test_too_short_signature_rejected ... ok
test test_validated_commits_are_safe_to_process ... ok
test test_validation_enforces_binary_gatekeeping ... ok

test result: ok. 16 passed; 0 failed; 0 ignored; 0 measured; 0 filtered out; finished in 0.00s

     Running tests\commit_response_refinement_tests.rs (target\debug\deps\commit_response_refinement_tests-88becdd3ebe97a93.exe)

running 23 tests
test test_all_zeros_and_ones_patterns ... ok
test test_commit_message_field_bounds ... ok
test test_ecdsa_signature_format_variations ... ok
test test_first_writer_wins_duplicate_prevention ... ok
test test_multiple_validators_no_conflicts ... ok
test test_first_writer_wins_across_views ... ok
test test_minimum_validator_count ... ok
test test_partial_commit_scenario_without_finality ... ok
test test_off_view_commits_stored_but_not_counted ... ok
test test_validator_signature_length_correct_64_bytes ... ok
test test_full_finality_workflow ... ok
test test_validator_signature_off_by_one_boundaries ... ok
test test_quorum_n_equals_10_large_consensus_group ... ok
test test_validator_signature_too_long_rejected ... ok
test test_single_validator_configuration_edge_case ... ok
test test_summary::commit_response_test_coverage ... ok
test test_validator_signature_too_short_rejected ... ok
test test_quorum_n_equals_4_config_standard_neo ... ok
test test_view_number_matching_for_finality ... ok
test test_quorum_n_equals_7_typical_dft_network ... ok
test test_coq_lemma_M_formula_integration ... ok
test test_quorum_formula_mathematical_accuracy ... ok
test test_coq_lemma_f_bound_verification ... ok

test result: ok. 23 passed; 0 failed; 0 ignored; 0 measured; 0 filtered out; finished in 0.00s

     Running tests\consensus_properties.rs (target\debug\deps\consensus_properties-4f23b8abfd4b4e89.exe)

running 3 tests
test wire_format_length_invariants ... ok
test consensus_payload_round_trip ... ok
test body_is_injective ... ok

test result: ok. 3 passed; 0 failed; 0 ignored; 0 measured; 0 filtered out; finished in 0.00s

     Running tests\consensus_roundtrip_refinement_tests.rs (target\debug\deps\consensus_roundtrip_refinement_tests-12ad390744a5330a.exe)

running 24 tests
test test_concurrent_prepare_responses ... ok
test test_complete_message_flow ... ok
test test_duplicate_message_detection ... ok
test test_maximum_validators_config ... ok
test test_m_votes_guarantee_commitment ... ok
test test_message_pool_identity_prepare_request ... ok
test test_quorum_calculation_different_networks ... ok
test test_message_pool_cleanup ... ok
test test_single_validator_edge_case ... ok
test test_message_pool_identity_prepare_response ... ok
test test_state_machine_transition_enough_prepare_responses ... ok
test test_quorum_with_byzantine_nodes ... ok
test test_recovery_vs_view_change_boundary ... ok
test test_message_pool_identity_commit ... ok
test test_lru_cache_bounds ... ok
test test_state_machine_invalid_transition_no_proposal ... ok
test test_timeout_view_progression ... ok
test test_timing_parameters_stress ... ok
test test_unique_block_at_quorum ... ok
test test_view_change_reason_serialization ... ok
test test_view_change_suppressed_by_commits ... ok
test test_view_change_trigger_timeout ... ok
test test_view_overflow_protection ... ok
test test_state_machine_transition_prepare_request ... ok

test result: ok. 24 passed; 0 failed; 0 ignored; 0 measured; 0 filtered out; finished in 0.00s

     Running tests\prepare_request_refinement_tests.rs (target\debug\deps\prepare_request_refinement_tests-1f2ba4362c151673.exe)

running 22 tests
test test_complex_valid_block ... ok
test test_correct_primary_accepted ... ok
test test_coq_lemma_integration_bounds ... ok
test test_duplicate_detection_multiple_dups ... ok
test test_duplicate_detection_single_dup ... ok
test test_injective_hash_positions ... ok
test test_field_isolation_properties ... ok
test test_half_max_transactions_valid ... ok
test test_nonzero_version_rejected ... ok
test test_serialization_length_computation ... ok
test test_empty_tx_list_valid ... ok
test test_large_unique_set_accepted ... ok
test test_minimal_timestamp_valid ... ok
test test_tx_list_bound_within_max ... ok
test test_no_duplicates_accepted ... ok
test test_validation_safety_property ... ok
test test_serialization_preserves_order ... ok
test test_tx_list_bound_exceeds_max_rejected ... ok
test test_max_view_number_valid ... ok
test test_version_zero_accepted ... ok
test test_single_transaction_valid ... ok
test test_wrong_primary_rejected ... ok

test result: ok. 22 passed; 0 failed; 0 ignored; 0 measured; 0 filtered out; finished in 0.00s

     Running tests\prepare_response_refinement_tests.rs (target\debug\deps\prepare_response_refinement_tests-61d52b3bce937a97.exe)

running 21 tests
test integration::all_refinement_tests_compile_and_run ... ok
test test_all_ones_hash ... ok
test test_comprehensive_coverage_summary ... ok
test test_coq_refinement_tie_in ... ok
test test_different_validators_same_hash ... ok
test test_minimal_valid_fields ... ok
test test_mixed_pattern_hash ... ok
test test_maximal_valid_fields ... ok
test test_serialization_independence_of_metadata ... ok
test test_serialization_matches_coq_model ... ok
test test_too_long_hash_rejected ... ok
test test_hash_length_is_exactly_32_bytes ... ok
test test_validated_responses_are_safe_to_aggregate ... ok
test test_off_by_one_hash_boundaries ... ok
test test_vote_deduplication_by_validator ... ok
test test_serialization_returns_hash_only ... ok
test test_too_short_hash_rejected ... ok
test test_validation_checks_hash_equality ... ok
test test_validation_enforces_binary_gatekeeping ... ok
test test_quorum_threshold_concept ... ok
test test_zero_hash_with_wrong_expected ... ok

test result: ok. 21 passed; 0 failed; 0 ignored; 0 measured; 0 filtered out; finished in 0.00s

     Running tests\viewchange_refinement_tests.rs (target\debug\deps\viewchange_refinement_tests-7c7d4dfa940413ff.exe)

running 29 tests
test test_all_reasons_are_valid_in_protocol ... ok
test test_consecutive_view_changes_strictly_increasing ... ok
test test_all_timeout_reason_variants ... ok
test test_coq_constant_binding_to_rust ... ok
test test_edge_case_zero_values ... ok
test test_multiple_validators_same_view ... ok
test test_last_block_hash_nonzero ... ok
test test_ledger_state_field_existence ... ok
test test_parallel_validator_submissions ... ok
test test_maximum_view_cannot_advance ... ok
test test_min_timestamp_enforced ... ok
test test_full_view_change_lifecycle ... ok
test test_new_view_computation_no_overflow ... ok
test test_unknown_reason_returns_none ... ok
test test_validation_iff_safety_equivalence ... ok
test test_reason_enum_byte_mapping ... ok
test test_validator_index_authentication_constraint ... ok
test test_serialization_length_9_bytes ... ok
test test_timeout_bounds_valid ... ok
test test_validator_index_bounds_maximum ... ok
test test_timestamp_bounds_for_high_views ... ok
test test_validator_index_bounds_minimum ... ok
test test_validation_preserves_safety ... ok
test test_reason_enum_from_byte_roundtrip ... ok
test test_timeout_implies_safety ... ok
test test_view_change_with_high_block_index ... ok
test test_no_view_regression_across_sequence ... ok
test test_view_change_reason_correlation ... ok
test test_view_number_increasing_property ... ok

test result: ok. 29 passed; 0 failed; 0 ignored; 0 measured; 0 filtered out; finished in 0.00s

     Running tests\wire_format_refinement_tests.rs (target\debug\deps\wire_format_refinement_tests-1c8107fe20c11b4c.exe)

running 11 tests
test documentation_coq_rust_mapping ... ok
test test_boundary_maximum_message_size ... ok
test test_all_message_types_use_seven_byte_header ... ok
test test_boundary_minimum_message_size ... ok
test test_consensus_message_framing ... ok
test test_consensus_payload_header_size_is_7_bytes ... ok
test test_serialization_preserves_structure ... ok
test test_wire_length_deterministic_for_equal_bodies ... ok
test test_wire_length_monotone_with_body_size ... ok
test test_wire_format_line_length_invariant ... ok
test proptest_wire_format_properties ... ok

test result: ok. 11 passed; 0 failed; 0 ignored; 0 measured; 0 filtered out; finished in 0.00s

     Running unittests src\lib.rs (target\debug\deps\neo_core-6a2f23fe1228788f.exe)

running 774 tests
test actors::tests::default_mailbox_prioritizes_system_messages ... ok
test application_logs::service::tests::commit_error_disables_service_when_policy_stops_plugin ... ok
test application_logs::service::tests::commit_batch_propagates_snapshot_try_commit_failure ... ok
test actors::tests::actor_selection_returns_ref ... ok
test actors::tests::event_stream_publish_delivers_messages ... ok
test error::tests::test_error_creation ... ok
test actors::tests::actor_of_rejects_duplicate_name ... ok
test constants::tests::test_time_constants ... ok
test constants::tests::test_size_constants ... ok
test constants::tests::test_wire_limit_distinct_from_consensus ... ok
test actors::tests::shutdown_stops_and_waits_for_user_actors ... ok
test error::tests::test_buffer_overflow_error ... ok
test error::tests::test_error_categories ... ok
test application_logs::service::tests::write_log_propagates_snapshot_put_failure ... ok
test error::tests::test_insufficient_gas_error ... ok
test error::tests::test_retryable_errors ... ok
test error::tests::test_from_std_errors ... ok
test error::tests::test_user_vs_system_errors ... ok
test hardfork::tests::test_hardfork_manager ... ok
test hardfork::tests::test_mainnet_hardforks ... ok
test hardfork::tests::test_testnet_hardforks ... ok
test ledger::blockchain::tests::tests::classify_import_block_detects_future_gap ... ok
test ledger::blockchain::tests::tests::classify_import_block_returns_already_seen_for_past_height ... ok
test ledger::blockchain::tests::tests::classify_import_block_returns_next_expected_when_in_sequence ... ok
test ledger::blockchain::tests::tests::inventory_cache_keeps_first_payload_for_duplicate_key ... ok
test ledger::blockchain::tests::tests::inventory_cache_get_does_not_refresh_fifo_order ... ok
test ledger::blockchain::tests::tests::inventory_cache_duplicate_insert_does_not_refresh_fifo_order ... ok
test ledger::blockchain::tests::tests::schedule_idle_only_when_more_pending_without_backlog ... ok
test ledger::genesis::tests::genesis_block_has_correct_index ... ok
test ledger::genesis::tests::genesis_block_has_correct_timestamp ... ok
test ledger::blockchain_application_executed::tests::application_executed_records_vm_state_for_ledger_contract ... ok
test ledger::genesis::tests::genesis_block_has_no_transactions ... ok
test ledger::genesis::tests::genesis_block_has_zero_prev_hash ... ok
test ledger::genesis::tests::mainnet_genesis_hash_matches_csharp ... ok
test ledger::genesis::tests::mainnet_genesis_next_consensus_matches_csharp ... ok
test ledger::header_cache::tests::remove_up_to_discards_lower_indices ... ok
test ledger::ledger_context::tests::detects_future_headers ... ok
test ledger::ledger_context::tests::insert_transaction_caches_valid_hash ... ok
test ledger::ledger_context::tests::insert_transaction_rejects_unserializable_hash_without_zero_cache ... ok
test ledger::memory_pool::tests::arc_transaction_returns_correct_data ... ok
test ledger::header_cache::tests::refuses_to_add_when_full ... ok
test ledger::memory_pool::tests::block_persist_removes_one_same_payer_fee_only_once ... ok
test actors::tests::counter_tell_and_ask ... ok
test ledger::blockchain::tests::tests::actor_persist_failure_clears_state_service_staging_for_retry ... ok
test ledger::memory_pool::tests::can_transaction_fit_in_pool_checks_lowest_fee ... ok
test ledger::memory_pool::tests::capacity_enforces_high_fee_eviction ... ok
test ledger::memory_pool::tests::capacity_exceeded_emits_removed_event ... ok
test ledger::memory_pool::tests::conflict_chain_rejects_lower_fee_replacement ... ok
test ledger::memory_pool::tests::conflict_chain_allows_nonexistent_conflict_replacement ... ok
test ledger::memory_pool::tests::conflict_replacement_emits_conflict_reason ... ok
test ledger::memory_pool::tests::contains_key_tracks_verified_and_unverified ... ok
test ledger::memory_pool::tests::conflict_with_different_sender_is_rejected ... ok
test ledger::memory_pool::tests::invalidate_verified_resets_state_even_when_verified_is_empty ... ok
test ledger::memory_pool::tests::invalidate_all_clears_pool ... ok
test ledger::memory_pool::tests::higher_fee_conflict_replaces_multiple_transactions ... ok
test ledger::blockchain::tests::tests::extensible_payload_requires_whitelisted_sender ... ok
test ledger::memory_pool::tests::iter_unverified_returns_transactions_in_priority_order ... ok
test ledger::memory_pool::tests::iter_verified_returns_transactions_in_priority_order ... ok
test ledger::memory_pool::tests::new_transaction_event_can_cancel ... ok
test ledger::memory_pool::tests::max_transactions_per_sender_allows_conflict_replacement ... ok
test ledger::memory_pool::tests::iterator_returns_verified_and_unverified_transactions ... ok
test ledger::memory_pool::tests::max_transactions_per_sender_limit_is_enforced ... ok
test ledger::memory_pool::tests::reverify_restores_higher_fee_conflict ... ok
test actors::tests::watch_sends_terminated ... ok
test actors::tests::scheduler_repeated_messages_stop_when_handle_is_dropped ... ok
test ledger::memory_pool::tests::reverify_promotes_highest_fee_first ... ok
test ledger::memory_pool::tests::transaction_added_event_is_emitted ... ok
test ledger::memory_pool::tests::reverify_uses_requested_count_when_verified_exceeds_max_per_block ... ok
test ledger::memory_pool::tests::try_add_rejects_duplicate_transactions ... ok
test ledger::memory_pool::tests::try_add_rejects_unhashable_transaction ... ok
test ledger::memory_pool::tests::sorted_verified_transactions_respects_limit_and_order ... ok
test ledger::memory_pool::tests::try_get_returns_unverified_transactions ... ok
test ledger::memory_pool::tests::sorted_verified_transactions_subset_is_consistent ... ok
test ledger::memory_pool::tests::update_pool_for_block_persisted_keeps_conflict_without_shared_signer ... ok
test ledger::memory_pool::tests::verified_transactions_vec_returns_only_verified ... ok
test ledger::pool_item::tests::pool_item_compare_orders_by_fee ... ok
test ledger::pool_item::tests::pool_item_compare_orders_by_hash_descending ... ok
test ledger::memory_pool::tests::update_pool_with_header_backlog_moves_to_unverified ... ok
test ledger::pool_item::tests::pool_item_compare_respects_high_priority ... ok
test ledger::memory_pool::tests::verified_and_unverified_transactions_are_sorted_descending ... ok
test macros::tests::test_impl_ord_by_fields ... ok
test neo_system::actors::tests::transaction_router_handle_delivers_preverify_completed_to_blockchain ... ok
test neo_system::actors::tests::transaction_router_handle_preserves_sender_for_blockchain_replies ... ok
test neo_system::builder::tests::builder_chain_methods ... ok
test neo_system::builder::tests::builder_creates_with_defaults ... ok
test neo_system::converters::tests::convert_header_preserves_fields ... ok
test neo_system::builder::tests::builder_testnet_sets_settings ... ok
test neo_system::converters::tests::convert_witness_roundtrip ... ok
test neo_system::core::tests::convert_ledger_block_transfers_transactions ... ok
test neo_system::core::tests::convert_ledger_header_preserves_fields ... ok
test neo_system::core::tests::hydrate_ledger_from_empty_store_is_noop ... ok
test neo_system::core::tests::hydrate_ledger_restores_height_and_headers ... ok
test ledger::blockchain::tests::tests::extensible_payload_accepts_validator_sender ... ok
test ledger::memory_pool::tests::try_add_handles_multi_conflict_scenarios ... ok
test neo_system::core::tests::typed_service_registry_registers_and_fetches_by_type ... ok
test actors::tests::counter_restart_on_failure ... ok
test neo_system::helpers::tests::to_core_error_preserves_message ... ok
test neo_system::registry::tests::named_service_lookup_works ... ok
test neo_system::registry::tests::typed_service_registry_registers_and_fetches_by_type ... ok
test neo_system::relay::tests::ledger_hydration_window_is_reasonable ... ok
test neo_system::relay::tests::relay_cache_capacity_is_reasonable ... ok
test neo_system::system::tests::readiness_status_unhealthy_default ... ok
test neo_system::system::tests::readiness_status_with_services_updates_health ... ok
test network::p2p::ban_list_tests::ban_list_active_bans_exclude_expired_entries ... ok
test network::p2p::ban_list_tests::ban_list_cleanup_expired_returns_removed_count ... ok
test network::p2p::ban_list_tests::ban_list_reports_active_ban_and_metadata ... ok
test network::p2p::ban_list_tests::ban_list_unban_removes_active_ban ... ok
test network::p2p::connection::tests::connection_stats_default ... ok
test neo_system::core::tests::hydrate_ledger_respects_bounded_window ... ok
test network::p2p::connection::tests::flush_sends_buffered_small_message ... ok
test network::p2p::connection::tests::from_channels_config_applies_frame_config ... ok
test network::p2p::connection::tests::receive_message_preserves_second_frame_from_single_tcp_write ... ok
test network::p2p::connection::tests::send_message_fails_when_connection_inactive ... ok
test network::p2p::connection::tests::stats_updated_after_send ... ok
test network::p2p::framed::tests::frame_config_default_matches_channels_defaults ... ok
test network::p2p::framed::tests::read_frame_decodes_message_from_stream ... ok
test network::p2p::framed::tests::read_frame_preserves_buffered_next_frame ... ok
test network::p2p::framed::tests::read_frame_rejects_partial_frame_eof ... ok
test ledger::blockchain::tests::tests::relay_rejects_on_chain_conflict_with_same_sender ... ok
test actors::tests::scheduler_once_message_can_be_cancelled ... ok
test actors::tests::scheduler_repeated_messages_can_be_cancelled ... ok
test network::p2p::framed::tests::write_all_vectored_with_timeout_finishes_short_writes ... ok
test network::p2p::framed::tests::write_all_vectored_with_timeout_rejects_zero_byte_write ... ok
test network::p2p::framed::tests::write_buffer_basic_operations ... ok
test network::p2p::framed::tests::write_buffer_empty_push ... ok
test network::p2p::framed::tests::write_buffer_remaining_capacity ... ok
test network::p2p::framed::tests::write_buffer_take_clears ... ok
test network::p2p::framed_codec::tests::canonicalizes_large_non_canonical_var_int_prefix ... ok
test network::p2p::framed_codec::tests::canonicalizes_var_int_prefix ... ok
test network::p2p::framed_codec::tests::decodes_complete_frame ... ok
test network::p2p::framed_codec::tests::framed_read_canonicalizes_non_canonical_var_int_prefix ... ok
test network::p2p::framed_codec::tests::framed_read_decodes_complete_frame ... ok
test network::p2p::framed_codec::tests::framed_read_decodes_empty_payload_commands ... ok
test network::p2p::framed_codec::tests::framed_read_decodes_split_header_var_int_and_payload ... ok
test network::p2p::framed_codec::tests::framed_read_preserves_two_frames_from_one_read ... ok
test network::p2p::framed_codec::tests::framed_read_rejects_oversized_payload ... ok
test network::p2p::framed_codec::tests::framed_write_matches_network_message_bytes ... ok
test network::p2p::framed_codec::tests::rejects_oversized_payload ... ok
test network::p2p::framed_codec::tests::waits_for_partial_frame ... ok
test network::p2p::framed_codec::tests::waits_for_partial_payload_after_var_int ... ok
test network::p2p::inbound_rate_limiter_tests::inbound_rate_limiter_allows_initial_burst_then_rejects ... ok
test network::p2p::inbound_rate_limiter_tests::inbound_rate_limiter_zero_capacity_rejects ... ok
test ledger::blockchain::tests::tests::persist_completed_updates_memory_pool_during_fast_sync ... ok
test network::p2p::local_node::actor::tests::stop_background_tasks_cancels_tracked_background_tasks ... ok
test network::p2p::local_node::actor::tests::resolve_seed_endpoints_delegates_to_standard_socket_parser ... ok
test ledger::blockchain::tests::tests::relay_accepts_valid_transaction_then_reports_already_in_pool ... ok
test network::p2p::local_node::tests::tests::allow_new_connection_respects_limits ... ok
test network::p2p::local_node::tests::tests::ban_peer_rejects_inbound_until_unbanned ... ok
test network::p2p::local_node::tests::tests::broadcast_history_can_be_disabled ... ok
test network::p2p::local_node::tests::tests::compression_capability_respects_configuration ... ok
test network::p2p::local_node::tests::tests::expired_ban_is_not_active_and_cleanup_removes_it ... ok
test network::p2p::message::tests::compresses_only_whitelisted_commands ... ok
test network::p2p::local_node::tests::tests::tcp_server_capability_tracks_channels_config ... ok
test network::p2p::message::tests::create_uses_strict_compression_min_size_threshold ... ok
test network::p2p::message::tests::from_payload_with_flags_compresses_small_payload_when_flagged ... ok
test network::p2p::message::tests::from_payload_with_flags_forces_existing_compression_flag ... ok
test network::p2p::message::tests::from_payload_with_flags_keeps_uncompressed_payload_raw ... ok
test network::p2p::message::tests::from_payload_with_flags_preserves_unknown_compressed_bits ... ok
test network::p2p::local_node::tests::tests::broadcast_history_is_bounded ... ok
test network::p2p::message::tests::serialize_into_reuses_buffer ... ok
test network::p2p::message::tests::to_bytes_respects_compression_flag ... ok
test network::p2p::message::tests::uses_shared_var_int_size_calculation ... ok
test network::p2p::message_command::tests::compression_whitelist_matches_protocol_commands ... ok
test network::p2p::message_command::tests::extended_parse_aliases_preserve_legacy_unknown_commands ... ok
test network::p2p::message_command::tests::outbound_queue_high_priority_set_matches_remote_node_policy ... ok
test network::p2p::message_command::tests::outbound_queue_single_command_set_matches_remote_node_policy ... ok
test network::p2p::message_command::tests::protocol_enum_guard_preserves_unknown_message_command_bytes ... ok
test network::p2p::message_flags::tests::default_and_display_match_p2p_api ... ok
test network::p2p::message_flags::tests::protocol_enum_guard_preserves_unknown_message_flag_bits ... ok
test network::p2p::framed::tests::read_frame_times_out_when_peer_silent ... ok
test network::p2p::messages::tests::network_message_uses_strict_compression_min_size_threshold ... ok
test network::p2p::framed::tests::read_frame_times_out_when_partial_frame_stalls ... ok
test network::p2p::framed::tests::read_frame_times_out_in_active_session_when_peer_silent ... ok
test network::p2p::messages::tests::protocol_message_deserializes_typed_empty_raw_and_unknown_families ... ok
test network::p2p::messages::tests::protocol_message_rejects_non_empty_empty_payloads ... ok
test network::p2p::messages::tests::protocol_message_rejects_typed_payload_trailing_bytes ... ok
test network::p2p::messages::tests::protocol_message_serializes_empty_and_raw_payload_families ... ok
test network::p2p::messages::tests::unknown_protocol_message_never_uses_command_compression_whitelist ... ok
test network::p2p::payloads::block::tests::block_try_get_hash_data_matches_header_hash_data ... ok
test network::p2p::payloads::block::tests::block_try_hash_delegates_to_header ... ok
test network::p2p::payloads::block::tests::iverifiable_block_hash_uses_try_hash ... ok
test network::p2p::payloads::block::tests::duplicate_transaction_check_rejects_unserializable_transaction_hash ... ok
test network::p2p::payloads::block::tests::try_rebuild_merkle_root_rejects_unserializable_transaction_hash ... ok
test network::p2p::payloads::block::tests::verify_merkle_root_rejects_unserializable_transaction_hash ... ok
test network::p2p::payloads::extensible_payload::tests::iverifiable_extensible_hash_uses_try_hash ... ok
test network::p2p::payloads::extensible_payload::tests::try_hash_matches_legacy_hash_for_valid_payload ... ok
test network::p2p::payloads::extensible_payload::tests::try_hash_rejects_oversized_category_without_caching_zero_hash ... ok
test network::p2p::payloads::header::tests::iverifiable_header_hash_uses_try_hash ... ok
test network::p2p::payloads::header::tests::try_get_hash_data_matches_serialize_unsigned ... ok
test network::p2p::payloads::header::tests::try_hash_matches_legacy_hash_for_valid_header ... ok
test network::p2p::payloads::header::tests::verify_with_cache_rejects_when_timestamp_not_increasing ... ok
test network::p2p::payloads::merkle_block_payload::tests::pack_flags_uses_neo_lsb_first_byte_order ... ok
test network::p2p::payloads::merkle_block_payload::tests::pad_flags_extends_and_truncates_to_width ... ok
test network::p2p::payloads::merkle_block_payload::tests::pad_flags_single_depth_adds_placeholder ... ok
test network::p2p::payloads::block::tests::verify_with_cache_delegates_to_header_without_transaction_checks ... ok
test network::p2p::payloads::merkle_block_payload::tests::try_create_matches_legacy_create_for_valid_block ... ok
test network::p2p::payloads::header::tests::verify_with_cache_succeeds_for_sequential_header ... ok
test network::p2p::payloads::merkle_block_payload::tests::try_create_rejects_unserializable_transaction_hash ... ok
test network::p2p::payloads::signer::tests::signer_deserialize_rejects_global_combined_scope ... ok
test network::p2p::payloads::signer::tests::signer_deserialize_rejects_too_many_allowed_contracts ... ok
test network::p2p::payloads::signer::tests::signer_deserialize_rejects_too_many_rules ... ok
test network::p2p::payloads::signer::tests::signer_projects_to_neo_vm_rs_stack_value ... ok
test network::p2p::payloads::signer::tests::signer_stack_item_projection_matches_stack_value_projection ... ok
test network::p2p::payloads::transaction::core::tests::try_get_hash_data_rejects_oversized_script ... ok
test network::p2p::payloads::header::tests::verify_uses_persisted_state_when_cache_empty ... ok
test network::p2p::payloads::transaction::core::tests::try_hash_rejects_oversized_script_without_caching_zero_hash ... ok
test network::p2p::payloads::transaction::core::tests::try_to_bytes_rejects_oversized_script ... ok
test network::p2p::payloads::transaction::core::tests::verifiable_hash_rejects_oversized_script ... ok
test network::p2p::payloads::transaction::verification::tests::get_sign_data_rejects_unserializable_transaction ... ok
test network::p2p::payloads::transaction::verification::tests::helper_get_sign_data_vec_rejects_unserializable_transaction ... ok
test network::p2p::payloads::transaction::verification::tests::verify_state_dependent_rejects_unserializable_sign_data ... ok
test network::p2p::payloads::transaction_attribute::tests::multiplicity_matches_attribute_type_table ... ok
test network::p2p::payloads::transaction_attribute::tests::wire_mapping_preserves_attribute_type_bytes ... ok
test network::p2p::remote_node::alerts::tests::summarize_alert_payload_serializes_binary_as_hex ... ok
test network::p2p::remote_node::alerts::tests::summarize_alert_payload_strips_control_chars ... ok
test network::p2p::remote_node::alerts::tests::summarize_alert_payload_truncates_output ... ok
test network::p2p::remote_node::bloom_filter::tests::bloom_filter_does_not_match_unrelated_transaction ... ok
test network::p2p::remote_node::bloom_filter::tests::bloom_filter_flags_preserve_transaction_order ... ok
test network::p2p::remote_node::bloom_filter::tests::bloom_filter_flags_return_none_without_loaded_filter ... ok
test network::p2p::remote_node::bloom_filter::tests::bloom_filter_matches_transaction_signer_account ... ok
test network::p2p::remote_node::bloom_filter::tests::bloom_filter_matches_valid_transaction_hash ... ok
test network::p2p::remote_node::bloom_filter::tests::bloom_filter_rejects_unserializable_transaction_hash ... ok
test network::p2p::remote_node::bloom_filter::tests::filter_add_updates_loaded_filter ... ok
test network::p2p::remote_node::bloom_filter::tests::filter_add_without_loaded_filter_is_noop ... ok
test network::p2p::remote_node::bloom_filter::tests::filter_clear_removes_loaded_filter ... ok
test network::p2p::remote_node::bloom_filter::tests::filter_load_accepts_valid_filter_payload ... ok
test network::p2p::remote_node::bloom_filter::tests::filter_load_empty_or_zero_hash_functions_clears_filter ... ok
test network::p2p::remote_node::bloom_filter::tests::filter_load_rejects_oversized_or_excessive_hash_function_payloads ... ok
test network::p2p::remote_node::bloom_filter::tests::filter_rate_limit_allows_initial_burst_then_rejects ... ok
test network::p2p::remote_node::outbound_queue::tests::command_bit_set_tracks_unknown_command_bytes ... ok
test network::p2p::remote_node::outbound_queue::tests::command_bit_sets_are_independent_boolean_trackers ... ok
test network::p2p::remote_node::outbound_queue::tests::duplicate_single_command_is_detected ... ok
test network::p2p::remote_node::outbound_queue::tests::duplicate_single_command_wins_over_full_queue ... ok
test network::p2p::remote_node::outbound_queue::tests::duplicate_single_command_wins_over_memory_limit ... ok
test network::p2p::remote_node::outbound_queue::tests::high_priority_messages_do_not_bypass_global_byte_limit ... ok
test network::p2p::remote_node::outbound_queue::tests::inventory_message_estimate_scales_with_hash_count ... ok
test network::p2p::remote_node::outbound_queue::tests::non_duplicate_message_still_reports_full_queue ... ok
test network::p2p::remote_node::outbound_queue::tests::non_single_command_is_not_deduplicated ... ok
test network::p2p::remote_node::outbound_queue::tests::outbound_queue_pop_releases_stored_byte_estimates ... ok
test network::p2p::remote_node::outbound_queue::tests::outbound_queues_capacity_is_per_lane ... ok
test network::p2p::remote_node::outbound_queue::tests::outbound_queues_memory_limit_rejects_without_mutating_state ... ok
test network::p2p::remote_node::outbound_queue::tests::outbound_queues_pop_high_priority_before_low_fifo_within_lane ... ok
test network::p2p::remote_node::outbound_queue::tests::popped_single_command_can_be_queued_again ... ok
test network::p2p::remote_node::peer_messages::tests::addr_endpoint_collection_drops_zero_port_and_deduplicates ... ok
test network::p2p::remote_node::peer_messages::tests::header_request_count_is_capped_to_protocol_max ... ok
test network::p2p::remote_node::peer_messages::tests::negative_header_request_count_uses_protocol_max ... ok
test network::p2p::remote_node::pending_known_hashes::tests::clear_removes_all_hashes ... ok
test network::p2p::remote_node::pending_known_hashes::tests::duplicate_add_does_not_refresh_timestamp_when_not_full ... ok
test network::p2p::remote_node::pending_known_hashes::tests::contains_does_not_promote_recency ... ok
test network::p2p::remote_node::pending_known_hashes::tests::full_duplicate_preserves_legacy_eviction_before_duplicate_check ... ok
test network::p2p::remote_node::pending_known_hashes::tests::prune_older_than_removes_stale_front_entries ... ok
test network::p2p::remote_node::pending_known_hashes::tests::remove_keeps_remaining_fifo_order ... ok
test network::p2p::remote_node::pending_known_hashes::tests::try_add_evicts_oldest_when_full ... ok
test network::p2p::remote_node::pending_known_hashes::tests::zero_capacity_matches_legacy_single_entry_behavior ... ok
test network::p2p::remote_node::tests::build_wire_message_reconstructs_flagged_compressed_message_for_handlers ... ok
test network::p2p::remote_node::tests::handler_iteration_allows_unregister_during_callback ... ok
test network::p2p::remote_node::tests::handshake_gate_rejects_duplicate_handshake_messages_after_completion ... ok
test network::p2p::remote_node::tests::handshake_gate_requires_verack_after_version ... ok
test network::p2p::remote_node::tests::handshake_gate_requires_version_first ... ok
test network::p2p::remote_node::tests::register_handler_tracks_subscription ... ok
test network::p2p::remote_node::tests::relay_inventory_hash_matches_valid_block_try_hash ... ok
test network::p2p::remote_node::tests::relay_inventory_hash_matches_valid_extensible_try_hash ... ok
test network::p2p::remote_node::tests::relay_inventory_hash_matches_valid_transaction_try_hash ... ok
test network::p2p::remote_node::tests::relay_inventory_hash_rejects_unserializable_extensible_payload ... ok
test network::p2p::remote_node::tests::relay_inventory_hash_rejects_unserializable_transaction ... ok
test network::p2p::remote_node::tests::timeout_stats_increment ... ok
test network::p2p::remote_node::tests::timeout_stats_logged ... ok
test network::p2p::task_manager::block_validation::tests::block_hash_match_compares_hashes ... ok
test network::p2p::task_manager::block_validation::tests::incoming_block_conflicting_with_cached_copy_disconnects ... ok
test network::p2p::task_manager::block_validation::tests::incoming_block_matching_cached_copy_is_kept ... ok
test network::p2p::task_manager::block_validation::tests::incoming_block_without_cached_copy_is_stored ... ok
test network::p2p::task_manager::block_validation::tests::persisted_block_match_compares_hashes ... ok
test network::p2p::task_manager::scheduling::tests::available_inventory_plan_removes_stale_and_schedules_under_capacity_hashes ... ok
test network::p2p::task_manager::scheduling::tests::block_index_plan_respects_batch_limit ... ok
test network::p2p::task_manager::scheduling::tests::block_index_plan_skips_in_flight_heights_and_stops_before_next_gap ... ok
test network::p2p::task_manager::scheduling::tests::effective_header_height_uses_highest_known_source ... ok
test network::p2p::task_manager::scheduling::tests::header_request_plan_requires_peer_ahead_retry_and_global_capacity ... ok
test network::p2p::task_manager::scheduling::tests::block_index_plan_returns_none_when_window_is_already_full ... ok
test network::p2p::payloads::transaction::verification::tests::verify_state_independent_rejects_unserializable_sign_data ... ok
test network::p2p::task_manager::scheduling::tests::task_counter_limits_and_removes_zero_entries ... ok
test network::p2p::task_manager::tests::complete_inventory_records_non_header_hashes_only ... ok
test network::p2p::task_manager::tests::complete_inventory_disconnects_conflicting_block ... ok
test network::p2p::task_manager::tests::complete_inventory_stores_hashable_block ... ok
test network::p2p::task_manager::tests::mempool_request_is_one_shot_and_marks_sent_before_delivery_result ... ok
test network::p2p::task_manager::tests::persist_completed_disconnects_mismatched_cached_block ... ok
test ledger::memory_pool::tests::block_persist_reverify_drops_transactions_after_balance_change ... ok
test oracle_service::service::tests::filter_json::filter_matches_csharp_examples ... ok
test ledger::blockchain::tests::tests::relay_rejects_unserializable_transaction_hash_before_pool_checks ... ok
test persistence::compression::tests::compress_lz4_empty_data ... ok
test persistence::compression::tests::compress_lz4_large_data ... ok
test persistence::compression::tests::compress_lz4_roundtrip ... ok
test persistence::compression::tests::compress_none_returns_original_data ... ok
test persistence::compression::tests::compress_zstd_empty_data ... ok
test persistence::compression::tests::compress_zstd_roundtrip ... ok
test persistence::compression::tests::decompress_lz4_missing_length_prefix_fails ... ok
test persistence::compression::tests::decompress_none_returns_original_data ... ok
test persistence::compression::tests::estimate_compressed_size_empty_data ... ok
test persistence::compression::tests::estimate_compressed_size_lz4_returns_smaller_estimate ... ok
test persistence::compression::tests::estimate_compressed_size_none_returns_original_length ... ok
test persistence::compression::tests::estimate_compressed_size_zstd_returns_smaller_estimate ... ok
test persistence::compression::tests::get_compression_ratio_calculates_correctly ... ok
test persistence::compression::tests::get_compression_ratio_no_compression ... ok
test persistence::compression::tests::get_compression_ratio_zero_original_size ... ok
test persistence::serialization::tests::compress_data_and_decompress_roundtrip ... ok
test persistence::serialization::tests::compress_data_large_input ... ok
test persistence::serialization::tests::decompress_data_empty_returns_error ... ok
test persistence::serialization::tests::deserialize_empty_data_returns_error ... ok
test persistence::serialization::tests::deserialize_json_empty_returns_error ... ok
test persistence::serialization::tests::deserialize_json_whitespace_only_returns_error ... ok
test persistence::serialization::tests::estimate_serialized_size_matches_actual ... ok
test persistence::serialization::tests::serialize_and_deserialize_roundtrip ... ok
test persistence::serialization::tests::serialize_json_and_deserialize_roundtrip ... ok
test persistence::serialization::tests::serialize_json_string ... ok
test persistence::serialization::tests::serialize_string ... ok
test persistence::serialization::tests::validate_serialization_returns_true_for_valid_data ... ok
test persistence::serialization::tests::validate_serialization_string ... ok
test persistence::storage::tests::batch_operation_delete_equality ... ok
test persistence::storage::tests::batch_operation_different_types_not_equal ... ok
test persistence::storage::tests::batch_operation_put_equality ... ok
test persistence::storage::tests::compaction_strategy_equality ... ok
test persistence::storage::tests::compression_algorithm_clone ... ok
test persistence::storage::tests::compression_algorithm_equality ... ok
test persistence::storage::tests::storage_config_clone ... ok
test ledger::memory_pool::tests::block_persist_moves_to_unverified_and_reverify ... ok
test actors::tests::dropping_cloned_schedule_handle_cancels_repeated_messages ... ok
test persistence::storage::tests::storage_config_default_values ... ok
test persistence::storage::tests::storage_error_converts_to_core_error ... ok
test persistence::storage::tests::storage_error_not_found_display ... ok
test persistence::storage::tests::storage_error_other_display ... ok
test persistence::storage::tests::storage_error_read_only_display ... ok
test persistence::storage::tests::storage_item_default_is_empty ... ok
test persistence::storage::tests::storage_item_new_creates_item ... ok
test persistence::storage::tests::storage_key_equality ... ok
test persistence::storage::tests::storage_key_from_bytes_exact_four_bytes ... ok
test persistence::storage::tests::storage_key_hash_consistency ... ok
test persistence::storage::tests::storage_key_new_creates_key ... ok
test persistence::storage::tests::storage_key_to_bytes_and_from_bytes_roundtrip ... ok
test persistence::storage_key::tests::storage_key_basic ... ok
test persistence::storage_key::tests::storage_key_create ... ok
test persistence::storage_key::tests::storage_key_create_with_uint160 ... ok
test persistence::storage_key::tests::storage_key_create_with_uint256 ... ok
test persistence::storage_key::tests::storage_key_from_bytes ... ok
test persistence::storage_key::tests::storage_key_get_hash_code ... ok
test persistence::storage_key::tests::storage_key_ordering ... ok
test persistence::storage_key::tests::storage_key_to_array ... ok
test script_validation::tests::accepts_empty_and_simple_scripts ... ok
test script_validation::tests::exposes_instruction_metadata_for_disassembly_tools ... ok
test script_validation::tests::rejects_any_type_for_convert ... ok
test script_validation::tests::rejects_invalid_jump_targets ... ok
test script_validation::tests::rejects_truncated_pushdata ... ok
test script_validation::tests::rejects_unknown_opcodes ... ok
test script_validation::tests::relaxed_validation_parses_offsets_without_strict_jump_checks ... ok
test services::traits::tests::mock_ledger_service_works ... ok
test services::traits::tests::mock_mempool_service_works ... ok
test services::traits::tests::traits_are_object_safe ... ok
test smart_contract::application_engine::contract::tests::decode_native_result_any_deserializes_stack_item_payloads ... ok
test smart_contract::application_engine::contract::tests::decode_native_result_any_empty_is_null ... ok
test smart_contract::application_engine::contract::tests::decode_native_result_any_invalid_payload_preserves_raw_bytes ... ok
test smart_contract::application_engine::contract::tests::decode_native_result_array_empty_is_null ... ok
test smart_contract::application_engine::contract::tests::decode_native_result_array_payload_roundtrips ... ok
test smart_contract::contract::tests::get_address_uses_default_protocol_base58_check_payload ... ok
test smart_contract::contract_state::tests::contract_state_projects_to_stack_value ... ok
test smart_contract::contract_state::tests::contract_state_reads_stack_value ... ok
test smart_contract::application_engine::contracts::tests::call_contract_uses_execution_state_script_hash_for_caller ... ok
test smart_contract::contract_state::tests::contract_state_roundtrip_matches_signed_id ... ok
test smart_contract::contract_state::tests::contract_state_stack_item_projection_matches_stack_value_projection ... ok
test smart_contract::application_engine::contracts::tests::pending_native_callbacks_share_native_invoke_calling_context ... ok
test smart_contract::env_flags::tests::parse_env_flag_accepts_existing_truthy_values ... ok
test smart_contract::env_flags::tests::parse_env_flag_rejects_other_values ... ok
test smart_contract::interop_parameter_descriptor::tests::converts_primitive_stack_values_without_local_stack_item ... ok
test smart_contract::interop_parameter_descriptor::tests::non_nullable_string_rejects_null ... ok
test smart_contract::key_builder::tests::test_add_ecpoint ... ok
test smart_contract::key_builder::tests::test_try_add_big_endian_negative ... ok
test smart_contract::key_builder::tests::test_try_add_exceeds_max_length ... ok
test smart_contract::key_builder::tests::test_try_new_with_zero_max_length ... ok
test smart_contract::manifest::contract_abi::tests::contract_abi_projects_to_neo_vm_rs_stack_value ... ok
test smart_contract::manifest::contract_abi::tests::contract_abi_reads_from_neo_vm_rs_stack_value_and_clears_method_cache ... ok
test smart_contract::manifest::contract_abi::tests::contract_abi_reads_struct_sequences_from_neo_vm_rs_stack_value ... ok
test smart_contract::manifest::contract_abi::tests::contract_abi_stack_item_projection_matches_stack_value_projection ... ok
test smart_contract::manifest::contract_event_descriptor::tests::event_descriptor_projects_to_neo_vm_rs_stack_value ... ok
test smart_contract::manifest::contract_event_descriptor::tests::event_descriptor_reads_from_neo_vm_rs_stack_value ... ok
test smart_contract::manifest::contract_event_descriptor::tests::event_descriptor_reads_struct_parameter_sequence ... ok
test smart_contract::manifest::contract_event_descriptor::tests::event_descriptor_stack_item_projection_matches_stack_value_projection ... ok
test smart_contract::manifest::contract_group::tests::contract_group_projects_to_neo_vm_rs_stack_value ... ok
test smart_contract::manifest::contract_group::tests::contract_group_reads_from_neo_vm_rs_stack_value ... ok
test smart_contract::manifest::contract_group::tests::contract_group_stack_item_projection_matches_stack_value_projection ... ok
test smart_contract::manifest::contract_manifest::manifest_extra_escape_tests::contract_manifest_projects_to_stack_value ... ok
test smart_contract::manifest::contract_manifest::manifest_extra_escape_tests::contract_manifest_reads_stack_value ... ok
test smart_contract::manifest::contract_manifest::manifest_extra_escape_tests::contract_manifest_stack_item_projection_matches_stack_value_projection ... ok
test smart_contract::manifest::contract_manifest::manifest_extra_escape_tests::extra_with_ampersand_uses_csharp_escape ... ok
test smart_contract::manifest::contract_method_descriptor::tests::method_descriptor_keeps_invalid_return_type_fallback ... ok
test smart_contract::manifest::contract_method_descriptor::tests::method_descriptor_projects_to_neo_vm_rs_stack_value ... ok
test smart_contract::manifest::contract_method_descriptor::tests::method_descriptor_reads_from_neo_vm_rs_stack_value ... ok
test smart_contract::manifest::contract_method_descriptor::tests::method_descriptor_reads_struct_parameter_sequence ... ok
test smart_contract::manifest::contract_method_descriptor::tests::method_descriptor_stack_item_projection_matches_stack_value_projection ... ok
test smart_contract::manifest::contract_parameter_definition::tests::parameter_definition_keeps_invalid_type_fallback ... ok
test smart_contract::manifest::contract_parameter_definition::tests::parameter_definition_projects_to_neo_vm_rs_stack_value ... ok
test smart_contract::manifest::contract_parameter_definition::tests::parameter_definition_reads_from_neo_vm_rs_stack_value ... ok
test smart_contract::manifest::contract_parameter_definition::tests::parameter_definition_stack_item_projection_matches_stack_value_projection ... ok
test smart_contract::manifest::contract_permission::tests::contract_permission_projects_to_neo_vm_rs_stack_value ... ok
test smart_contract::manifest::contract_permission::tests::contract_permission_reads_from_neo_vm_rs_stack_value ... ok
test smart_contract::manifest::contract_permission::tests::contract_permission_stack_item_projection_matches_stack_value_projection ... ok
test smart_contract::manifest::contract_permission_descriptor::tests::permission_descriptor_stack_item_projection_matches_stack_value_projection ... ok
test smart_contract::manifest::contract_permission_descriptor::tests::permission_descriptor_projects_to_neo_vm_rs_stack_value ... ok
test smart_contract::manifest::contract_permission_descriptor::tests::permission_descriptor_reads_from_neo_vm_rs_stack_value ... ok
test smart_contract::manifest::wild_card_container::tests::string_list_projects_to_neo_vm_rs_byte_string_array ... ok
test smart_contract::manifest::wild_card_container::tests::string_list_reads_from_neo_vm_rs_array ... ok
test smart_contract::manifest::wild_card_container::tests::string_list_reads_from_neo_vm_rs_struct_for_compatibility ... ok
test smart_contract::manifest::wild_card_container::tests::string_stack_item_projection_matches_stack_value_projection ... ok
test smart_contract::manifest::wild_card_container::tests::string_wildcard_projects_to_neo_vm_rs_null ... ok
test smart_contract::manifest::wild_card_container::tests::string_wildcard_reads_from_neo_vm_rs_null ... ok
test smart_contract::max_length_attribute::tests::compound_lengths_use_stack_value_shapes ... ok
test smart_contract::max_length_attribute::tests::integer_length_uses_neo_vm_rs_byte_string_rules ... ok
test smart_contract::native::account_state::tests::account_state_projects_to_neo_vm_rs_stack_value ... ok
test smart_contract::native::account_state::tests::account_state_reads_from_neo_vm_rs_stack_value ... ok
test smart_contract::native::contract_management::tests::contract_hashes_sorted_and_non_native ... ok
test smart_contract::native::contract_management::tests::deploy_accepts_manifest_with_empty_permissions ... ok
test smart_contract::native::contract_management::tests::deploy_reads_next_contract_id_from_variable_length_storage_integer ... ok
test smart_contract::native::contract_management::tests::deploy_increments_contract_id_after_store_roundtrip ... ok
test smart_contract::native::contract_management::tests::deploy_returns_expected_hash_and_prevents_duplicates ... ok
test smart_contract::native::contract_management::tests::destroy_removes_contract_and_storage ... ok
test smart_contract::native::contract_management::tests::deploy_rejects_missing_sender_and_invalid_payloads ... ok
test smart_contract::native::contract_management::tests::has_method_accepts_any_parameter_count ... ok
test smart_contract::native::contract_management::tests::get_contract_hashes_returns_iterator ... ok
test smart_contract::native::contract_management::tests::get_contract_hashes_excludes_destroyed_contract_in_same_snapshot ... ok
test smart_contract::native::contract_management::tests::is_contract_and_list_contracts_filter_native ... ok
test smart_contract::native::contract_management::tests::hydrate_from_engine_rejects_duplicate_non_native_ids ... ok
test smart_contract::native::contract_management::tests::list_contracts_rejects_malformed_contract_payload ... ok
test smart_contract::native::contract_management::tests::update_rejects_empty_payloads ... ok
test smart_contract::native::contract_management::tests::update_rejects_oversized_manifest ... ok
test smart_contract::native::contract_management::tests::validate_snapshot_integrity_rejects_duplicate_non_native_ids ... ok
test smart_contract::native::contract_management::tests::update_requires_calling_context ... ok
test smart_contract::native::crypto_lib::tests::dispatch_method_covers_declared_metadata_names ... ok
test smart_contract::native::crypto_lib::tests::dispatch_method_routes_crypto_methods_and_unknowns ... ok
test smart_contract::native::crypto_lib::tests::test_ripemd160 ... ok
test smart_contract::native::crypto_lib::tests::test_sha256 ... ok
test smart_contract::native::contract_management::tests::update_preserves_storage_and_increments_counter ... ok
test smart_contract::native::hash_index_state::tests::hash_index_state_projects_to_neo_vm_rs_stack_value ... ok
test smart_contract::native::hash_index_state::tests::hash_index_state_reads_from_neo_vm_rs_stack_value ... ok
test smart_contract::native::ledger_contract::tests::batch_vm_state_update_applies_all_entries ... ok
test smart_contract::native::ledger_contract::tests::conflict_stub_requires_traceable_base_and_matching_signer ... ok
test smart_contract::native::ledger_contract::native_impl::tests::dispatch_method_covers_declared_metadata_names ... ok
test smart_contract::native::ledger_contract::tests::ledger_transaction_states_mark_vm_state ... ok
test smart_contract::native::ledger_contract::tests::ledger_transaction_states_try_into_updates_rejects_unserializable_hash ... ok
test smart_contract::native::ledger_contract::tests::persist_transaction_state_rejects_unserializable_hash_without_zero_key ... ok
test smart_contract::native::ledger_contract::tests::traceable_block_window_matches_protocol_boundaries ... ok
test smart_contract::native::ledger_contract::tests::store_block_state_rejects_unserializable_transaction_before_tracking_writes ... ok
test smart_contract::native::ledger_contract::tests::update_vm_state_overwrites_persisted_value ... ok
test smart_contract::native::neo_token::bonus::tests::gas_per_block_encode_decode_roundtrip ... ok
test smart_contract::native::neo_token::bonus::tests::full_bonus_calculation_with_vote ... ok
test smart_contract::native::neo_token::bonus::tests::get_sorted_gas_records_filters_and_orders_correctly ... ok
test smart_contract::native::neo_token::bonus::tests::holder_reward_division_order_invariant ... ok
test smart_contract::native::neo_token::bonus::tests::holder_reward_over_56k_blocks_exact ... ok
test smart_contract::native::neo_token::bonus::tests::holder_reward_single_neo_single_block_is_zero ... ok
test smart_contract::native::neo_token::bonus::tests::holder_reward_two_neo_single_block ... ok
test smart_contract::native::neo_token::bonus::tests::neo_holder_reward_matches_csharp_for_small_balance ... ok
test smart_contract::native::neo_token::bonus::tests::neo_holder_reward_truncation_matches_csharp ... ok
test smart_contract::native::neo_token::bonus::tests::neo_holder_reward_with_gas_rate_change ... ok
test smart_contract::native::neo_token::bonus::tests::no_gas_records_returns_zero_reward ... ok
test smart_contract::native::neo_token::bonus::tests::unclaimed_gas_helper_allows_future_end_heights_like_csharp_calculate_bonus ... ok
test smart_contract::native::neo_token::bonus::tests::voter_reward_accumulation_over_many_epochs_no_drift ... ok
test smart_contract::native::neo_token::bonus::tests::unclaimed_gas_contract_method_still_requires_expected_end_height ... ok
test smart_contract::native::neo_token::bonus::tests::voter_reward_per_neo_accumulation_matches_csharp ... ok
test smart_contract::native::neo_token::bonus::tests::voter_reward_truncation_matches_csharp_exactly ... ok
test smart_contract::native::neo_token::committee::tests::committee_public_key_from_stack_value_accepts_byte_arrays ... ok
test smart_contract::native::neo_token::committee::tests::committee_public_key_from_stack_value_rejects_non_byte_arrays ... ok
test smart_contract::native::neo_token::committee::tests::committee_public_key_from_stack_value_reports_invalid_points ... ok
test smart_contract::native::neo_token::types::tests::candidate_state_projects_to_neo_vm_rs_stack_value ... ok
test smart_contract::native::neo_token::types::tests::candidate_state_reads_from_neo_vm_rs_stack_value ... ok
test smart_contract::native::neo_token::types::tests::candidate_state_reads_legacy_integer_stack_value ... ok
test smart_contract::native::neo_token::types::tests::neo_account_state_projects_to_neo_vm_rs_stack_value ... ok
test smart_contract::native::neo_token::types::tests::neo_account_state_reads_from_neo_vm_rs_stack_value ... ok
test smart_contract::native::neo_token::types::tests::neo_account_state_reads_legacy_integer_stack_value ... ok
test smart_contract::native::notary::deposit::tests::deposit_projects_to_neo_vm_rs_stack_value ... ok
test smart_contract::native::notary::deposit::tests::deposit_reads_from_neo_vm_rs_stack_value ... ok
test smart_contract::native::notary::deposit::tests::deposit_serialization_roundtrips ... ok
test smart_contract::native::notary::tests::test_notary_creation ... ok
test smart_contract::native::oracle_contract::config::tests::default_limits_match_csharp_oracle_contract ... ok
test smart_contract::native::oracle_contract::config::tests::user_data_limit_is_not_the_wire_tx_limit ... ok
test smart_contract::native::oracle_contract::tests::native_methods_match_oracle_protocol_metadata ... ok
test smart_contract::native::oracle_request::tests::oracle_request_projects_to_neo_vm_rs_stack_value ... ok
test smart_contract::native::oracle_request::tests::oracle_request_reads_from_neo_vm_rs_stack_value ... ok
test smart_contract::native::oracle_contract::tests::dispatch_method_covers_declared_metadata_names ... ok
test ledger::blockchain::tests::tests::relay_rejects_mismatched_signers_and_witnesses ... ok
test smart_contract::native::policy_contract::tests::check_default ... ok
test smart_contract::native::policy_contract::tests::check_block_account_faun_pre_blocked_migrates_timestamp ... ok
test smart_contract::native::policy_contract::tests::check_block_account ... ok
test smart_contract::native::policy_contract::tests::check_block_unblock_account ... ok
test ledger::blockchain::tests::tests::state_service_payload_ingests_into_shared_state_store ... ok
test smart_contract::native::policy_contract::tests::check_set_attribute_fee ... ok
test smart_contract::native::policy_contract::tests::check_recover_funds_complete_flow ... ok
test smart_contract::native::policy_contract::tests::check_set_base_exec_fee ... ok
test smart_contract::native::policy_contract::tests::check_set_fee_per_byte ... ok
test smart_contract::native::policy_contract::tests::on_persist_engine_defers_policy_initialize_until_native_on_persist ... ok
test smart_contract::native::policy_contract::tests::policy_dispatch_method_covers_declared_metadata_names ... ok
test smart_contract::native::policy_contract::tests::check_set_max_traceable_blocks ... ok
test smart_contract::native::policy_contract::tests::recover_fund_requires_allow_call_permissions ... ok
test smart_contract::native::policy_contract::tests::check_set_milliseconds_per_block ... ok
test smart_contract::native::policy_contract::tests::check_set_max_valid_until_block_increment ... ok
test smart_contract::native::policy_contract::tests::check_set_storage_price ... ok
test smart_contract::native::policy_contract::tests::test_list_blocked_accounts ... ok
test smart_contract::native::policy_contract::tests::test_set_whitelist_fee_contract_negative_fixed_fee ... ok
test smart_contract::native::policy_contract::tests::test_set_whitelist_fee_contract_when_arg_count_mismatch ... ok
test smart_contract::native::policy_contract::tests::test_set_whitelist_fee_contract_set_contract ... ok
test smart_contract::native::policy_contract::tests::test_whitelist_stack_value_roundtrip ... ok
test smart_contract::native::policy_contract::tests::test_set_whitelist_fee_contract_when_contract_not_found ... ok
test smart_contract::native::policy_contract::tests::whitelisted_contract_projects_to_neo_vm_rs_stack_value ... ok
test smart_contract::native::policy_contract::tests::whitelisted_contract_reads_from_neo_vm_rs_stack_value ... ok
test smart_contract::native::role::tests::role_all_values_match_declaration_order ... ok
test smart_contract::native::role::tests::role_display_and_name_match_variant_names ... ok
test smart_contract::native::policy_contract::tests::test_set_whitelist_fee_contract_when_not_committee ... ok
test smart_contract::native::role::tests::role_from_byte_rejects_unknown_values ... ok
test smart_contract::native::role::tests::role_serde_keeps_derived_enum_shape ... ok
test smart_contract::native::role::tests::role_values_match_protocol_bytes ... ok
test ledger::memory_pool::tests::unverified_high_priority_transactions_prevent_low_fee_admission ... ok
test smart_contract::native::role_management::tests::designate_as_role_reports_existing_designation_before_duplicate_validation ... ok
test neo_system::core::tests::add_unconnected_peers_tracks_queue ... ok
test smart_contract::native::role_management::tests::dispatch_method_covers_declared_metadata_names ... ok
test smart_contract::native::role_management::tests::designate_as_role_rejects_duplicate_public_keys ... ok
test smart_contract::native::role_management::tests::role_key_suffix_is_role_plus_big_endian_index ... ok
test smart_contract::native::role_management::tests::find_designation_returns_latest_entry ... ok
test smart_contract::native::role_management::tests::serialize_and_parse_roundtrip ... ok
test smart_contract::native::security_fixes::tests::test_reentrancy_guard ... ok
test smart_contract::native::security_fixes::tests::test_safe_sub ... ok
test smart_contract::native::role_management::tests::serialize_public_keys_uses_stack_value_array_payload ... ok
test smart_contract::native::security_fixes::tests::test_state_validator ... ok
test smart_contract::native::security_fixes::tests::test_validate_account_hash ... ok
test smart_contract::native::security_fixes::tests::test_validate_balance_change ... ok
test smart_contract::native::policy_contract::tests::test_set_whitelist_fee_contract_when_contract_not_in_abi ... ok
test smart_contract::native::security_fixes::tests::test_validate_public_key ... ok
test smart_contract::native::role_management::tests::vm_get_designated_by_role_accepts_compact_integer_index ... ok
test smart_contract::native::security_fixes::tests::test_validate_range ... ok
test smart_contract::native::security_fixes::tests::test_validate_total_supply_change ... ok
test smart_contract::native::stack_value_numeric::tests::numeric_stack_values_convert_to_bigint ... ok
test smart_contract::native::stack_value_numeric::tests::oversized_byte_values_do_not_convert_to_bigint ... ok
test smart_contract::native::stack_value_numeric::tests::stack_values_convert_to_u32_only_when_in_range ... ok
test smart_contract::native::std_lib::tests::test_atoi_itoa ... ok
test smart_contract::native::std_lib::tests::test_base64_encode_decode ... ok
test smart_contract::native::std_lib::tests::test_memory_compare ... ok
test smart_contract::native::std_lib::tests::test_memory_search_backward ... ok
test smart_contract::native::std_lib::tests::test_memory_search_basic ... ok
test smart_contract::native::std_lib::tests::test_memory_search_with_start ... ok
test smart_contract::native::std_lib::tests::test_json_serialize_deserialize ... ok
test smart_contract::native::std_lib::tests::test_method_metadata_snapshot ... ok
test smart_contract::native::std_lib::tests::test_str_len_basic ... ok
test smart_contract::native::std_lib::tests::test_str_len_unicode ... ok
test smart_contract::native::std_lib::tests::test_metadata_methods_all_dispatch ... ok
test smart_contract::native::tests::test_native_registry_all_hashes ... ok
test smart_contract::native::std_lib::tests::test_string_split_basic ... ok
test smart_contract::native::tests::test_native_registry_contract_iteration_order ... ok
test smart_contract::native::std_lib::tests::test_string_split_with_empty_entries ... ok
test smart_contract::native::tests::test_native_registry_creation ... ok
test smart_contract::native::tests::test_native_registry_hashes_follow_iteration_order ... ok
test smart_contract::native::tests::test_native_registry_take_preserves_remaining_order ... ok
test smart_contract::native::tests::test_non_native_contract ... ok
test smart_contract::native::token_management::methods::tests::token_management_method_metadata_snapshot ... ok
test smart_contract::native::token_management::tests::account_state_projects_to_stack_value ... ok
test smart_contract::native::token_management::tests::account_state_reads_stack_value ... ok
test smart_contract::native::token_management::tests::nft_state_projects_to_stack_value ... ok
test smart_contract::native::token_management::tests::nft_state_reads_stack_value ... ok
test smart_contract::native::token_management::tests::test_account_state_new ... ok
test smart_contract::native::token_management::tests::test_nft_state_new ... ok
test smart_contract::native::token_management::tests::test_token_state_default ... ok
test smart_contract::native::token_management::tests::token_state_projects_to_stack_value ... ok
test smart_contract::native::token_management::tests::token_state_reads_stack_value ... ok
test smart_contract::native::transaction_state::tests::binary_roundtrip_matches_csharp_transaction_state ... ok
test smart_contract::native::transaction_state::tests::conflict_stub_roundtrip ... ok
test smart_contract::native::transaction_state::tests::full_roundtrip_preserves_transaction_and_state ... ok
test smart_contract::native::transaction_state::tests::transaction_state_clone_is_independent ... ok
test smart_contract::native::transaction_state::tests::transaction_state_from_stack_value_updates_fields ... ok
test smart_contract::native::transaction_state::tests::transaction_state_projects_conflict_stub_to_neo_vm_rs_stack_value ... ok
test smart_contract::native::transaction_state::tests::transaction_state_reads_from_neo_vm_rs_stack_value ... ok
test smart_contract::native::transaction_state::tests::trimmed_transaction_state_roundtrip_via_binary_serializer ... ok
test smart_contract::native::trimmed_block::tests::trimmed_block_projects_to_neo_vm_rs_stack_value ... ok
test smart_contract::native::trimmed_block::tests::trimmed_block_stack_item_projection_matches_stack_value_projection ... ok
test smart_contract::native::trimmed_block::tests::try_from_block_rejects_unserializable_transaction_hash ... ok
test smart_contract::native::trimmed_block::tests::try_hash_matches_legacy_hash_for_valid_trimmed_block ... ok
test state_service::async_state_root::tests::test_async_state_root_creation ... ok
test state_service::async_state_root::tests::test_verify_root_match_success ... ok
test state_service::async_state_root::tests::test_verify_root_match_failure ... ok
test state_service::commit_handlers::tests::committing_handler_disables_after_error_when_policy_stops_plugin ... ok
test state_service::commit_handlers::tests::committing_handler_keeps_running_after_error_when_policy_continues ... ok
test state_service::commit_handlers::tests::committing_stages_root_without_advancing_until_block_is_committed ... ok
test state_service::commit_handlers::tests::try_committing_handler_stages_storage_changes_before_commit_gate ... ok
test state_service::conflict_detector::tests::test_compute_final_rw_set ... ok
test state_service::conflict_detector::tests::test_empty_detector_resolves ... ok
test state_service::conflict_detector::tests::test_new_detector_is_empty ... ok
test state_service::conflict_detector::tests::test_no_conflict_different_keys ... ok
test state_service::conflict_detector::tests::test_read_write_conflict ... ok
test state_service::conflict_detector::tests::test_single_tx_no_conflicts ... ok
test state_service::conflict_detector::tests::test_two_tx_same_write_key_conflict ... ok
test state_service::keys::tests::test_constant_keys ... ok
test state_service::keys::tests::test_state_root_key ... ok
test state_service::message_type::tests::message_type_matches_state_service_wire_values ... ok
test state_service::message_type::tests::message_type_preserves_existing_debug_names ... ok
test state_service::message_type::tests::message_type_serde_uses_wire_byte ... ok
test ledger::memory_pool::tests::reverify_batches_progress_without_exhausting_pool ... ok
test state_service::optimistic_executor::tests::test_default_config ... ok
test state_service::optimistic_executor::tests::test_metrics_default ... ok
test state_service::optimistic_executor::tests::test_new_executor_with_config ... ok
test state_service::prefetch_pipeline::tests::test_pipeline_creation ... ok
test state_service::prefetch_pipeline::tests::test_pause_resume ... ok
test state_service::prefetch_pipeline::tests::test_submit_block ... ok
test smart_contract::native::policy_contract::tests::test_white_list_fee ... ok
test state_service::read_only_store::tests::test_iter_prefix_creation ... ok
test state_service::read_only_store::tests::test_zero_copy_get ... ok
test state_service::read_only_store::tests::test_read_only_store_creation ... ok
test state_service::root_cache::tests::cache_default_capacity ... ok
test state_service::root_cache::tests::cache_eviction_preserves_shared_hash_index ... ok
test state_service::root_cache::tests::cache_clear_removes_all ... ok
test state_service::root_cache::tests::cache_get_by_hash ... ok
test state_service::root_cache::tests::cache_eviction_removes_hash_index ... ok
test state_service::root_cache::tests::cache_contains ... ok
test state_service::root_cache::tests::cache_eviction_when_full ... ok
test state_service::root_cache::tests::cache_insert_and_get ... ok
test neo_system::core::tests::local_node_actor_tracks_peers ... ok
test state_service::root_cache::tests::cache_mark_validated ... ok
test state_service::root_cache::tests::cache_new_creates_empty_cache ... ok
test state_service::prefetch_pipeline::tests::test_shutdown_graceful ... ok
test state_service::root_cache::tests::cache_remove ... ok
test state_service::root_cache::tests::cache_remove_preserves_shared_hash_index ... ok
test state_service::root_cache::tests::cache_remove_remaps_current_shared_hash_index ... ok
test state_service::root_cache::tests::cache_replacing_index_does_not_record_eviction ... ok
test state_service::root_cache::tests::cache_replacing_index_removes_old_hash_index ... ok
test state_service::root_cache::tests::cache_stats_track_hits_and_misses ... ok
test state_service::state_root::tests::test_state_root_creation ... ok
test state_service::state_root::tests::test_state_root_serialization ... ok
test state_service::state_store::tests::clear_root_cache_removes_all ... ok
test state_service::state_store::tests::compare_with_network_root_matches ... ok
test state_service::state_store::tests::compare_with_network_root_missing ... ok
test state_service::state_store::tests::failed_local_root_commit_does_not_leak_staged_overlay ... ok
test state_service::state_store::tests::ledger_storage_is_excluded_from_state_trie ... ok
test state_service::state_store::tests::open_with_provider_uses_snapshot_backend ... ok
test state_service::state_store::tests::preload_recent_roots_populates_cache ... ok
test state_service::state_store::tests::load_reference_roots_fails_on_missing_file ... ok
test state_service::state_store::tests::produces_and_verifies_storage_proof ... ok
test state_service::state_store::tests::rejects_state_root_without_verifier ... ok
test state_service::state_store::tests::root_cache_stats_tracked ... ok
test state_service::state_store::tests::snapshot_backed_backend_commit_propagates_snapshot_try_commit_failure ... ok
test state_service::state_store::tests::snapshot_backed_backend_keeps_pending_on_commit_failure ... ok
test state_service::state_store::tests::rejects_state_root_with_invalid_signature ... ok
test state_service::state_store::tests::state_root_cache_retrieves_by_hash ... ok
test state_service::state_store::tests::state_root_cache_eviction_policy ... ok
test state_service::state_store::tests::state_root_cache_returns_none_for_missing ... ok
test state_service::state_store::tests::load_reference_roots_fails_on_invalid_hash ... ok
test state_service::state_store::tests::load_reference_roots_fails_on_malformed_json ... ok
test state_service::state_store::tests::state_root_cache_stores_and_retrieves ... ok
test state_service::state_store::tests::load_reference_roots_fails_on_duplicate_height ... ok
test state_service::state_store::tests::state_root_verification_result_display ... ok
test state_service::state_store::tests::state_snapshot_commit_propagates_backend_commit_failure ... ok
test state_service::state_store::tests::state_store_flush_reaches_backing_store ... ok
test state_service::state_store::tests::state_store_transaction_applies_pending_writes ... ok
test state_service::state_store::tests::state_store_transaction_commit_propagates_backend_commit_failure ... ok
test state_service::state_store::tests::load_reference_roots_fails_on_range_gap ... ok
test state_service::state_store::tests::load_reference_roots_succeeds_on_valid_contiguous_range ... ok
test state_service::state_store::tests::test_memory_backend ... ok
test state_service::state_store::tests::test_state_root_storage ... ok
test ledger::blockchain::tests::tests::import_rejects_out_of_order_blocks ... ok
test state_service::state_store::tests::test_state_snapshot_operations ... ok
test state_service::state_store::tests::test_state_store_creation ... ok
test state_service::state_root::multisig_verify_tests::verify_accepts_signatures_as_subsequence_of_sorted_keys ... ok
test state_service::state_store::tests::update_local_state_root_returns_commit_error ... ok
test state_service::state_store::tests::validate_state_root_exists_checks_presence ... ok
test state_service::state_store::tests::validated_root_hash_prefers_validated_index ... ok
test state_service::state_store::tests::update_local_state_root_snapshot_rejects_missing_reference_in_active_range ... ok
test state_service::state_store::tests::verify_state_root_on_persist_fails_for_mismatch ... ok
test state_service::state_store::tests::verify_state_root_on_persist_fails_for_missing_index ... ok
test state_service::state_store::tests::verify_state_root_on_persist_succeeds ... ok
test state_service::state_store::tests::update_local_state_root_snapshot_rejects_reference_root_mismatch ... ok
test state_service::state_store::tests::verify_state_root_returns_mismatch_for_different_root ... ok
test state_service::state_store::tests::verify_state_root_returns_not_found_for_missing_root ... ok
test state_service::state_store::tests::verifies_state_root_witness_against_designated_state_validators ... ok
test state_service::state_store::tests::verify_state_root_returns_valid_for_matching_root ... ok
test state_service::state_store::tests::verify_state_root_with_witness_missing_witness ... ok
test state_service::state_store::tests::verify_state_root_with_witness_no_verifier ... ok
test telemetry::metrics::tests::counter_increments ... ok
test telemetry::metrics::tests::gauge_sets_and_increments ... ok
test telemetry::metrics::tests::histogram_records_observations ... ok
test telemetry::recorder::tests::recorder_stores_gauges ... ok
test telemetry::recorder::tests::recorder_stores_counters ... ok
test telemetry::recorder::tests::snapshot_exports_json ... ok
test telemetry::recorder::tests::snapshot_exports_prometheus_format ... ok
test telemetry::tests::telemetry_increments_counters ... ok
test telemetry::tests::telemetry_records_blockchain_metrics ... ok
test tests::big_decimal_tests::big_decimal_tests::test_big_decimal_constructor ... ok
test tests::big_decimal_tests::big_decimal_tests::test_change_decimals ... ok
test state_service::async_state_root::tests::test_on_commit_triggers_background_task ... ok
test tests::persistence::data_cache_tests::data_cache_tests::test_data_cache_delete ... ok
test telemetry::tests::telemetry_records_gauges ... ok
test tests::persistence::data_cache_tests::data_cache_tests::test_data_cache_new_is_empty ... ok
test tests::persistence::data_cache_tests::data_cache_tests::test_storage_item_creation ... ok
test tests::persistence::data_cache_tests::data_cache_tests::test_data_cache_add_and_get ... ok
test tests::persistence::data_cache_tests::data_cache_tests::test_storage_item_default ... ok
test tests::persistence::data_cache_tests::data_cache_tests::test_storage_key_creation ... ok
test tests::persistence::data_cache_tests::data_cache_tests::test_storage_key_with_byte ... ok
test tests::persistence::data_cache_tests::data_cache_tests::test_data_cache_snapshot ... ok
test tests::persistence::data_cache_tests::data_cache_tests::test_storage_key_with_uint160 ... ok
test tests::persistence::data_cache_tests::data_cache_tests::test_storage_key_with_uint256 ... ok
test tests::wallets::wallet_tests::wallet_tests::test_wallet_account_operations ... ok
test tests::wallets::wallet_tests::wallet_tests::test_wallet_basic_creation ... ok
test tests::wallets::wallet_tests::wallet_tests::test_wallet_import_functions ... ok
test tests::wallets::wallet_tests::wallet_tests::test_wallet_key_management ... ok
test tests::wallets::wallet_tests::wallet_tests::test_wallet_multisig_operations ... ok
test tests::wallets::wallet_tests::wallet_tests::test_wallet_nep2_encryption ... ok
test tests::wallets::wallet_tests::wallet_tests::test_wallet_signing_operations ... ok
test tests::wallets::wallet_tests::wallet_tests::test_wallet_transaction_creation ... ok
test tests::wallets::wallet_tests::wallet_tests::test_wallet_verification_operations ... ok
test tests::wallets::wallet_tests::wallet_tests::test_wallet_wif_operations ... ok
test time_provider::tests::test_time_provider_override ... ok
test tokens_tracker::runtime::tests::result_action_disables_tracker_when_commit_error_stops_plugin ... ok
test tokens_tracker::runtime::tests::result_action_keeps_tracker_enabled_when_commit_error_continues ... ok
test tokens_tracker::trackers::nep_11::tests::nep11_key_size_matches_serialized_varbytes_boundaries ... ok
test validation::tests::block_validation_error_display_messages_remain_stable ... ok
test validation::tests::max_constants_are_correct ... ok
test validation::tests::validate_block_size_raw_accepts_valid_size ... ok
test validation::tests::validate_block_size_raw_rejects_oversized ... ok
test validation::tests::validate_block_version_accepts_version_0 ... ok
test validation::tests::validate_block_version_rejects_unsupported_versions ... ok
test validation::tests::validate_merkle_root_accepts_empty_block ... ok
test validation::tests::validate_merkle_root_rejects_wrong_root_for_empty ... ok
test validation::tests::validate_no_duplicate_transactions_accepts_unique ... ok
test validation::tests::validate_primary_index_accepts_valid ... ok
test validation::tests::validate_primary_index_rejects_invalid ... ok
test validation::tests::validate_timestamp_bounds_accepts_valid_timestamp ... ok
test validation::tests::validate_timestamp_bounds_rejects_far_future ... ok
test validation::tests::validate_timestamp_bounds_rejects_past_timestamp ... ok
test validation::tests::validate_timestamp_progression_accepts_increasing ... ok
test validation::tests::validate_timestamp_progression_rejects_non_increasing ... ok
test validation::tests::validate_transaction_count_raw_accepts_valid_count ... ok
test validation::tests::validate_transaction_count_raw_rejects_too_many ... ok
test validation::tests::validate_witness_scripts_accepts_valid ... ok
test validation::tests::validate_witness_scripts_rejects_oversized_invocation ... ok
test validation::tests::validate_witness_scripts_rejects_oversized_verification ... ok
test witness::tests::test_witness_clone ... ok
test wallets::key_pair::tests::test_key_pair_generation ... ok
test witness::tests::test_witness_empty ... ok
test witness::tests::test_witness_new ... ok
test witness::tests::test_witness_new_with_scripts ... ok
test wallets::key_pair::tests::test_wif_round_trip ... ok
test witness::tests::test_witness_serialization ... ok
test witness::tests::test_witness_size ... ok
test witness::tests::witness_size_matches_serialized_length_at_var_size_boundaries ... ok
test witness_rule::tests::boolean_condition_json_matches_csharp_structure ... ok
test wallets::key_pair::tests::test_sign_verify ... ok
test witness_rule::tests::group_condition_json_roundtrip_without_prefix ... ok
test witness_rule::tests::protocol_enum_guard_rejects_unknown_witness_condition_type_bytes ... ok
test witness_rule::tests::protocol_enum_guard_rejects_unknown_witness_rule_action_bytes ... ok
test witness_rule::tests::test_witness_condition_type_values ... ok
test witness_rule::tests::test_witness_condition_validation ... ok
test witness_rule::tests::test_witness_rule_action_values ... ok
test witness_rule::tests::test_witness_rule_creation ... ok
test witness_rule::tests::witness_rule_projects_to_neo_vm_rs_stack_value ... ok
test witness_rule::tests::witness_rule_stack_item_projection_matches_stack_value_projection ... ok
test witness::tests::test_witness_verify_multi_signature ... ok
test state_service::tiered_storage::tests::test_tier_initialization ... ok
test telemetry::tests::timer_records_duration ... ok
test state_service::tiered_storage::tests::test_statistics_tracking ... ok
test state_service::tiered_storage::tests::test_tier_routing_by_type ... ok
test state_service::tiered_storage::tests::test_clear_all_tiers ... ok
test neo_system::core::tests::wallet_changed_handlers_receive_events ... ok
test ledger::blockchain::tests::tests::import_rejects_invalid_block_when_verify_enabled ... ok
test network::p2p::task_manager::tests::request_tasks_rolls_back_header_and_index_tasks_when_peer_send_fails ... ok
test oracle_service::service::tests::dedup::dedup_cache_prunes_expired_urls_before_checking_recent_duplicates ... ok
test oracle_service::service::tests::dedup::dedup_cache_retains_future_urls_without_marking_them_recent ... ok
test oracle_service::service::tests::dedup::dedup_cache_tracks_in_flight_and_recent_urls ... ok
test ledger::blockchain::tests::tests::reverify_accepts_raw_transaction_payload ... ok
test oracle_service::service::tests::dedup::disabled_deduplication_does_not_track_urls ... ok
test oracle_service::service::tests::dedup::finished_cache_entries_clear_on_timer_sweep ... ok
test neo_system::core::tests::local_node_defaults_match_csharp ... ok
test oracle_service::service::tests::response_tx::create_response_tx_matches_csharp_fee_math ... ok
test tokens_tracker::trackers::tracker_base::tests::tracker_base_commit_propagates_snapshot_try_commit_failure ... ok
test ledger::blockchain::tests::tests::reverify_accepts_deserialized_payload ... ok
test network::p2p::framed::tests::read_frame_allows_progressing_frame_across_total_timeout_budget ... ok
test ledger::blockchain::tests::tests::reverify_does_not_schedule_idle_when_header_backlog_exists ... ok

test result: ok. 774 passed; 0 failed; 0 ignored; 0 measured; 0 filtered out; finished in 0.37s

     Running tests\abi_encoding_refinement_tests.rs (target\debug\deps\abi_encoding_refinement_tests-c5dd8b43da8187ec.exe)

running 26 tests
test test_array_encoding_roundtrip ... ok
test test_boolean_exact_encoding_format ... ok
test test_array_vs_struct_distinction ... ok
test test_boolean_encoding_roundtrip ... ok
test test_biginteger_encoding_roundtrip ... ok
test test_buffer_encoding_roundtrip ... ok
test test_byte_content_preservation_string ... ok
test test_bytestring_encoding_roundtrip ... ok
test test_comprehensive_roundtrip_coverage ... ok
test test_map_encoding_roundtrip ... ok
test test_empty_collections ... ok
test test_null_in_collections ... ok
test test_pointer_encoding_roundtrip ... ok
test test_integer_encoding_roundtrip ... ok
test test_integer_length_conservation ... ok
test test_interop_handle_encoding ... ok
test test_deeply_nested_structures ... ok
test test_large_collections ... ok
test test_mixed_type_stack ... ok
test test_null_encoding_exact ... ok
test test_expected_type_tags_match_constants ... ok
test test_serialization_determinism ... ok
test test_struct_encoding_roundtrip ... ok
test test_iterator_handle_encoding ... ok
test test_tag_separation_all_variants ... ok
test test_type_preservation_through_multiple_roundtrips ... ok

test result: ok. 26 passed; 0 failed; 0 ignored; 0 measured; 0 filtered out; finished in 0.00s

     Running tests\application_engine_contract_tests.rs (target\debug\deps\application_engine_contract_tests-bf272e32236bfd9f.exe)

running 2 tests
test contract_create_standard_account_matches_redeem_script_hash ... ok
test contract_create_multisig_account_matches_redeem_script_hash ... ok

test result: ok. 2 passed; 0 failed; 0 ignored; 0 measured; 0 filtered out; finished in 0.00s

     Running tests\application_engine_runtime_tests.rs (target\debug\deps\application_engine_runtime_tests-434d12a01293f976.exe)

running 7 tests
test runtime_notify_rejects_interop_interface_argument ... ok
test runtime_log_rejects_invalid_utf8 ... ok
test runtime_notify_rejects_pointer_argument ... ok
test runtime_notify_coerces_buffer_to_byte_string ... ok
test runtime_notify_rejects_circular_state ... ok
test runtime_get_random_different_transactions_diverge ... ok
test runtime_get_random_same_block_matches_csharp ... ok

test result: ok. 7 passed; 0 failed; 0 ignored; 0 measured; 0 filtered out; finished in 0.00s

     Running tests\async_pipeline_integration_tests.rs (target\debug\deps\async_pipeline_integration_tests-12b586f9cdd622b9.exe)

running 4 tests
test verify_root_match_matches_documented_metrics ... ok
test metrics_snapshot_is_cumulative ... ok
test fresh_service_has_no_pending_or_cached_roots ... ok
test concurrent_verifications_are_all_counted ... ok

test result: ok. 4 passed; 0 failed; 0 ignored; 0 measured; 0 filtered out; finished in 0.00s

     Running tests\base58_tests.rs (target\debug\deps\base58_tests-32f7f79e47514699.exe)

running 1 test
test base58_encode_decode_vectors_match_csharp ... ok

test result: ok. 1 passed; 0 failed; 0 ignored; 0 measured; 0 filtered out; finished in 0.00s

     Running tests\block_serialization_compatibility_tests.rs (target\debug\deps\block_serialization_compatibility_tests-e9a89c5f8d3df4ca.exe)

running 18 tests
test block_serialization_tests::test_block_equality ... ok
test block_serialization_tests::test_block_chain_linkage ... ok
test block_serialization_tests::test_block_max_transactions_validation ... ok
test block_serialization_tests::test_block_header_access ... ok
test block_serialization_tests::test_block_inventory_type ... ok
test block_serialization_tests::test_block_duplicate_transaction_detection ... ok
test header_serialization_tests::test_header_hash_excludes_witness ... ok
test block_serialization_tests::test_block_merkle_root_calculation ... ok
test block_serialization_tests::test_block_with_three_transactions_size ... ok
test block_serialization_tests::test_block_serialization_roundtrip ... ok
test block_serialization_tests::test_block_hash_determinism ... ok
test block_serialization_tests::test_block_witness ... ok
test block_serialization_tests::test_empty_block_size ... ok
test header_serialization_tests::test_header_serialization_roundtrip ... ok
test block_serialization_tests::test_block_with_one_transaction_size ... ok
test header_serialization_tests::test_header_size ... ok
test block_serialization_tests::test_block_network_fee_calculation ... ok
test header_serialization_tests::test_header_version_validation ... ok

test result: ok. 18 passed; 0 failed; 0 ignored; 0 measured; 0 filtered out; finished in 0.00s

     Running tests\block_sync_tests.rs (target\debug\deps\block_sync_tests-748cb9d85b6d614d.exe)

running 6 tests
test test_block_chain_linkage ... ok
test test_block_serialization_roundtrip ... ok
test test_no_duplicate_transactions_validation ... ok
test test_empty_block_merkle_root ... ok
test test_block_size_limit_enforcement ... ok
test test_block_header_hash_consistency ... ok

test result: ok. 6 passed; 0 failed; 0 ignored; 0 measured; 0 filtered out; finished in 0.00s

     Running tests\block_validation_compliance_tests.rs (target\debug\deps\block_validation_compliance_tests-b25a5e348a5423ac.exe)

running 2 tests
test tests::test_block_validation_vectors ... ignored, v3.10.1 C# block_vectors.json fixture is not provisioned
test tests::test_genesis_block_validation ... ignored, v3.10.1 C# genesis block fixture is not provisioned

test result: ok. 0 passed; 0 failed; 2 ignored; 0 measured; 0 filtered out; finished in 0.00s

     Running tests\block_validation_refinement_tests.rs (target\debug\deps\block_validation_refinement_tests-9504ebd50296bf1e.exe)

running 9 tests
test test_block_size_invariant ... ok
test test_invalid_block_version_rejection ... ok
test test_block_header_hash_deterministic ... ok
test test_primary_index_bounds_checking ... ok
test test_valid_block_satisfies_constraints ... ok
test test_merkle_root_empty_transactions ... ok
test test_header_hash_independence_of_witnesses ... ok
test test_timestamp_range_validation ... ok
test test_block_merkle_root_computation ... ok

test result: ok. 9 passed; 0 failed; 0 ignored; 0 measured; 0 filtered out; finished in 0.00s

     Running tests\block_validation_roundtrip_refinement_tests.rs (target\debug\deps\block_validation_roundtrip_refinement_tests-62b88b2702e20209.exe)

running 16 tests
test test_block_roundtrip_empty ... ok
test test_block_roundtrip_single_transaction ... ok
test test_block_roundtrip_many_transactions ... ok
test test_concurrent_roundtrip_isolation ... ok
test test_complete_block_structure_preservation ... ok
test test_block_roundtrip_max_capacity ... ok
test test_header_hash_deterministic_across_roundtrips ... ok
test test_header_hash_independence_from_witness_content ... ok
test test_header_hash_independence_from_witness_count ... ok
test test_merkle_root_two_transactions ... ok
test test_merkle_root_empty_transactions ... ok
test test_genesis_block_roundtrip ... ok
test test_merkle_root_odd_number_duplication ... ok
test test_merkle_root_large_scale ... ok
test test_merkle_root_single_transaction ... ok
test test_merkle_root_deterministic_verification ... ok

test result: ok. 16 passed; 0 failed; 0 ignored; 0 measured; 0 filtered out; finished in 0.00s

     Running tests\blockchain_import_failure_tests.rs (target\debug\deps\blockchain_import_failure_tests-03c3ed07ad2e1ae1.exe)

running 2 tests
test persist_block_reports_fee_burn_failure_for_unfunded_sender ... ok
test import_does_not_advance_height_when_persist_fails ... ok

test result: ok. 2 passed; 0 failed; 0 ignored; 0 measured; 0 filtered out; finished in 0.13s

     Running tests\bloom_filter_tests.rs (target\debug\deps\bloom_filter_tests-23dc4dd21d314203.exe)

running 5 tests
test bloom_filter_add_and_check_round_trip ... ok
test bloom_filter_rejects_invalid_parameters ... ok
test bloom_filter_with_bits_rehydrates_state ... ok
test bloom_filter_with_bits_preserves_padding_byte ... ok
test bloom_filter_bits_use_neo_lsb_wire_packing ... ok

test result: ok. 5 passed; 0 failed; 0 ignored; 0 measured; 0 filtered out; finished in 0.00s

     Running tests\call_flags_syscall_tests.rs (target\debug\deps\call_flags_syscall_tests-130db90c41529319.exe)

running 2 tests
test runtime_log_requires_allow_notify_flag ... ok
test runtime_notify_requires_allow_notify_flag ... ok

test result: ok. 2 passed; 0 failed; 0 ignored; 0 measured; 0 filtered out; finished in 0.00s

     Running tests\call_native_marshalling_tests.rs (target\debug\deps\call_native_marshalling_tests-17a6a0aa2d6b1d7e.exe)

running 1 test
test stack_item_to_bytes_serializes_null_as_binary_null_payload ... ok

test result: ok. 1 passed; 0 failed; 0 ignored; 0 measured; 0 filtered out; finished in 0.00s

     Running tests\contract_parameters_context_tests.rs (target\debug\deps\contract_parameters_context_tests-dd0cf40eec6a0ba5.exe)

running 4 tests
test test_add_contract_requires_script_hash_in_context ... ok
test test_single_signature_rejects_multiple_signature_parameters ... ok
test test_multisig_rejects_non_member_signature ... ok
test test_multisig_invocation_ordering ... ok

test result: ok. 4 passed; 0 failed; 0 ignored; 0 measured; 0 filtered out; finished in 0.00s

     Running tests\contract_permission_descriptor_tests.rs (target\debug\deps\contract_permission_descriptor_tests-1f08f03e49f55d8f.exe)

running 1 test
test contract_permission_descriptor_equality_matches_csharp ... ok

test result: ok. 1 passed; 0 failed; 0 ignored; 0 measured; 0 filtered out; finished in 0.00s

     Running tests\contract_script_parity_tests.rs (target\debug\deps\contract_script_parity_tests-46f3db9c2819db5c.exe)

running 2 tests
test signature_redeem_script_matches_opcode_layout ... ok
test multisig_redeem_script_sorts_pubkeys_like_csharp ... ok

test result: ok. 2 passed; 0 failed; 0 ignored; 0 measured; 0 filtered out; finished in 0.00s

     Running tests\crypto_interop_tests.rs (target\debug\deps\crypto_interop_tests-32ef75f03698bd53.exe)

running 2 tests
test crypto_checksig_accepts_uncompressed_pubkey ... ok
test crypto_checkmultisig_behaves_like_csharp ... ok

test result: ok. 2 passed; 0 failed; 0 ignored; 0 measured; 0 filtered out; finished in 0.00s

     Running tests\crypto_lib_tests.rs (target\debug\deps\crypto_lib_tests-c11541813ecdca6b.exe)

running 45 tests
test crypto_lib_murmur32_matches_csharp_hello_world ... ok
test crypto_lib_recover_secp256k1_roundtrip ... ok
test crypto_lib_keccak256_matches_csharp_hello_world ... ok
test crypto_lib_ripemd160_matches_csharp_hello_world ... ok
test crypto_lib_bls12381_add_gt ... ok
test crypto_lib_bls12381_deserialize_gt ... ok
test crypto_lib_keccak256_matches_csharp_long_string ... ok
test crypto_lib_bls12381_deserialize_invalid_g1 ... ok
test crypto_lib_verify_with_ecdsa_hardfork_metadata_selects_single_version ... ok
test crypto_lib_bls12381_equal_g1 ... ok
test crypto_lib_bls12381_serialize_roundtrip ... ok
test crypto_lib_bls12381_equal_type_mismatch_faults ... ok
test crypto_lib_bls12381_deserialize_invalid_g2 ... ok
test crypto_lib_bls12381_mul_invalid_scalar_length ... ok
test crypto_lib_keccak256_matches_csharp_cryptography ... ok
test crypto_lib_keccak256_matches_csharp_testing123 ... ok
test crypto_lib_sha256_matches_csharp_hello_world ... ok
test crypto_lib_bls12381_deserialize_g2 ... ok
test crypto_lib_keccak256_matches_csharp_blank_string ... ok
test test_bls12381_derive_public_key ... ok
test crypto_lib_bls12381_deserialize_g1 ... ok
test test_bls12381_aggregate_signatures ... ok
test test_crypto_lib_methods ... ok
test test_crypto_lib_name ... ok
test test_hash160 ... ok
test crypto_lib_bls12381_pairing_g1_g2 ... ok
test crypto_lib_bls12381_mul_gt ... ok
test test_crypto_lib_id ... ok
test test_hash256 ... ok
test crypto_lib_keccak256_matches_csharp_keccak ... ok
test test_hash_consistency ... ok
test test_hash_uniqueness ... ok
test test_ripemd160 ... ok
test test_ripemd160_empty ... ok
test crypto_lib_verify_with_ed25519 ... ok
test test_sha256 ... ok
test test_sha256_empty ... ok
test crypto_lib_verify_with_ecdsa_custom_tx_witness_single_sig ... ok
test crypto_lib_verify_with_ecdsa_named_curve_hash_keccak ... ok
test crypto_lib_verify_with_ecdsa_legacy_rejects_keccak ... ok
test crypto_lib_verify_with_ecdsa_named_curve_hash_sha256 ... ok
test test_bls12381_verify_wrong_message ... ok
test test_bls12381_sign_verify ... ok
test crypto_lib_verify_with_ecdsa_custom_tx_witness_multi_sig ... ok
test crypto_lib_bls12381_mul_vectors ... ok

test result: ok. 45 passed; 0 failed; 0 ignored; 0 measured; 0 filtered out; finished in 0.01s

     Running tests\cryptography_tests.rs (target\debug\deps\cryptography_tests-896387325f1251c4.exe)

running 10 tests
test test_compress_public_key_helper ... ok
test test_hash_functions ... ok
test test_key_generation_and_derivation ... ok
test test_error_cases ... ok
test test_ec_recover ... ok
test test_recoverable_signature_round_trip ... ok
test test_script_hash_computation ... ok
test test_verify_signature ... ok
test test_secp256k1_compatibility ... ok
test test_signature_round_trip ... ok

test result: ok. 10 passed; 0 failed; 0 ignored; 0 measured; 0 filtered out; finished in 0.00s

     Running tests\csharp_compatibility_tests.rs (target\debug\deps\csharp_compatibility_tests-6a35f57f3f0317b4.exe)

running 16 tests
test test_signer_creation_and_validation ... ok
test test_signer_json_serialization ... ok
test test_uint160_compare_to ... ok
test test_transaction_get_hash_code ... ok
test test_transaction_get_size ... ok
test test_uint256_equals ... ok
test test_uint160_get_hash_code ... ok
test test_transaction_to_array ... ok
test test_uint160_parse ... ok
test test_uint160_to_string ... ok
test test_uint160_try_parse ... ok
test test_uint256_compare_to ... ok
test test_uint256_parse ... ok
test test_witness_creation_and_validation ... ok
test test_uint160_equals ... ok
test test_witness_max_size ... ok

test result: ok. 16 passed; 0 failed; 0 ignored; 0 measured; 0 filtered out; finished in 0.00s

     Running tests\gas_token_compliance_tests.rs (target\debug\deps\gas_token_compliance_tests-0d76954b9609620a.exe)

running 3 tests
test tests::test_gas_token_constants ... ok
test tests::test_balance_of_zero_account ... ok
test tests::test_initial_supply ... ok

test result: ok. 3 passed; 0 failed; 0 ignored; 0 measured; 0 filtered out; finished in 0.00s

     Running tests\hash_index_state_tests.rs (target\debug\deps\hash_index_state_tests-ac67ef002fbac28f.exe)

running 1 test
test hash_index_state_round_trips_via_stack_value ... ok

test result: ok. 1 passed; 0 failed; 0 ignored; 0 measured; 0 filtered out; finished in 0.00s

     Running tests\header_cache_tests.rs (target\debug\deps\header_cache_tests-f0bd35972168c13f.exe)

running 3 tests
test header_cache_basics_match_csharp ... ok
test header_cache_remove_up_to_clears_consumed_headers ... ok
test header_cache_refuses_add_when_full ... ok

test result: ok. 3 passed; 0 failed; 0 ignored; 0 measured; 0 filtered out; finished in 0.00s

     Running tests\integration_tests.rs (target\debug\deps\integration_tests-d4818b764012debd.exe)

running 9 tests
test test_big_decimal_operations ... ok
test test_byte_extensions ... ok
test test_event_manager ... ok
test test_transaction_type_enum ... ok
test test_builders ... ok
test test_uint160_creation_and_comparison ... ok
test test_uint160_extensions ... ok
test test_uint256_creation_and_comparison ... ok
test test_hardfork_manager ... ok

test result: ok. 9 passed; 0 failed; 0 ignored; 0 measured; 0 filtered out; finished in 0.00s

     Running tests\interoperable_not_supported_tests.rs (target\debug\deps\interoperable_not_supported_tests-c2d431871b3b0275.exe)

running 3 tests
test notify_event_args_from_stack_item_returns_error ... ok
test signer_from_stack_item_returns_error ... ok
test trimmed_block_from_stack_item_returns_error ... ok

test result: ok. 3 passed; 0 failed; 0 ignored; 0 measured; 0 filtered out; finished in 0.00s

     Running tests\io_tests.rs (target\debug\deps\io_tests-67bad84255a5109e.exe)

running 44 tests
test test_binary_reader_read_fixed_bytes ... ok
test test_binary_reader_read_var_bytes ... ok
test test_binary_reader_read_var_bytes_error_positions ... ok
test test_binary_reader_read_var_int ... ok
test test_binary_reader_read_var_int_accepts_non_canonical_encoding ... ok
test test_binary_reader_read_var_int_eof_positions ... ok
test test_binary_reader_read_var_int_max_violation_consumes_encoded_width ... ok
test test_binary_writer_write_var_string ... ok
test test_binary_writer_variable_length ... ok
test test_binary_writer_write_fixed_string ... ok
test test_binary_writer_write_serializable ... ok
test test_byte_extensions_compression_round_trip ... ok
test test_byte_extensions_compression_errors ... ok
test test_binary_writer_write_var_bytes ... ok
test test_binary_writer_write_var_int_boundaries ... ok
test test_binary_writer_basic_operations ... ok
test test_byte_extensions_as_serializable ... ok
test test_memory_reader_read_int16_big_endian ... ok
test test_collection_extensions_to_byte_array ... ok
test test_memory_reader_position_management ... ok
test test_memory_reader_read_boolean ... ok
test test_memory_reader_read_int64_big_endian ... ok
test test_byte_extensions_as_serializable_array ... ok
test test_memory_reader_read_int32 ... ok
test test_memory_reader_read_int32_big_endian ... ok
test test_memory_reader_read_fixed_string ... ok
test test_memory_reader_read_sbyte ... ok
test test_memory_reader_end_of_stream ... ok
test test_memory_reader_read_serializable ... ok
test test_binary_writer_write_serializable_collection ... ok
test test_memory_reader_read_nullable_array ... ok
test test_memory_reader_read_serializable_array ... ok
test test_memory_reader_read_uint16_big_endian ... ok
test test_memory_reader_read_uint32_big_endian ... ok
test test_memory_reader_read_uint64 ... ok
test test_memory_reader_read_uint64_big_endian ... ok
test test_memory_reader_read_var_bytes ... ok
test test_memory_reader_read_var_int ... ok
test test_memory_reader_read_var_string ... ok
test test_serializable_to_array ... ok
test test_serialization_round_trip_uint160 ... ok
test test_serialization_round_trip_uint256 ... ok
test test_serialization_round_trip_transaction ... ok
test test_transaction_serialization_comprehensive ... ok

test result: ok. 44 passed; 0 failed; 0 ignored; 0 measured; 0 filtered out; finished in 0.00s

     Running tests\ledger_contract_tests.rs (target\debug\deps\ledger_contract_tests-3213119916c00749.exe)

running 11 tests
test ledger_method_metadata_matches_protocol ... ok
test ledger_get_block_reconstructs_from_trimmed_block_and_states ... ok
test ledger_get_transaction_state_returns_height ... ok
test ledger_current_index_and_hash_after_persist ... ok
test ledger_contains_block_and_transaction ... ok
test ledger_get_block_hash_matches_genesis ... ok
test ledger_get_block_by_hash_and_index ... ok
test ledger_get_transaction_from_block_keeps_missing_null_and_bad_index_error ... ok
test ledger_invoke_missing_data_and_argument_errors_stay_distinct ... ok
test ledger_invoke_read_methods_keep_result_shapes ... ok
test ledger_contract_call_get_transaction_height ... ok

test result: ok. 11 passed; 0 failed; 0 ignored; 0 measured; 0 filtered out; finished in 0.01s

     Running tests\ledger_tests.rs (target\debug\deps\ledger_tests-da395d7bfd8a1dc9.exe)

running 2 tests
test header_cache_basic_behaviour ... ok
test header_cache_respects_capacity ... ok

test result: ok. 2 passed; 0 failed; 0 ignored; 0 measured; 0 filtered out; finished in 0.00s

     Running tests\local_node_relay_tests.rs (target\debug\deps\local_node_relay_tests-1860779fb9959e2d.exe)

running 11 tests
test register_remote_node_updates_and_clears_per_ip_connection_index ... ok
test address_book_ignores_peers_without_tcp_server_capability ... ok
test address_book_groups_same_ip_and_uses_version_timestamp ... ok
test outbound_tcp_failure_does_not_requeue_endpoint ... ok
test timer_elapsed_drops_endpoint_when_connect_attempt_is_rejected ... ok
test send_directly_pushes_full_inventory_to_remote_nodes ... ok
test handshake_failure_does_not_requeue_outbound_endpoint ... ok
test relay_directly_announces_inventory_to_remote_nodes ... ok
test connect_before_config_is_deferred_until_configure ... ok
test timer_elapsed_with_connected_peers_uses_getaddr_without_seeding ... ok
test timer_elapsed_does_not_request_more_peers_when_unconnected_pool_is_non_empty ... ok

test result: ok. 11 passed; 0 failed; 0 ignored; 0 measured; 0 filtered out; finished in 0.35s

     Running tests\mainnet_block_1074782_repro.rs (target\debug\deps\mainnet_block_1074782_repro-fc20db7e77c375ca.exe)

running 0 tests

test result: ok. 0 passed; 0 failed; 0 ignored; 0 measured; 0 filtered out; finished in 0.00s

     Running tests\mainnet_block_1208916_repro.rs (target\debug\deps\mainnet_block_1208916_repro-b724d65280193615.exe)

running 0 tests

test result: ok. 0 passed; 0 failed; 0 ignored; 0 measured; 0 filtered out; finished in 0.00s

     Running tests\mainnet_block_1268131_repro.rs (target\debug\deps\mainnet_block_1268131_repro-1a633a62c36f88cb.exe)

running 0 tests

test result: ok. 0 passed; 0 failed; 0 ignored; 0 measured; 0 filtered out; finished in 0.00s

     Running tests\mainnet_block_1283521_repro.rs (target\debug\deps\mainnet_block_1283521_repro-21cea95dd8ba0070.exe)

running 0 tests

test result: ok. 0 passed; 0 failed; 0 ignored; 0 measured; 0 filtered out; finished in 0.00s

     Running tests\mainnet_block_1394579_repro.rs (target\debug\deps\mainnet_block_1394579_repro-ca68fa32459da7b0.exe)

running 0 tests

test result: ok. 0 passed; 0 failed; 0 ignored; 0 measured; 0 filtered out; finished in 0.00s

     Running tests\mainnet_block_1465790_repro.rs (target\debug\deps\mainnet_block_1465790_repro-c3f10081139ee02c.exe)

running 0 tests

test result: ok. 0 passed; 0 failed; 0 ignored; 0 measured; 0 filtered out; finished in 0.00s

     Running tests\mainnet_block_172613_repro.rs (target\debug\deps\mainnet_block_172613_repro-3df088b29d073de9.exe)

running 0 tests

test result: ok. 0 passed; 0 failed; 0 ignored; 0 measured; 0 filtered out; finished in 0.00s

     Running tests\mainnet_block_203262_repro.rs (target\debug\deps\mainnet_block_203262_repro-3f846542755379c6.exe)

running 0 tests

test result: ok. 0 passed; 0 failed; 0 ignored; 0 measured; 0 filtered out; finished in 0.00s

     Running tests\mainnet_block_274157_repro.rs (target\debug\deps\mainnet_block_274157_repro-080b78f65e798e29.exe)

running 0 tests

test result: ok. 0 passed; 0 failed; 0 ignored; 0 measured; 0 filtered out; finished in 0.00s

     Running tests\mainnet_block_294369_repro.rs (target\debug\deps\mainnet_block_294369_repro-ec75f681d71c18d6.exe)

running 0 tests

test result: ok. 0 passed; 0 failed; 0 ignored; 0 measured; 0 filtered out; finished in 0.00s

     Running tests\mainnet_block_4410_repro.rs (target\debug\deps\mainnet_block_4410_repro-5449734d46a4e2b2.exe)

running 0 tests

test result: ok. 0 passed; 0 failed; 0 ignored; 0 measured; 0 filtered out; finished in 0.00s

     Running tests\mainnet_block_676050_repro.rs (target\debug\deps\mainnet_block_676050_repro-181517cce210e534.exe)

running 0 tests

test result: ok. 0 passed; 0 failed; 0 ignored; 0 measured; 0 filtered out; finished in 0.00s

     Running tests\mainnet_block_679779_repro.rs (target\debug\deps\mainnet_block_679779_repro-2d2e15fcdf05f416.exe)

running 0 tests

test result: ok. 0 passed; 0 failed; 0 ignored; 0 measured; 0 filtered out; finished in 0.00s

     Running tests\mainnet_block_980196_repro.rs (target\debug\deps\mainnet_block_980196_repro-2d0ccc89b80f3e4c.exe)

running 0 tests

test result: ok. 0 passed; 0 failed; 0 ignored; 0 measured; 0 filtered out; finished in 0.00s

     Running tests\mainnet_state_roots_vs_csharp.rs (target\debug\deps\mainnet_state_roots_vs_csharp-d7d48af1d8e0a8ee.exe)

running 0 tests

test result: ok. 0 passed; 0 failed; 0 ignored; 0 measured; 0 filtered out; finished in 0.00s

     Running tests\mempool_validation_refinement_tests.rs (target\debug\deps\mempool_validation_refinement_tests-0cfe5c84fc0397d3.exe)

running 17 tests
test t12_empty_pool_operations ... ok
test t9_same_tx_hash_rejected_second_time ... ok
test t13_single_element_pool ... ok
test t11_contains_key_prevents_duplicates ... ok
test t10_duplicate_detection_by_hash ... ok
test t3_fee_per_byte_determines_order ... ok
test t1_fee_priority_higher_fee_comes_first ... ok
test t5_hash_breaks_final_ties ... ok
test t4_network_fee_breaks_ties ... ok
test t2_high_priority_flag_beats_lower_fee ... ok
test t16_mixed_priority_scenario ... ok
test t15_priority_tiebreaker_determinism ... ok
test t7_overfill_triggers_eviction ... ok
test t14_full_pool_largest_allowed ... ok
test t17_verification_tie_to_coq_model ... ok
test t6_capacity_never_exceeded_512_limit ... ok
test t8_custom_capacity_respected ... ok

test result: ok. 17 passed; 0 failed; 0 ignored; 0 measured; 0 filtered out; finished in 3.47s

     Running tests\merkle_tree_tests.rs (target\debug\deps\merkle_tree_tests-cfe02e346700b6fb.exe)

running 5 tests
test merkle_tree_root_matches_manual_construction ... ok
test merkle_tree_trim_all_false_prunes_to_root ... ok
test merkle_block_payload_single_transaction_has_single_flag ... ok
test merkle_block_payload_pads_missing_flags ... ok
test merkle_block_payload_trims_and_packs_flags ... ok

test result: ok. 5 passed; 0 failed; 0 ignored; 0 measured; 0 filtered out; finished in 0.00s

     Running tests\method_token_tests.rs (target\debug\deps\method_token_tests-69aaec3fd62f07a8.exe)

running 6 tests
test method_token_deserialize_rejects_invalid_boolean_byte ... ok
test method_token_deserialize_rejects_invalid_call_flags ... ok
test method_token_deserialize_rejects_overlong_method_name ... ok
test method_token_legacy_vec_api_matches_serializable_wire_bytes ... ok
test method_token_legacy_vec_deserialize_accepts_serializable_wire_bytes ... ok
test method_token_roundtrip_matches_csharp ... ok

test result: ok. 6 passed; 0 failed; 0 ignored; 0 measured; 0 filtered out; finished in 0.00s

     Running tests\monitoring_tests.rs (target\debug\deps\monitoring_tests-38839e8cb2b42fe0.exe)

running 0 tests

test result: ok. 0 passed; 0 failed; 0 ignored; 0 measured; 0 filtered out; finished in 0.00s

     Running tests\multisig_depth_refinement_tests.rs (target\debug\deps\multisig_depth_refinement_tests-d2b63bb04e22f241.exe)

running 25 tests
test composite_dup_and_partial ... ok
test three_way_duplicate_complexity ... ok
test duplicate_breaks_account_binding ... ok
test exact_duplicate_detection ... ok
test sort_preserves_key_integrity ... ok
test duplicate_at_different_positions ... ok
test composite_sort_plus_insufficient ... ok
test partial_success_doesnt_count ... ok
test one_short_always_rejected ... ok
test mixed_valid_invalid_one_each ... ok
test zero_signatures_m_greater_zero ... ok
test mixed_valid_invalid_majority_invalid ... ok
test independent_signature_validation ... ok
test sort_ordering_deterministic_matching ... ok
test mixed_valid_invalid_last_one_fails ... ok
test unsorted_rejects_after_sorting ... ok
test negative_edge_case_check ... ok
test sort_stability_multiple_runs ... ok
test half_below_threshold ... ok
test high_ratio_requirement_strict ... ok
test eleven_of_seventeen_asymmetric ... ok
test full_suite_coverage_summary ... ok
test ten_of_twenty_committee_scale ... ok
test fifteen_of_twenty_one_committee_standard ... ok
test twenty_of_thirty_large_org ... ok

test result: ok. 25 passed; 0 failed; 0 ignored; 0 measured; 0 filtered out; finished in 0.02s

     Running tests\multisig_validation_refinement_tests.rs (target\debug\deps\multisig_validation_refinement_tests-1cdfef8ae3ad026e.exe)

running 14 tests
test test_ecdsa_signature_length_validation ... ok
test test_zero_required_signatures_invalid ... ok
test test_duplicate_key_prevention ... ok
test test_threshold_m_equals_n_all_sigs_required ... ok
test test_public_key_sorting_deterministic ... ok
test test_m_greater_than_n_invalid ... ok
test test_under_sig_rejection_zero_signatures ... ok
test test_exact_signature_count_required ... ok
test test_under_sig_rejection_one_short ... ok
test test_account_binding_script_hash_match ... ok
test test_threshold_2_of_3_standard_pattern ... ok
test test_account_binding_wrong_account_fails ... ok
test test_complete_property_suite_summary ... ok
test test_threshold_15_of_21_committee_scale ... ok

test result: ok. 14 passed; 0 failed; 0 ignored; 0 measured; 0 filtered out; finished in 0.01s

     Running tests\native_contract_tests.rs (target\debug\deps\native_contract_tests-6398fa11cb927ed7.exe)

running 12 tests
test test_active_deprecated_in ... ok
test test_active_deprecated_in_role_management ... ok
test test_nep17_helper_matches_neo_native_method_prefix_exactly ... ok
test test_neo_token_metadata_hardforks ... ok
test test_neo_token_method_metadata_matches_protocol ... ok
test test_nep17_helper_matches_gas_native_methods_exactly ... ok
test test_role_management_method_metadata_matches_protocol ... ok
test test_native_contract_id ... ok
test test_is_initialize_block ... ok
test test_get_contract ... ok
test test_genesis_nep17_manifest ... ok
test test_genesis_native_state ... ok

test result: ok. 12 passed; 0 failed; 0 ignored; 0 measured; 0 filtered out; finished in 0.01s

     Running tests\native_token_tests.rs (target\debug\deps\native_token_tests-478f9ea72256568d.exe)

running 12 tests
test gas_token_hash_matches_reference ... ok
test neo_token_hash_matches_reference ... ok
test gas_transfer_uses_current_contract_hash_for_contract_sender_authorization ... ok
test gas_token_mint_burn_and_transfer_update_balances ... ok
test neo_get_candidate_vote_returns_negative_one_for_missing_candidate ... ok
test nep17_native_read_methods_share_protocol_outputs ... ok
test call_native_contract_refreshes_contract_sender_context_before_gas_transfer ... ok
test nep17_native_balance_of_errors_are_shared ... ok
test system_contract_call_can_invoke_native_gas_symbol ... ok
test gas_transfer_triggers_on_nep17_payment_with_native_caller ... ok
test gas_transfer_passes_raw_any_payload_into_on_nep17_payment ... ok
test system_contract_call_gas_transfer_passes_raw_any_payload_into_on_nep17_payment ... ok

test result: ok. 12 passed; 0 failed; 0 ignored; 0 measured; 0 filtered out; finished in 0.00s

     Running tests\nef_file_tests.rs (target\debug\deps\nef_file_tests-81f2918da6fdca69.exe)

running 9 tests
test nef_deserialize_rejects_bad_checksum ... ok
test nef_deserialize_rejects_empty_script ... ok
test nef_deserialize_rejects_wrong_magic ... ok
test nef_roundtrip_matches_csharp ... ok
test nef_serialize_rejects_overlong_compiler ... ok
test nef_roundtrip_preserves_method_tokens ... ok
test nef_deserialize_rejects_oversize_script ... ok
test nef_size_matches_csharp ... ok
test nef_serialize_rejects_oversize_script ... ok

test result: ok. 9 passed; 0 failed; 0 ignored; 0 measured; 0 filtered out; finished in 0.00s

     Running tests\neotoken_parity_tests.rs (target\debug\deps\neotoken_parity_tests-fe3eb23811c26bc1.exe)

running 1 test
test test_unclaimed_gas_calculation_components ... ok

test result: ok. 1 passed; 0 failed; 0 ignored; 0 measured; 0 filtered out; finished in 0.00s

     Running tests\node_capability_csharp_tests.rs (target\debug\deps\node_capability_csharp_tests-635c474e5e48efb9.exe)

running 4 tests
test csharp_ut_archival_node_capability_deserialize_and_serialize ... ok
test csharp_ut_server_capability_deserialize_and_serialize ... ok
test csharp_ut_capability_size_get ... ok
test csharp_ut_unknown_capability_deserialize_unknown_roundtrip ... ok

test result: ok. 4 passed; 0 failed; 0 ignored; 0 measured; 0 filtered out; finished in 0.00s

     Running tests\notary_contract_tests.rs (target\debug\deps\notary_contract_tests-2651a1580e8d1893.exe)

running 22 tests
test test_default_max_not_valid_before_delta ... ok
test test_deposit_clone ... ok
test test_deposit_creation ... ok
test test_deposit_default ... ok
test test_deposit_large_amount ... ok
test test_deposit_stack_value_roundtrip ... ok
test test_notary_contract_hash ... ok
test test_notary_contract_id ... ok
test test_notary_contract_name ... ok
test test_notary_methods ... ok
test test_notary_safe_methods ... ok
test test_notary_unsafe_methods ... ok
test test_notary_id_constant ... ok
test check_get_max_not_valid_before_delta ... ok
test check_withdraw ... ok
test check_lock_deposit_until ... ok
test check_set_max_not_valid_before_delta ... ok
test check_on_persist_notary_rewards ... ok
test check_expiration_of ... ok
test check_on_persist_fee_per_key_update ... ok
test check_balance_of ... ok
test check_on_nep17_payment ... ok

test result: ok. 22 passed; 0 failed; 0 ignored; 0 measured; 0 filtered out; finished in 0.02s

     Running tests\notify_event_args_tests.rs (target\debug\deps\notify_event_args_tests-a6d824b9832d7628.exe)

running 1 test
test notify_event_args_to_stack_item_deep_copies_state ... ok

test result: ok. 1 passed; 0 failed; 0 ignored; 0 measured; 0 filtered out; finished in 0.00s

     Running tests\opcode_full_256_refinement_tests.rs (target\debug\deps\opcode_full_256_refinement_tests-13ebb5fb72c657eb.exe)

running 11 tests
test all_opcode_prices_non_negative ... ok
test comparative_price_relations ... ok
test formal_verification_tie_in ... ok
test find_most_expensive_opcodes ... ok
test individual_opcode_price_checks ... ok
test opcode_table_complete_size ... ok
test count_zero_price_opcodes ... ok
test specific_opcode_prices_match_coq_examples ... ok
test print_summary_statistics ... ok
test validate_price_tier_distribution ... ok
test verify_non_negativity_property ... ok

test result: ok. 11 passed; 0 failed; 0 ignored; 0 measured; 0 filtered out; finished in 0.00s

     Running tests\opcode_price_refinement_tests.rs (target\debug\deps\opcode_price_refinement_tests-39be2f10d93be59a.exe)

running 7 tests
test all_opcode_prices_non_negative ... ok
test find_most_expensive_opcodes ... ok
test opcode_price_bounds_check ... ok
test specific_opcode_prices_match_expected ... ok
test formal_verification_tie_in ... ok
test verify_non_negativity_property ... ok
test verify_zero_price_opcodes ... ok

test result: ok. 7 passed; 0 failed; 0 ignored; 0 measured; 0 filtered out; finished in 0.00s

     Running tests\oracle_contract_tests.rs (target\debug\deps\oracle_contract_tests-543a201eb72af6f9.exe)

running 17 tests
test oracle_method_and_event_metadata_snapshot ... ok
test oracle_verify_returns_false_without_transaction_container ... ok
test oracle_finish_rejects_direct_invocation_outside_fixed_response_script ... ok
test oracle_post_persist_ignores_unknown_response_ids ... ok
test oracle_response_verify_requires_request_fee_and_designated_oracle ... ok
test oracle_request_escrows_gas_for_response_to_oracle_contract_balance ... ok
test oracle_finish_rejects_unknown_request_before_callback ... ok
test oracle_finish_rejects_fixed_script_without_oracle_response_attribute ... ok
test oracle_verify_accepts_fixed_oracle_response_transaction ... ok
test oracle_request_rejects_invalid_callback_and_gas_without_persisting ... ok
test oracle_set_price_requires_committee_and_stores_signed_le_bigint_price ... ok
test oracle_request_requires_registered_calling_contract ... ok
test oracle_request_distinguishes_null_filter_from_empty_filter ... ok
test oracle_post_persist_cleans_known_requests_and_mints_gas_for_designated_nodes ... ok
test oracle_finish_emits_response_before_rejecting_bad_user_data ... ok
test oracle_finish_invokes_callback_with_url_userdata_code_and_result ... ok
test oracle_request_rejects_full_url_list_before_mutating_state ... ok

test result: ok. 17 passed; 0 failed; 0 ignored; 0 measured; 0 filtered out; finished in 0.20s

     Running tests\oracle_response_refinement_tests.rs (target\debug\deps\oracle_response_refinement_tests-ec4a6095dfcd3c22.exe)

running 10 tests
test concatenated_responses_decode_independently ... ok
test identifier_boundaries ... ok
test every_response_code_matches_protocol_table ... ok
test identifier_wire_order ... ok
test non_success_payload_is_rejected ... ok
test oversize_result_rejected_on_decode ... ok
test oversize_result_rejected_on_encode ... ok
test success_roundtrip ... ok
test truncated_response_rejected ... ok
test result_varint_boundaries ... ok

test result: ok. 10 passed; 0 failed; 0 ignored; 0 measured; 0 filtered out; finished in 0.00s

     Running tests\p2p_message_tests.rs (target\debug\deps\p2p_message_tests-99f6d0b59ed0abe0.exe)

running 20 tests
test test_inv_payload_creation ... ok
test test_inv_payload_max_hashes ... ok
test test_inventory_type_values ... ok
test test_message_command_values ... ok
test test_inv_payload_is_empty ... ok
test test_message_flags_compressed ... ok
test test_message_flags_roundtrip ... ok
test test_inv_payload_serialization ... ok
test test_message_compression_applied ... ok
test test_ping_payload_creation ... ok
test test_message_flags_none ... ok
test test_message_command_roundtrip ... ok
test test_message_serialization_roundtrip ... ok
test test_version_payload_creation ... ok
test test_message_to_bytes_no_compression ... ok
test test_payload_max_size ... ok
test test_ping_payload_serialization ... ok
test test_version_payload_capabilities ... ok
test test_message_size ... ok
test test_message_create_no_compression ... ok

test result: ok. 20 passed; 0 failed; 0 ignored; 0 measured; 0 filtered out; finished in 0.00s

     Running tests\p2p_payloads_csharp_tests.rs (target\debug\deps\p2p_payloads_csharp_tests-3c1131765e006db6.exe)

running 46 tests
test csharp_ut_addr_payload_size_roundtrip_and_empty_rejected ... ok
test csharp_ut_block_hex_roundtrip ... ok
test csharp_ut_filter_add_payload_size_and_roundtrip ... ok
test csharp_ut_merkle_block_hash_count_over_tx_count_keeps_format_error ... ok
test csharp_ut_extensible_payload_size_and_roundtrip ... ok
test csharp_ut_header_hex_roundtrip ... ok
test csharp_ut_merkle_block_payload_size_and_roundtrip ... ok
test csharp_ut_headers_payload_size_and_roundtrip ... ok
test csharp_ut_filter_load_payload_size_roundtrip_and_max_k ... ok
test csharp_ut_get_block_by_index_payload_size_and_validation ... ok
test csharp_ut_inv_payload_size_group_and_invalid_type ... ok
test csharp_ut_conflicts_attribute_parity ... ok
test csharp_ut_signer_max_nested_or_rejected_on_deserialize ... ok
test csharp_ut_signer_json_cases ... ok
test csharp_ut_network_address_with_time_size_and_endpoint ... ok
test csharp_ut_signer_equatable_semantics ... ok
test csharp_ut_get_blocks_payload_size_and_roundtrip ... ok
test csharp_ut_notary_assisted_attribute_parity ... ok
test csharp_ut_signer_json_roundtrip ... ok
test csharp_ut_signer_max_nested_and_rejected_on_deserialize ... ok
test csharp_ut_network_address_with_time_roundtrip_and_duplicate_known_rejected ... ok
test csharp_ut_signer_serialize_global_and_called_by_entry ... ok
test csharp_ut_signer_serialize_custom_contracts ... ok
test csharp_ut_signer_serialize_custom_groups ... ok
test csharp_ut_not_valid_before_attribute_parity ... ok
test csharp_ut_oracle_response_attribute_wrapper_parity ... ok
test csharp_ut_transaction_duplicate_attributes_rejected ... ok
test csharp_ut_transaction_duplicate_signers_rejected ... ok
test csharp_ut_transaction_max_signers_witness_mismatch_rejected ... ok
test csharp_ut_transaction_serialize_deserialize_simple ... ok
test csharp_ut_transaction_serialize_deserialize_simple_hex ... ok
test csharp_ut_transaction_to_json_includes_sender_and_witnesses ... ok
test csharp_ut_transaction_to_json_parity ... ok
test csharp_ut_transaction_to_json_sender_null_without_signers ... ok
test csharp_ut_transaction_too_many_signers_rejected ... ok
test csharp_ut_transaction_zero_signers_rejected ... ok
test csharp_ut_varbytes_payload_size_boundaries ... ok
test csharp_ut_version_payload_allows_unknown_capabilities ... ok
test csharp_ut_version_payload_create_method ... ok
test csharp_ut_version_payload_duplicate_capability_rejected ... ok
test csharp_ut_version_payload_size_and_roundtrip ... ok
test csharp_ut_witness_empty_and_size ... ok
test csharp_ut_witness_max_size_errors ... ok
test csharp_ut_witness_to_json ... ok
test csharp_ut_witness_size_small_and_large_arrays ... ok
test csharp_ut_high_priority_attribute_parity ... ok

test result: ok. 46 passed; 0 failed; 0 ignored; 0 measured; 0 filtered out; finished in 0.00s

     Running tests\parallel_execution_safety_refinement_tests.rs (target\debug\deps\parallel_execution_safety_refinement_tests-bb9e5ed8ad99acad.exe)

running 6 tests
test rw_set_write_write_conflict_detection ... ok
test rw_set_multiple_independent_groups ... ok
test rw_set_complete_conflict_graph ... ok
test rw_set_disjointness_test ... ok
test rw_set_write_read_conflict_detection ... ok
test rw_set_partial_overlap_detection ... ok

test result: ok. 6 passed; 0 failed; 0 ignored; 0 measured; 0 filtered out; finished in 0.00s

     Running tests\performance_regression_tests.rs (target\debug\deps\performance_regression_tests-cdecbbdce1de2f20.exe)

running 0 tests

test result: ok. 0 passed; 0 failed; 0 ignored; 0 measured; 0 filtered out; finished in 0.00s

     Running tests\persistence_fast_sync_handler_tests.rs (target\debug\deps\persistence_fast_sync_handler_tests-2240f89585620f66.exe)

running 2 tests
test persist_block_stops_before_commit_when_committing_handler_fails ... ok
test fast_sync_opt_in_handler_receives_application_executed_data ... ok

test result: ok. 2 passed; 0 failed; 0 ignored; 0 measured; 0 filtered out; finished in 0.02s

     Running tests\policy_contract_tests.rs (target\debug\deps\policy_contract_tests-a428dc34783bdcca.exe)

running 14 tests
test test_default_attribute_fee ... ok
test test_default_exec_fee_factor ... ok
test test_default_storage_price ... ok
test test_default_fee_per_byte ... ok
test test_default_notary_assisted_attribute_fee ... ok
test test_max_traceable_blocks ... ok
test test_max_valid_until_block_increment ... ok
test test_policy_contract_id ... ok
test test_policy_contract_event_metadata_hardforks ... ok
test test_policy_contract_methods ... ok
test test_policy_contract_name ... ok
test test_policy_contract_method_metadata_matches_protocol ... ok
test test_safe_method_flags ... ok
test test_unsafe_method_flags ... ok

test result: ok. 14 passed; 0 failed; 0 ignored; 0 measured; 0 filtered out; finished in 0.00s

     Running tests\probe_specific_height.rs (target\debug\deps\probe_specific_height-ca7b8fdc15c67dc1.exe)

running 0 tests

test result: ok. 0 passed; 0 failed; 0 ignored; 0 measured; 0 filtered out; finished in 0.00s

     Running tests\protocol_compliance_tests.rs (target\debug\deps\protocol_compliance_tests-b9077970d1355c04.exe)

running 11 tests
test tests::test_state_root_comparison_mismatch ... ok
test tests::test_harness_initialization ... ok
test tests::test_state_root_comparison_match ... ok
test tests::mainnet_vectors_are_real_chain_data ... ok
test tests::block_with_tampered_merkle_root_is_rejected ... ok
test tests::block_with_duplicate_transactions_is_rejected ... ok
test tests::real_mainnet_block_size_matches_csharp ... ok
test tests::real_mainnet_blocks_hash_to_the_reported_value ... ok
test tests::real_mainnet_block_header_fields_match_csharp ... ok
test tests::real_mainnet_blocks_round_trip_byte_for_byte ... ok
test tests::run_all_reports_compliant_for_checked_in_mainnet_vectors ... ok

test result: ok. 11 passed; 0 failed; 0 ignored; 0 measured; 0 filtered out; finished in 0.00s

     Running tests\protocol_settings_source_tests.rs (target\debug\deps\protocol_settings_source_tests-ae274bfbe6e77e90.exe)

running 3 tests
test default_runtime_settings_match_csharp_default ... ok
test mainnet_runtime_settings_match_shared_config_source ... ok
test testnet_runtime_settings_match_shared_config_source ... ok

test result: ok. 3 passed; 0 failed; 0 ignored; 0 measured; 0 filtered out; finished in 0.00s

     Running tests\protocol_settings_tests.rs (target\debug\deps\protocol_settings_tests-0fd76dbb0a89581d.exe)

running 4 tests
test hardfork_test_b_and_not_a ... ok
test hardfork_test_a_more_than_b ... ok
test hardfork_test_a_and_not_b ... ok
test hardfork_test_none ... ok

test result: ok. 4 passed; 0 failed; 0 ignored; 0 measured; 0 filtered out; finished in 0.00s

     Running tests\runtime_syscall_tests.rs (target\debug\deps\runtime_syscall_tests-f7e25b26d9f19f03.exe)

running 32 tests
test runtime_check_witness_accepts_valid_signer ... ok
test runtime_check_witness_returns_false_without_matching_signer ... ok
test runtime_check_witness_returns_false_without_container ... ok
test runtime_current_signers_returns_null_without_container ... ok
test runtime_current_signers_returns_transaction_signers ... ok
test crypto_checksig_returns_false_on_invalid_signature ... ok
test runtime_get_calling_script_hash_returns_null_for_entry_context ... ok
test contract_create_standard_account_matches_csharp ... ok
test runtime_get_executing_and_entry_script_hash_match_entry ... ok
test runtime_get_calling_script_hash_matches_dynamic_caller ... ok
test crypto_checksig_faults_on_invalid_pubkey_length ... ok
test runtime_get_address_version_returns_protocol_setting ... ok
test runtime_check_witness_rejects_invalid_length ... ok
test runtime_get_invocation_counter_returns_one ... ok
test runtime_dynamic_void_call_with_initialize_leaves_null_placeholder ... ok
test crypto_checkmultisig_faults_on_empty_pubkeys ... ok
test runtime_get_network_returns_protocol_setting ... ok
test runtime_get_script_container_faults_without_container ... ok
test runtime_get_script_container_returns_stack_item ... ok
test crypto_checkmultisig_faults_on_invalid_pubkey_length ... ok
test runtime_get_notifications_reports_all_and_filtered ... ok
test runtime_get_time_returns_block_timestamp ... ok
test crypto_checkmultisig_returns_false_on_invalid_signature ... ok
test runtime_check_witness_oracle_response_inherits_original_called_by_group_rule ... ok
test crypto_checksig_accepts_valid_signature ... ok
test runtime_check_witness_oracle_response_inherits_original_custom_group_signer ... ok
test runtime_get_trigger_returns_application ... ok
test runtime_load_script_passes_args_in_reverse_order ... ok
test runtime_log_syscall_allows_notify ... ok
test runtime_log_emits_event ... ok
test runtime_platform_returns_neo ... ok
test crypto_checkmultisig_accepts_valid_signatures ... ok

test result: ok. 32 passed; 0 failed; 0 ignored; 0 measured; 0 filtered out; finished in 0.01s

     Running tests\serialization_roundtrip_refinement_tests.rs (target\debug\deps\serialization_roundtrip_refinement_tests-9004598b2ca6d8ee.exe)

running 7 tests
test integration_tests::test_full_block_roundtrip ... ok
test serialization_tests::test_block_serialized_size_conservation_empty ... ok
test serialization_tests::test_transaction_roundtrip_preserves_value ... ok
test serialization_tests::test_serialize_deterministic ... ok
test serialization_tests::test_transaction_size_conservative ... ok
test serialization_tests::test_block_serialized_size_conservation_with_transactions ... ok
test serialization_tests::test_partial_deserialize_returns_error ... ok

test result: ok. 7 passed; 0 failed; 0 ignored; 0 measured; 0 filtered out; finished in 0.00s

     Running tests\signer_builder_tests.rs (target\debug\deps\signer_builder_tests-37d32d069b495a28.exe)

running 6 tests
test signer_builder_adds_witness_rule ... ok
test signer_builder_allows_contract ... ok
test signer_builder_adds_witness_scope ... ok
test signer_builder_sets_account ... ok
test signer_builder_allows_group ... ok
test signer_builder_new ... ok

test result: ok. 6 passed; 0 failed; 0 ignored; 0 measured; 0 filtered out; finished in 0.00s

     Running tests\smart_contract_helper_tests.rs (target\debug\deps\smart_contract_helper_tests-73903c3581a13c62.exe)

running 19 tests
test test_get_contract_hash ... ok
test test_is_multi_sig_contract_invalid_cases ... ok
test test_multi_signature_contract_cost ... ok
test test_parse_multi_sig_contract_invalid ... ok
test test_is_signature_contract ... ok
test test_multi_sig_redeem_script_invalid_m_greater_than_n - should panic ... ok
test test_multi_sig_redeem_script_invalid_m_zero - should panic ... ok
test test_parse_multi_sig_invocation_valid ... ok
test test_signature_redeem_script_creation ... ok
test test_parse_multi_sig_invocation_invalid ... ok
test test_signature_contract_cost ... ok
test test_multi_sig_redeem_script_creation ... ok
test test_is_multi_sig_contract ... ok
test test_parse_multi_sig_contract_valid ... ok
test test_is_standard_contract ... ok
test test_signature_contract_engine_fee_consumed ... ok
test test_multi_signature_contract_engine_fee_consumed ... ok
test test_multi_sig_redeem_script_accepts_n_up_to_1024 ... ok
test test_multi_sig_redeem_script_invalid_n_greater_than_1024 - should panic ... ok

test result: ok. 19 passed; 0 failed; 0 ignored; 0 measured; 0 filtered out; finished in 0.12s

     Running tests\smart_contract_tests.rs (target\debug\deps\smart_contract_tests-d4790d2e3e24d0eb.exe)

running 11 tests
test test_crypto_murmur32 ... ok
test test_crypto_ripemd160 ... ok
test test_serialization_for_smart_contracts ... ok
test test_script_hash_computation ... ok
test test_standard_account_creation ... ok
test test_smart_contract_crypto_operations ... ok
test test_crypto_sha256 ... ok
test test_signature_verification_data ... ok
test test_transaction_with_signers ... ok
test test_transaction_hash_computation ... ok
test test_witness_and_signer_functionality ... ok

test result: ok. 11 passed; 0 failed; 0 ignored; 0 measured; 0 filtered out; finished in 0.00s

     Running tests\smart_contract_validation_refinement_tests.rs (target\debug\deps\smart_contract_validation_refinement_tests-aadc58c358f903fa.exe)

running 17 tests
test coq_property_mappings::verify_coq_gas_invocation_property ... ok
test coq_property_mappings::verify_coq_script_bound_property ... ok
test test_contract_hash_deterministic ... ok
test test_contract_address_derivation ... ok
test test_contract_without_parameters ... ok
test test_multisig_no_public_keys ... ok
test test_all_standard_contract_types ... ok
test test_invocation_counter_increment ... ok
test test_contract_hash_uniqueness ... ok
test test_max_valid_script_at_boundary ... ok
test test_script_hash_matches_hash160 ... ok
test test_gas_limit_enforcement_simulation ... ok
test test_small_contract_script_size_valid ... ok
test test_multisig_no_public_keys ... ok
test test_signature_contract_compactness ... ok
test test_large_contract_near_boundary ... ok
test test_multisig_n_parameter_range ... ok

test result: ok. 17 passed; 0 failed; 0 ignored; 0 measured; 0 filtered out; finished in 0.03s

     Running tests\state_root_height_probe.rs (target\debug\deps\state_root_height_probe-27433b9c76aefc32.exe)

running 0 tests

test result: ok. 0 passed; 0 failed; 0 ignored; 0 measured; 0 filtered out; finished in 0.00s

     Running tests\stdlib_tests.rs (target\debug\deps\stdlib_tests-1930899d8ef88e16.exe)

running 20 tests
test stdlib_base64_url_decode_faults_on_invalid_utf8 ... ok
test stdlib_deserialize_returns_stack_item_shape_for_any_results ... ok
test stdlib_base58_check_encode_decode ... ok
test stdlib_base64_url_parity ... ok
test stdlib_json_serialize_faults_without_args ... ok
test stdlib_runtime_serialize_deserialize_parity ... ok
test stdlib_json_deserialize_parity ... ok
test stdlib_hex_encode_decode_parity ... ok
test stdlib_strlen_handles_invalid_utf8_sequence ... ok
test stdlib_json_serialize_parity ... ok
test stdlib_memory_compare_parity ... ok
test stdlib_binary_encoding_matches_csharp ... ok
test stdlib_base58_check_decode_faults_on_invalid ... ok
test stdlib_memory_search_bytes_parity ... ok
test stdlib_json_deserialize_faults_on_invalid ... ok
test stdlib_string_split_and_length_parity ... ok
test stdlib_memory_search_string_parity ... ok
test stdlib_atoi_invalid_inputs_fault ... ok
test stdlib_itoa_atoi_parity ... ok
test stdlib_memory_search_backward_flags ... ok

test result: ok. 20 passed; 0 failed; 0 ignored; 0 measured; 0 filtered out; finished in 0.01s

     Running tests\storage_context_tests.rs (target\debug\deps\storage_context_tests-a4c77bab90d5c177.exe)

running 3 tests
test storage_context_matches_contract_id ... ok
test storage_put_rejects_readonly_context ... ok
test storage_get_put_delete_roundtrip ... ok

test result: ok. 3 passed; 0 failed; 0 ignored; 0 measured; 0 filtered out; finished in 0.00s

     Running tests\storage_find_tests.rs (target\debug\deps\storage_find_tests-227f44d85386f559.exe)

running 4 tests
test storage_find_keys_only_can_remove_prefix ... ok
test storage_find_backwards_orders_descending ... ok
test storage_find_deserialize_values_pick_field0 ... ok
test storage_find_values_only_returns_payload ... ok

test result: ok. 4 passed; 0 failed; 0 ignored; 0 measured; 0 filtered out; finished in 0.00s

     Running tests\storage_item_tests.rs (target\debug\deps\storage_item_tests-3cab42a0675fbbed.exe)

running 8 tests
test clone_preserves_value ... ok
test deserialize_reads_all_bytes ... ok
test serialize_writes_current_value ... ok
test from_replica_copies_value ... ok
test size_large_payload ... ok
test size_uses_var_length_encoding ... ok
test value_defaults_to_empty ... ok
test value_set_stores_bytes ... ok

test result: ok. 8 passed; 0 failed; 0 ignored; 0 measured; 0 filtered out; finished in 0.00s

     Running tests\storage_iterator_tests.rs (target\debug\deps\storage_iterator_tests-40773818c0de9bf6.exe)

running 2 tests
test storage_iterator_dispose_is_safe ... ok
test storage_iterator_value_values_only ... ok

test result: ok. 2 passed; 0 failed; 0 ignored; 0 measured; 0 filtered out; finished in 0.00s

     Running tests\storage_key_tests.rs (target\debug\deps\storage_key_tests-a70767c1f8869947.exe)

running 4 tests
test storage_key_create_variants_match_key_builder ... ok
test storage_key_equality_depends_on_id_and_suffix ... ok
test storage_key_suffix_exposes_raw_bytes ... ok
test storage_key_hash_code_is_consistent ... ok

test result: ok. 4 passed; 0 failed; 0 ignored; 0 measured; 0 filtered out; finished in 0.00s

     Running tests\storage_runtime_tests.rs (target\debug\deps\storage_runtime_tests-f081f205b46486d0.exe)

running 5 tests
test storage_find_values_only_returns_payload ... ok
test storage_get_returns_value ... ok
test storage_put_validates_sizes_and_readonly ... ok
test storage_delete_rejects_readonly_context ... ok
test storage_contexts_match_contract_id ... ok

test result: ok. 5 passed; 0 failed; 0 ignored; 0 measured; 0 filtered out; finished in 0.00s

     Running tests\syscall_parity_tests.rs (target\debug\deps\syscall_parity_tests-875425174bfa0716.exe)

running 4 tests
test test_find_options_keys_only_and_values_only_conflict ... ok
test test_find_options_pick_field0_and_field1_conflict ... ok
test test_find_options_pick_field_without_deserialize ... ok
test test_find_options_valid_combinations ... ok

test result: ok. 4 passed; 0 failed; 0 ignored; 0 measured; 0 filtered out; finished in 0.00s

     Running tests\t07_fee_overflow_proof.rs (target\debug\deps\t07_fee_overflow_proof-c91638bb4f032fc0.exe)

running 1 test
test combined_fee_overflow_behaviour_is_profile_dependent ... ok

test result: ok. 1 passed; 0 failed; 0 ignored; 0 measured; 0 filtered out; finished in 0.00s

     Running tests\task_manager_restart_tests.rs (target\debug\deps\task_manager_restart_tests-c5a4f0ae47e1ac56.exe)

running 5 tests
test broadcast_restart_tasks_broadcasts_getdata ... ok
test register_peer_requests_headers_with_default_count_sentinel ... ok
test new_extensible_tasks_from_registered_peer_request_getdata ... ok
test register_closed_peer_does_not_emit_task_manager_warnings ... ok
test restart_tasks_from_unknown_peer_does_not_broadcast_getdata ... ok

test result: ok. 5 passed; 0 failed; 0 ignored; 0 measured; 0 filtered out; finished in 0.17s

     Running tests\token_management_fungible_tests.rs (target\debug\deps\token_management_fungible_tests-755870bb360e37c1.exe)

running 4 tests
test direct_invoke_transfer_requires_data_argument ... ok
test get_assets_of_owner_excludes_fully_burned_asset_in_same_overlay ... ok
test mint_and_burn_support_explicit_amount_argument ... ok
test get_assets_of_owner_vm_call_returns_iterator_interface ... ok

test result: ok. 4 passed; 0 failed; 0 ignored; 0 measured; 0 filtered out; finished in 0.00s

     Running tests\token_management_nft_tests.rs (target\debug\deps\token_management_nft_tests-ed7399bc6199eb3e.exe)

running 15 tests
test nft_get_nfts_of_owner ... ok
test nft_transfer_verification ... ok
test nft_create_and_mint ... ok
test nft_transfer ... ok
test nft_get_nfts_of_owner_after_transfer ... ok
test get_nfts_excludes_burned_nft_in_same_overlay ... ok
test get_nfts_of_owner_excludes_burned_nft_in_same_overlay ... ok
test direct_invoke_transfer_nft_rejects_extra_arguments ... ok
test nft_owner_verification ... ok
test nft_burn ... ok
test nft_index_updates_after_burn_regression ... ok
test nft_burn_verification ... ok
test nft_get_nfts_returns_all_for_asset ... ok
test nft_balance_of ... ok
test nft_multiple_mints_same_block ... ok

test result: ok. 15 passed; 0 failed; 0 ignored; 0 measured; 0 filtered out; finished in 0.01s

     Running tests\tokens_tracker_nep17_csharp_parity.rs (target\debug\deps\tokens_tracker_nep17_csharp_parity-2e0b4b47d1049591.exe)

running 1 test
test nep17_tracker_matches_csharp_history_indexing ... ok

test result: ok. 1 passed; 0 failed; 0 ignored; 0 measured; 0 filtered out; finished in 0.01s

     Running tests\transaction_attributes_builder_tests.rs (target\debug\deps\transaction_attributes_builder_tests-df1b8685046f8998.exe)

running 7 tests
test transaction_attributes_builder_add_conflict ... ok
test transaction_attributes_builder_add_not_valid_before ... ok
test transaction_attributes_builder_add_high_priority ... ok
test transaction_attributes_builder_add_oracle_response ... ok
test transaction_attributes_builder_new ... ok
test transaction_attributes_builder_rejects_duplicate_not_valid_before - should panic ... ok
test transaction_attributes_builder_rejects_duplicate_high_priority - should panic ... ok

test result: ok. 7 passed; 0 failed; 0 ignored; 0 measured; 0 filtered out; finished in 0.00s

     Running tests\transaction_builder_tests.rs (target\debug\deps\transaction_builder_tests-ec784efc92df83ea.exe)

running 11 tests
test transaction_builder_adds_attributes ... ok
test transaction_builder_sets_nonce ... ok
test transaction_builder_new ... ok
test transaction_builder_adds_signer_with_rules ... ok
test transaction_builder_adds_witness_with_tx ... ok
test transaction_builder_sets_valid_until ... ok
test transaction_builder_sets_system_fee ... ok
test transaction_builder_sets_version ... ok
test transaction_builder_attaches_script ... ok
test transaction_builder_adds_witness ... ok
test transaction_builder_sets_network_fee ... ok

test result: ok. 11 passed; 0 failed; 0 ignored; 0 measured; 0 filtered out; finished in 0.00s

     Running tests\transaction_edge_case_tests.rs (target\debug\deps\transaction_edge_case_tests-b6367705f0a958e2.exe)

running 39 tests
test tests::test_gas_set ... ok
test tests::test_max_signers_limit ... ok
test tests::test_nonce_edge_cases ... ok
test tests::test_network_fee_edge_cases ... ok
test tests::test_gas_get ... ok
test tests::test_size_get ... ok
test tests::test_custom_contract_scope_allowed_contracts ... ok
test tests::test_script_get ... ok
test tests::test_from_stack_item_not_supported ... ok
test tests::test_signer_account_validation ... ok
test tests::test_attribute_edge_cases ... ok
test tests::test_script_validation_edge_cases ... ok
test tests::test_reverify_hashes_length_unequal_to_witnesses ... ok
test tests::test_inventory_type_get ... ok
test tests::test_script_set ... ok
test tests::test_to_stack_value_includes_sender ... ok
test tests::test_system_fee_edge_cases ... ok
test tests::test_attribute_limits ... ok
test tests::test_mixed_witness_scopes ... ok
test tests::test_oversized_script_handling ... ok
test tests::test_to_stack_item_includes_sender ... ok
test tests::test_to_stack_item_matches_stack_value_projection ... ok
test tests::test_to_stack_item_requires_sender ... ok
test tests::test_transaction_attribute_types ... ok
test tests::test_transaction_equals ... ok
test tests::test_transaction_hash_consistency ... ok
test tests::test_transaction_sender_calculation ... ok
test tests::test_transaction_serialization_edge_cases ... ok
test tests::test_transaction_size_calculation ... ok
test tests::test_transaction_validation_state_transitions ... ok
test tests::test_transaction_size_limits ... ok
test tests::test_valid_until_block_edge_cases ... ok
test tests::test_version_edge_cases ... ok
test tests::test_witness_count_validation ... ok
test tests::test_verify_state_dependent_witness_count_mismatch ... ok
test tests::test_witness_data_validation ... ok
test tests::test_witness_scope_flag_combinations ... ok
test tests::test_witness_scope_validation ... ok
test tests::test_witness_verification_edge_cases ... ok

test result: ok. 39 passed; 0 failed; 0 ignored; 0 measured; 0 filtered out; finished in 0.00s

     Running tests\transaction_fee_calculation_tests.rs (target\debug\deps\transaction_fee_calculation_tests-97bd44e0dbdc3a0f.exe)

running 4 tests
test test_check_sig_price_constant ... ok
test test_signature_contract_cost_matches_csharp ... ok
test test_multi_signature_contract_cost_matches_csharp ... ok
test test_signature_invocation_script_var_size ... ok

test result: ok. 4 passed; 0 failed; 0 ignored; 0 measured; 0 filtered out; finished in 0.00s

     Running tests\transaction_serialization_compatibility_tests.rs (target\debug\deps\transaction_serialization_compatibility_tests-efc65b084866bdb3.exe)

running 9 tests
test serialization_compatibility_tests::test_deserialize_csharp_transaction ... ok
test serialization_compatibility_tests::test_distinct_signers_validation ... ok
test serialization_compatibility_tests::test_transaction_serialize_simple_matches_csharp ... ok
test serialization_compatibility_tests::test_max_values_serialization ... ok
test serialization_compatibility_tests::test_empty_transaction_handling ... ok
test serialization_compatibility_tests::test_multiple_signers_serialization ... ok
test serialization_compatibility_tests::test_fee_per_byte_calculation ... ok
test serialization_compatibility_tests::test_transaction_hash_calculation ... ok
test serialization_compatibility_tests::test_transaction_size_calculation ... ok

test result: ok. 9 passed; 0 failed; 0 ignored; 0 measured; 0 filtered out; finished in 0.00s

     Running tests\transaction_validation_edge_cases.rs (target\debug\deps\transaction_validation_edge_cases-5d3864b401861ae2.exe)

running 48 tests
test tests::test_inventory_type_get ... ok
test tests::test_attribute_edge_cases ... ok
test tests::test_attribute_handling ... ok
test tests::test_gas_set ... ok
test tests::test_equals ... ok
test tests::test_distinct_signers_validation ... ok
test tests::test_gas_get ... ok
test tests::test_network_fee_edge_cases ... ok
test tests::test_size_get ... ok
test tests::test_max_signers_limit ... ok
test tests::test_transaction_sender_calculation ... ok
test tests::test_nonce_edge_cases ... ok
test tests::test_oversized_transaction ... ok
test tests::test_script_get ... ok
test tests::test_script_validation_edge_cases ... ok
test tests::test_network_fee_signature_contract_parity ... ok
test tests::test_script_set ... ok
test tests::test_transaction_hash_consistency ... ok
test tests::test_system_fee_edge_cases ... ok
test tests::test_transaction_serialize_deserialize_simple ... ok
test tests::test_transaction_validation_with_conflicts ... ok
test tests::test_transaction_size_limits ... ok
test tests::test_network_fee_signature_contract_scope_variants ... ok
test tests::test_network_fee_multi_sig_contract_parity ... ok
test tests::test_transaction_verification_context_duplicate_oracle ... ok
test tests::test_transaction_verification_context_conflicts ... ok
test tests::test_transaction_version_validation ... ok
test tests::test_transaction_verification_context_fee_tracking ... ok
test tests::test_transaction_verification_context_fees ... ok
test tests::test_verify_state_dependent_insufficient_funds ... ok
test tests::test_transaction_verification_context_oracle ... ok
test tests::test_network_fee_signature_contract_engine_parity ... ok
test tests::test_valid_until_block_edge_cases ... ok
test tests::test_verify_state_dependent_hashes_length_mismatch ... ok
test tests::test_verify_state_independent_invalid_script ... ok
test tests::test_network_fee_contract_based_verification ... ok
test tests::test_network_fee_multi_sig_contract_engine_parity ... ok
test tests::test_verify_state_independent_oversize_and_empty_script ... ok
test tests::test_witness_count_validation ... ok
test tests::test_witness_scope_validation ... ok
test tests::test_verify_state_independent_skips_non_standard_invocation ... ok
test tests::test_verify_state_independent_invalid_signature ... ok
test tests::test_witness_verification_edge_cases ... ok
test tests::test_verify_state_independent_multisig_fixture ... ok
test tests::test_verify_state_dependent_multisig_succeeds ... ok
test tests::test_verify_state_independent_multisig_invalid_signature ... ok
test tests::test_fee_is_signature_contract_detailed ... ok
test tests::test_fee_is_multi_sig_contract ... ok

test result: ok. 48 passed; 0 failed; 0 ignored; 0 measured; 0 filtered out; finished in 0.01s

     Running tests\transaction_verification_context_tests.rs (target\debug\deps\transaction_verification_context_tests-2db1ba0062a4acb5.exe)

running 6 tests
test sponsored_transactions_charge_notary_deposit_by_secondary_payer ... ok
test duplicate_oracle_responses_are_rejected ... ok
test sponsored_conflicts_release_secondary_payer_budget ... ok
test sponsored_fee_budgets_are_isolated_by_secondary_payer ... ok
test conflicts_release_fee_budget ... ok
test sender_fee_accumulates_until_balance_exceeded ... ok

test result: ok. 6 passed; 0 failed; 0 ignored; 0 measured; 0 filtered out; finished in 0.00s

     Running tests\trimmed_block_tests.rs (target\debug\deps\trimmed_block_tests-35381e951a7ba77e.exe)

running 5 tests
test trimmed_block_clone_produces_independent_copy ... ok
test trimmed_block_header_fields_match ... ok
test trimmed_block_serialization_roundtrips ... ok
test trimmed_block_size_matches_reference ... ok
test trimmed_block_from_block_collects_transaction_hashes ... ok

test result: ok. 5 passed; 0 failed; 0 ignored; 0 measured; 0 filtered out; finished in 0.00s

     Running tests\tx_signature_compliance_tests.rs (target\debug\deps\tx_signature_compliance_tests-261d8f929a737be6.exe)

running 2 tests
test tests::test_sign_data_format ... ok
test tests::test_signature_roundtrip ... ok

test result: ok. 2 passed; 0 failed; 0 ignored; 0 measured; 0 filtered out; finished in 0.00s

     Running tests\uint_csharp_tests.rs (target\debug\deps\uint_csharp_tests-37ae6163c8df0019.exe)

running 25 tests
test test_uint160_compare_to ... ok
test test_uint160_fail_wrong_length ... ok
test test_uint160_equals ... ok
test test_uint160_generator3 ... ok
test test_uint160_generator1 ... ok
test test_uint160_operator_smaller ... ok
test test_uint160_generator2 ... ok
test test_uint160_from_script ... ok
test test_uint160_hash ... ok
test test_uint256_compare_to ... ok
test test_uint160_operator_larger_and_equal ... ok
test test_uint256_generator ... ok
test test_uint160_span_and_serialize ... ok
test test_uint160_to_array ... ok
test test_uint256_operators ... ok
test test_uint160_operator_larger ... ok
test test_uint256_span_and_serialize ... ok
test test_uint256_fail_wrong_length ... ok
test test_uint160_parse ... ok
test test_uint256_hash ... ok
test test_uint256_to_array ... ok
test test_uint160_try_parse ... ok
test test_uint256_parse ... ok
test test_uint160_operator_smaller_and_equal ... ok
test test_uint256_equals ... ok

test result: ok. 25 passed; 0 failed; 0 ignored; 0 measured; 0 filtered out; finished in 0.00s

     Running tests\verify_witnesses_tests.rs (target\debug\deps\verify_witnesses_tests-ea34c227d854dd28.exe)

running 5 tests
test verify_witnesses_fails_without_previous_header ... ok
test verify_witnesses_fails_when_contract_missing ... ok
test verify_witnesses_fails_with_invalid_verify_method ... ok
test verify_witnesses_succeeds_with_manual_verifiable ... ok
test verify_witnesses_succeeds_with_verify_method ... ok

test result: ok. 5 passed; 0 failed; 0 ignored; 0 measured; 0 filtered out; finished in 0.00s

     Running tests\wallet_bip32_tests.rs (target\debug\deps\wallet_bip32_tests-7f93e2821f99a3a3.exe)

running 1 test
test test_vectors ... ok

test result: ok. 1 passed; 0 failed; 0 ignored; 0 measured; 0 filtered out; finished in 0.00s

     Running tests\wallet_bip39_tests.rs (target\debug\deps\wallet_bip39_tests-fae76440a10bcc45.exe)

running 7 tests
test entropy_not_multiple_of_4_throws ... ok
test entropy_too_long_throws ... ok
test entropy_too_short_throws ... ok
test language_fallbacks_to_parent_or_english ... ok
test invalid_mnemonic_errors_remain_stable ... ok
test test_vectors ... ok
test supported_languages_roundtrip ... ok

test result: ok. 7 passed; 0 failed; 0 ignored; 0 measured; 0 filtered out; finished in 0.00s

     Running tests\wallet_key_pair_tests.rs (target\debug\deps\wallet_key_pair_tests-e12de53ad7a1a60e.exe)

running 6 tests
test address_conversion_roundtrip ... ok
test address_decode_errors_preserve_wallet_messages ... ok
test script_hash_matches_reference ... ok
test verification_script_matches_contract_helper ... ok
test to_wif_roundtrip ... ok
test calculate_network_fee_for_standard_signature ... ok

test result: ok. 6 passed; 0 failed; 0 ignored; 0 measured; 0 filtered out; finished in 0.00s

     Running tests\wallet_make_transaction_scope_tests.rs (target\debug\deps\wallet_make_transaction_scope_tests-ce0f245d55ad50ef.exe)

running 4 tests
test test_make_transaction_missing_verification_contract_fails ... ok
test test_make_transaction_custom_contracts_with_gas_succeeds ... ok
test test_make_transaction_custom_contracts_requires_gas_hash ... ok
test test_make_transaction_none_scope_fails_then_global_succeeds ... ok

test result: ok. 4 passed; 0 failed; 0 ignored; 0 measured; 0 filtered out; finished in 0.00s

     Running tests\wallet_nep6_tests.rs (target\debug\deps\wallet_nep6_tests-a5d8656e0f8dd37b.exe)

running 3 tests
test nep6_wallet_imports_and_signs ... ok
test nep6_wallet_can_open_read_only_without_password ... ok
test nep6_wallet_changes_password_and_unlocks ... ok

test result: ok. 3 passed; 0 failed; 0 ignored; 0 measured; 0 filtered out; finished in 3.72s

     Running tests\wave1_parallel_execution_tests.rs (target\debug\deps\wave1_parallel_execution_tests-a0ac9b49782f8e64.exe)

running 13 tests
test wave1_integration_tests::test_duplicate_keys_within_same_tx ... ok
test wave1_integration_tests::test_empty_rwsets_no_false_positives ... ok
test wave1_integration_tests::test_final_rw_set_aggregation ... ok
test wave1_integration_tests::test_complex_conflict_graph ... ok
test wave1_integration_tests::test_dirty_read_prevention ... ok
test wave1_integration_tests::test_multi_read_no_conflict ... ok
test wave1_integration_tests::test_rwset_tracking_during_contract_execution ... ok
test wave1_integration_tests::test_single_transaction_always_independent ... ok
test wave1_integration_tests::test_write_write_conflict_resolution ... ok
test wave1_integration_tests::simulate_high_conflict_scenarion ... ok
test wave1_integration_tests::simulate_low_conflict_blockchain_scenario ... ok
test wave1_integration_tests::conflict_detection_100_tx ... ok
test wave1_integration_tests::rwset_conflict_check_10k_keys ... ok

test result: ok. 13 passed; 0 failed; 0 ignored; 0 measured; 0 filtered out; finished in 0.05s

     Running tests\witness_builder_tests.rs (target\debug\deps\witness_builder_tests-729ccabd2676df8b.exe)

running 5 tests
test witness_builder_adds_invocation_bytes ... ok
test witness_builder_adds_invocation_with_builder ... ok
test witness_builder_adds_verification_bytes ... ok
test witness_builder_adds_verification_with_builder ... ok
test witness_builder_new ... ok

test result: ok. 5 passed; 0 failed; 0 ignored; 0 measured; 0 filtered out; finished in 0.00s

     Running tests\witness_condition_builder_tests.rs (target\debug\deps\witness_condition_builder_tests-1a81469dee411c21.exe)

running 11 tests
test witness_condition_builder_boolean ... ok
test witness_condition_builder_and_condition ... ok
test witness_condition_builder_called_by_group ... ok
test witness_condition_builder_defaults_to_true ... ok
test witness_condition_builder_called_by_contract ... ok
test witness_condition_builder_called_by_entry ... ok
test witness_condition_builder_group ... ok
test witness_condition_builder_not_with_and ... ok
test witness_condition_builder_not_with_or ... ok
test witness_condition_builder_or_condition ... ok
test witness_condition_builder_script_hash ... ok

test result: ok. 11 passed; 0 failed; 0 ignored; 0 measured; 0 filtered out; finished in 0.00s

     Running tests\witness_condition_csharp_tests.rs (target\debug\deps\witness_condition_csharp_tests-a97e2ea940865327.exe)

running 9 tests
test composite_condition_depth_exhaustion_consumes_count_not_child_type ... ok
test composite_condition_empty_lists_keep_csharp_errors ... ok
test composite_condition_over_max_counts_keep_format_errors ... ok
test csharp_ut_witness_condition_nesting_binary_roundtrip_and_overflow ... ok
test csharp_ut_witness_condition_from_json_1 ... ok
test csharp_ut_witness_condition_from_json_2 ... ok
test csharp_ut_witness_rule_equatable ... ok
test witness_group_condition_wire_format_matches_csharp ... ok
test composite_condition_accepts_exactly_max_subitems ... ok

test result: ok. 9 passed; 0 failed; 0 ignored; 0 measured; 0 filtered out; finished in 0.00s

     Running tests\witness_rule_builder_tests.rs (target\debug\deps\witness_rule_builder_tests-ce98de95e15fffac.exe)

running 3 tests
test witness_rule_builder_condition_and ... ok
test witness_rule_builder_create ... ok
test witness_rule_builder_condition_script_hash ... ok

test result: ok. 3 passed; 0 failed; 0 ignored; 0 measured; 0 filtered out; finished in 0.00s

     Running tests\witness_rules_tests.rs (target\debug\deps\witness_rules_tests-66cba046948f71ac.exe)

running 3 tests
test check_witness_global_scope_allows_signer ... ok
test check_witness_custom_contracts_match_current_script_hash ... ok
test check_witness_called_by_entry_matches_depth ... ok

test result: ok. 3 passed; 0 failed; 0 ignored; 0 measured; 0 filtered out; finished in 0.00s

     Running tests\witness_script_hash_refinement_tests.rs (target\debug\deps\witness_script_hash_refinement_tests-4bd6bb0b1278bed1.exe)

running 19 tests
test can_extract_individual_hash_bytes ... ok
test deterministic_computation_same_input_same_output ... ok
test different_public_keys_produce_different_redemption_scripts ... ok
test edge_case_all_zeros_vs_all_ones ... ok
test edge_case_minimal_public_key ... ok
test extract_public_key_from_position_matches_rust_extract_logic ... ok
test hash_length_independent_of_input_length ... ok
test hash_length_matches_coq_UINT160_SIZE_constant ... ok
test hash_starts_with_known_prefix_for_empty_script ... ok
test large_script_hash_valid_compliance ... ok
test rust_witness_single_sig_hash_example ... ok
test comprehensive_witness_script_hash_validation ... ok
test script_hash_always_produces_20_bytes ... ok
test signature_redeem_script_length_is_exactly_71_bytes ... ok
test signature_redeem_script_opcode_positions ... ok
test integration_witness_serialization_preserves_hash ... ok
test validate_all_properties_together ... ok
test witness_struct_preserves_hash_determinism ... ok
test stress_test_hash_computation_performance ... ok

test result: ok. 19 passed; 0 failed; 0 ignored; 0 measured; 0 filtered out; finished in 0.00s

     Running tests\witness_validation_refinement_tests.rs (target\debug\deps\witness_validation_refinement_tests-39ae16c5b9428e90.exe)

running 19 tests
test test_invocation_script_format_consistency ... ok
test test_script_hash_independence_from_invocation_script ... ok
test test_public_key_extraction_from_verification_script ... ok
test test_witness_clone_preserves_hash ... ok
test test_script_hash_edge_case_empty_script ... ok
test test_public_key_compression_prefix_validity ... ok
test test_signature_extraction_from_invocation_script ... ok
test test_verification_script_max_size_compliance ... ok
test test_script_hash_determinism_property ... ok
test test_witness_empty_constructors_equivalence ... ok
test test_multisig_impossible_threshold_rejected ... ok
test test_witness_serialization_preserves_properties ... ok
test test_script_hash_single_sig_pattern_compliance ... ok
test test_script_hash_always_uint160_size ... ok
test test_ecdsa_signature_format_validation ... ok
test test_multisig_required_signatures_validity ... ok
test test_signature_verify_with_correct_public_key ... ok
test test_multisig_insufficient_signatures_rejected ... ok
test test_multi_signature_verification_success ... ok

test result: ok. 19 passed; 0 failed; 0 ignored; 0 measured; 0 filtered out; finished in 0.00s

     Running unittests src\lib.rs (target\debug\deps\neo_crypto-7a82cd68a627aeab.exe)

running 147 tests
test bip32::tests::add_private_keys_mod_order_adds_small_scalars ... ok
test bip32::tests::add_private_keys_mod_order_rejects_invalid_inputs ... ok
test bip32::tests::hmac_sha512_matches_bip32_master_seed_vector ... ok
test bls12381::tests::invalid_private_key_scalars_are_rejected ... ok
test ecc::tests::test_ec_curve_sizes ... ok
test ecc::tests::test_ec_point_creation ... ok
test ecc::tests::test_ec_point_invalid_prefix ... ok
test ecc::tests::test_ec_point_invalid_size ... ok
test ecc::tests::test_ec_point_infinity ... ok
test ecc::tests::test_ec_point_decode_compressed ... ok
test ecc::tests::test_ec_point_from_uncompressed ... ok
test encoding::tests::base58_check_matches_known_vector ... ok
test hash::tests::test_blake2b ... ok
test ecc::tests::test_ec_point_ordering ... ok
test encoding::tests::base64_rejects_invalid_input ... ok
test ecc::tests::test_verify_ed25519_signature ... ok
test encoding::tests::base64_standard_decode_ignores_whitespace ... ok
test encoding::tests::base64_url_decode_ignores_whitespace ... ok
test encoding::tests::base64_url_no_pad_round_trips_known_vector ... ok
test encoding::tests::base58_check_rejects_invalid_checksum ... ok
test encoding::tests::base58_check_rejects_short_payload ... ok
test ecc::tests::test_verify_secp256k1_signature ... ok
test ecc::tests::test_generate_keypair_roundtrip ... ok
test hash::tests::test_blake2b_256 ... ok
test encoding::tests::base64_standard_round_trips_known_vector ... ok
test hash::tests::test_blake2b_512 ... ok
test ecc::tests::test_verify_secp256r1_signature ... ok
test encoding::tests::test_base58_encoding ... ok
test hash::tests::test_hash160 ... ok
test hash::tests::test_blake2s ... ok
test hash::tests::test_constant_time_hash_eq ... ok
test hash::tests::test_constant_time_single_byte_diff ... ok
test hash::tests::test_constant_time_slice_eq_different_lengths ... ok
test hash::tests::test_hash256 ... ok
test hash::tests::test_ripemd160 ... ok
test hash::tests::test_hash_algorithm ... ok
test hash::tests::test_keccak256 ... ok
test hash::tests::test_sha256 ... ok
test hash::tests::test_sha256_hasher_matches_one_shot_hash ... ok
test hash::tests::test_sha3_256 ... ok
test hash::tests::test_sha3_512 ... ok
test hash::tests::test_sha512 ... ok
test bls12381::tests::bls12381_compatibility_vector ... ok
test mpt_trie::root_branch_buffer::tests::test_capacity_eviction ... ok
test mpt_trie::root_branch_buffer::tests::test_clear ... ok
test mpt_trie::root_branch_buffer::tests::test_hit_tracking ... ok
test mpt_trie::cache::tests::integration_tests::test_cross_block_persistence ... ok
test mpt_trie::cache::tests::unit_tests::test_cache_miss ... ok
test mpt_trie::cache::tests::unit_tests::test_arc_sharing ... ok
test mpt_trie::root_branch_buffer::tests::test_initialization ... ok
test mpt_trie::cache::tests::unit_tests::test_cache_initialization ... ok
test mpt_trie::cache::tests::unit_tests::test_cache_hit_records_stats ... ok
test mpt_trie::root_branch_buffer::tests::test_insert_and_get_level_1 ... ok
test mpt_trie::cache::tests::integration_tests::test_zero_deserialization_on_hit ... ok
test mpt_trie::cache::tests::unit_tests::test_clear ... ok
test mpt_trie::root_branch_buffer::tests::test_insert_max_depth_4 ... ok
test mpt_trie::root_branch_buffer::tests::test_miss_tracking ... ok
test mpt_trie::root_branch_buffer::tests::test_reject_depth_exceeds_limit ... ok
test mpt_trie::cache::tests::unit_tests::test_put_and_get ... ok
test mpt_trie::root_branch_buffer::tests::test_reject_depth_zero ... ok
test mpt_trie::cache::tests::unit_tests::test_cache_capacity_and_eviction ... ok
test mpt_trie::tests::mpt_tests::test_branch_node_serialization ... ok
test mpt_trie::tests::mpt_tests::test_branch_serialize ... ok
test mpt_trie::tests::mpt_tests::test_branch_serialize_as_child ... ok
test mpt_trie::tests::mpt_tests::test_cache_commit ... ok
test mpt_trie::tests::mpt_tests::test_cache_reference1 ... ok
test mpt_trie::tests::mpt_tests::test_branch_put_dirty ... ok
test mpt_trie::tests::mpt_tests::test_branch_node_remain_value ... ok
test mpt_trie::tests::mpt_tests::test_add_longer_key ... ok
test mpt_trie::tests::mpt_tests::test_branch_delete_dirty ... ok
test mpt_trie::tests::mpt_tests::test_cache_reference2 ... ok
test mpt_trie::tests::mpt_tests::test_clone_branch ... ok
test mpt_trie::tests::mpt_tests::test_clone_extension ... ok
test mpt_trie::tests::mpt_tests::test_clone_leaf ... ok
test mpt_trie::tests::mpt_tests::test_delete_remain_can_resolve ... ok
test mpt_trie::tests::mpt_tests::test_delete_remain_cant_resolve ... ok
test mpt_trie::tests::mpt_tests::test_delete_same_value ... ok
test mpt_trie::tests::mpt_tests::test_empty_key_handling ... ok
test mpt_trie::tests::mpt_tests::test_empty_leaf ... ok
test mpt_trie::tests::mpt_tests::test_empty_node_serialization_and_hash ... ok
test mpt_trie::tests::mpt_tests::test_empty_serialize ... ok
test mpt_trie::tests::mpt_tests::test_empty_value_issue633 ... ok
test mpt_trie::tests::mpt_tests::test_extension_delete_dirty ... ok
test mpt_trie::tests::mpt_tests::test_extension_node_serialization ... ok
test mpt_trie::tests::mpt_tests::test_extension_put_dirty ... ok
test mpt_trie::tests::mpt_tests::test_extension_serialize ... ok
test mpt_trie::tests::mpt_tests::test_extension_serialize_as_child ... ok
test mpt_trie::tests::mpt_tests::test_from_replica ... ok
test mpt_trie::tests::mpt_tests::test_get_and_changed_extension ... ok
test mpt_trie::tests::mpt_tests::test_get_and_changed_leaf ... ok
test mpt_trie::tests::mpt_tests::test_get_and_changed_branch ... ok
test mpt_trie::tests::mpt_tests::test_hash_serialize ... ok
test mpt_trie::tests::mpt_tests::test_genesis_state_root_diagnostic ... ok
test mpt_trie::tests::mpt_tests::test_insertion_order_independence ... ok
test mpt_trie::tests::mpt_tests::test_leaf_node_serialization_and_hash ... ok
test mpt_trie::tests::mpt_tests::test_leaf_serialize ... ok
test mpt_trie::tests::mpt_tests::test_genesis_state_root_with_full_state_true ... ok
test mpt_trie::tests::mpt_tests::test_leaf_serialize_as_child ... ok
test mpt_trie::tests::mpt_tests::test_multiple_keys ... ok
test mpt_trie::tests::mpt_tests::test_max_value_length ... ok
test mpt_trie::tests::mpt_tests::test_genesis_state_root_matches_reference ... ok
test mpt_trie::tests::mpt_tests::test_new_extension_exception ... ok
test mpt_trie::tests::mpt_tests::test_new_hash_exception ... ok
test mpt_trie::tests::mpt_tests::test_new_leaf_exception ... ok
test mpt_trie::tests::mpt_tests::test_nibbles_conversion ... ok
test mpt_trie::tests::mpt_tests::test_put_and_changed_branch ... ok
test mpt_trie::tests::mpt_tests::test_put_and_changed_extension ... ok
test mpt_trie::tests::mpt_tests::test_put_and_changed_leaf ... ok
test mpt_trie::tests::mpt_tests::test_put_cant_resolve ... ok
test mpt_trie::tests::mpt_tests::test_reference1 ... ok
test mpt_trie::tests::mpt_tests::test_reference2 ... ok
test mpt_trie::tests::mpt_tests::test_resolve_branch ... ok
test mpt_trie::tests::mpt_tests::test_resolve_extension ... ok
test mpt_trie::tests::mpt_tests::test_resolve_leaf ... ok
test mpt_trie::tests::mpt_tests::test_single_put_trie_structure ... ok
test mpt_trie::tests::mpt_tests::test_size ... ok
test mpt_trie::tests::mpt_tests::test_split_key ... ok
test mpt_trie::tests::mpt_tests::test_trie_commit ... ok
test mpt_trie::tests::mpt_tests::test_trie_root_hash ... ok
test mpt_trie::tests::mpt_tests::test_trie_update ... ok
test mpt_trie::tests::mpt_tests::test_trie_with_common_prefix ... ok
test mpt_trie::tests::mpt_tests::test_try_delete ... ok
test mpt_trie::tests::mpt_tests::test_try_get ... ok
test mpt_trie::tests::mpt_tests::test_try_get_resolve ... ok
test mpt_trie::tests::mpt_tests::test_try_put ... ok
test mpt_trie::tests::mpt_tests::test_two_keys_trie_root_hash ... ok
test murmur::tests::test_murmur128_vectors ... ok
test named_curve_hash::tests::test_named_curve_hash_algorithm ... ok
test named_curve_hash::tests::test_named_curve_hash_curve ... ok
test named_curve_hash::tests::test_named_curve_hash_display ... ok
test named_curve_hash::tests::test_named_curve_hash_from_byte ... ok
test named_curve_hash::tests::test_named_curve_hash_roundtrip ... ok
test named_curve_hash::tests::test_named_curve_hash_serde_uses_protocol_byte ... ok
test named_curve_hash::tests::test_named_curve_hash_values ... ok
test simd::blake2b_avx512::benchmarks::test_blake2b_deterministic ... ok
test simd::blake2b_avx512::benchmarks::test_blake2b_different_inputs ... ok
test signature::tests::test_secp256k1_operations ... ok
test simd::blake2b_avx512::benchmarks::test_blake2b_output_size ... ok
test simd::blake2b_avx512::benchmarks::test_detect_cpu_features ... ok
test signature::tests::neofs_p256_sha512_preserves_ignored_prefix_behavior ... ok
test signature::tests::neofs_p256_sha512_signs_and_verifies ... ok
test signature::tests::neofs_p256_sha512_rejects_regular_p256_signature ... ok
test signature::tests::secp256r1_prehash_signs_keccak_digest ... ok
test signature::tests::neofs_p256_sha512_rejects_mutated_inputs ... ok
test mpt_trie::cache::tests::integration_tests::test_concurrent_access_safety ... ok
test signature::tests::secp256r1_signatures_are_low_s ... ok
test bls12381::tests::generated_private_keys_are_valid_for_signing ... ok

test result: ok. 147 passed; 0 failed; 0 ignored; 0 measured; 0 filtered out; finished in 0.10s

     Running tests\base64_dotnet_tests.rs (target\debug\deps\base64_dotnet_tests-2d5b40cf188f1539.exe)

running 3 tests
test dotnet_base64_accepts_only_four_whitespace_characters ... ok
test dotnet_base64_accepts_unused_trailing_bits_without_changing_strict_decode ... ok
test dotnet_base64_preserves_padding_requirements ... ok

test result: ok. 3 passed; 0 failed; 0 ignored; 0 measured; 0 filtered out; finished in 0.00s

     Running tests\crypto_hash_refinement_tests.rs (target\debug\deps\crypto_hash_refinement_tests-825b7b6904e5249a.exe)

running 13 tests
test test_ct_hash_eq_matches_equal_operator ... ok
test test_ct_hash_eq_single_byte_detection ... ok
test test_empty_string_hashing ... ok
test test_hash160_hello_known_vector ... ok
test test_ct_hash_slice_eq_different_lengths ... ok
test test_hash160_composition_correctness ... ok
test test_hash256_composition_correctness ... ok
test test_sha256_hello_known_vector ... ok
test tests::run_all_hash_refinement_tests ... ok
test test_hash160_always_returns_20_bytes ... ok
test test_hash256_always_returns_32_bytes ... ok
test test_sha256_always_returns_32_bytes ... ok
test test_ripemd160_always_returns_20_bytes ... ok

test result: ok. 13 passed; 0 failed; 0 ignored; 0 measured; 0 filtered out; finished in 0.00s

     Running tests\merkle_tree_refinement_tests.rs (target\debug\deps\merkle_tree_refinement_tests-a48312b6145de201.exe)

running 10 tests
test test_hash_pair_uses_sha256_concatenation ... ok
test test_merkle_odd_five_transactions_proper_reduction ... ok
test test_merkle_root_empty_input_returns_none ... ok
test test_merkle_root_single_transaction_is_itself ... ok
test test_merkle_root_two_transactions_pairs_directly ... ok
test test_merkle_seven_transactions_edge_case ... ok
test test_merkle_odd_three_transactions_duplicates_last ... ok
test test_compute_root_matches_reference_algorithm ... ok
test test_merkle_root_always_deterministic ... ok
test integration_tests::run_all_merkle_refinement_tests ... ok

test result: ok. 10 passed; 0 failed; 0 ignored; 0 measured; 0 filtered out; finished in 0.00s

     Running tests\mpt_cache_cleanup_refinement_tests.rs (target\debug\deps\mpt_cache_cleanup_refinement_tests-17d6562213a1567c.exe)

running 20 tests
test test_boundary_single_entry ... ok
test test_cache_initially_empty ... ok
test test_clear_resets_state ... ok
test test_complex_tree_structure ... ok
test test_eviction_preserves_consistency ... ok
test test_ref_count_safe ... ok
test test_hit_rate_valid ... ok
test test_cache_hit_performance ... ok
test test_large_values_preserved ... ok
test test_memory_isolation ... ok
test test_multiple_operations_consistent ... ok
test test_insertion_order_affects_eviction ... ok
test test_ref_count_no_overflow ... ok
test test_e2e_block_processing ... ok
test test_hash_diversity ... ok
test test_lru_eviction_correct ... ok
test test_stats_accuracy_heavy_load ... ok
test test_extreme_sequential_load ... ok
test test_concurrent_read_safety ... ok
test test_capacity_enforced ... ok

test result: ok. 20 passed; 0 failed; 0 ignored; 0 measured; 0 filtered out; finished in 0.20s

     Running tests\property_tests.rs (target\debug\deps\property_tests-00b8f89dd4d0e101.exe)

running 15 tests
test test_blake2b_consistency ... ok
test test_blake2s_consistency ... ok
test test_hash160_consistency ... ok
test test_ripemd160_consistency ... ok
test test_hex_roundtrip ... ok
test test_sha256_consistency ... ok
test test_sha512_consistency ... ok
test test_hash256_consistency ... ok
test test_keccak256_consistency ... ok
test test_base58_roundtrip ... ok
test test_base58check_roundtrip ... ok
test test_ed25519_sign_verify ... ok
test test_ed25519_wrong_message_fails ... ok
test test_secp256r1_wrong_message_fails ... ok
test test_secp256r1_sign_verify ... ok

test result: ok. 15 passed; 0 failed; 0 ignored; 0 measured; 0 filtered out; finished in 0.16s

     Running tests\state_root_refinement_tests.rs (target\debug\deps\state_root_refinement_tests-4464a830f00ef3ab.exe)

running 15 tests
test test_empty_mpt_returns_canonical_empty_root ... ok
test test_mpt_edge_cases ... ok
test test_mpt_root_always_deterministic ... ok
test test_mpt_single_insert_root_computation ... ok
test test_mpt_collision_resistance ... ok
test test_mpt_proof_verification_succeeds ... ok
test test_mpt_update_preserves_identity ... ok
test test_mpt_incremental_updates_root_changes ... ok
test test_mpt_path_structure_root_impact ... ok
test test_mpt_sequential_operations_consistency ... ok
test test_mpt_deletion_reduces_leaf_count ... ok
test test_mpt_multi_key_order_independence ... ok
test test_mpt_concurrent_like_access ... ok
test test_mpt_large_scale_roots_stable ... ok
test integration_tests::run_all_state_root_refinement_tests ... ok

test result: ok. 15 passed; 0 failed; 0 ignored; 0 measured; 0 filtered out; finished in 0.00s

     Running unittests src\lib.rs (target\debug\deps\neo_hsm-3f1e910f581ed8df.exe)

running 6 tests
test signer::hsm_signer::tests::neo_address_preserves_zero_script_hash_payload ... ok
test signer::hsm_signer::tests::neo_address_uses_base58_check_with_requested_version ... ok
test signer::hsm_signer::tests::script_hash_matches_neo_signature_contract ... ok
test simulation::sim_signer::tests::test_simulation_signer_with_pin ... ok
test simulation::sim_signer::tests::test_list_keys ... ok
test simulation::sim_signer::tests::test_simulation_signer_basic ... ok

test result: ok. 6 passed; 0 failed; 0 ignored; 0 measured; 0 filtered out; finished in 0.00s

     Running tests\t07_hsm_failopen_proof.rs (target\debug\deps\t07_hsm_failopen_proof-6493db3e63d1d938.exe)

running 3 tests
test unlock_succeeds_with_arbitrary_pin_when_no_pin_configured ... ok
test pin_guessing_is_not_throttled ... ok
test sign_works_before_unlock_and_without_ready ... ok

test result: ok. 3 passed; 0 failed; 0 ignored; 0 measured; 0 filtered out; finished in 0.00s

     Running unittests src\lib.rs (target\debug\deps\neo_io-166f82ee5ea6103a.exe)

running 19 tests
test caching::cache::tests::test_clear ... ok
test caching::cache::tests::test_copy_to_success ... ok
test caching::cache::tests::test_remove ... ok
test caching::cache::tests::test_fifo_cache_basic_operations ... ok
test caching::lru_cache::tests::zero_capacity_keeps_no_items ... ok
test caching::cache::tests::test_copy_to_bounds_error ... ok
test serializable::primitives::tests::test_uint256_serialization ... ok
test compression::tests::decompress_rejects_declared_size_over_limit_before_decode ... ok
test compression::tests::decompress_rejects_short_data ... ok
test serializable::primitives::tests::test_uint160_serialization ... ok
test serializable::primitives::tests::test_uint160_zero ... ok
test serializable::primitives::tests::test_uint256_zero ... ok
test var_int::tests::calculates_encoded_var_int_length ... ok
test var_int::tests::reads_non_canonical_prefix_for_legacy_compatibility ... ok
test compression::tests::compress_decompress_roundtrip ... ok
test var_int::tests::reads_var_int_prefix_without_consuming ... ok
test var_int::tests::waits_for_incomplete_var_int_prefix ... ok
test var_int::tests::writes_var_bytes_without_intermediate_writer ... ok
test var_int::tests::writes_canonical_var_int_encoding ... ok

test result: ok. 19 passed; 0 failed; 0 ignored; 0 measured; 0 filtered out; finished in 0.00s

     Running tests\binary_reader_tests.rs (target\debug\deps\binary_reader_tests-cbfef061e2182869.exe)

running 11 tests
test tests::test_error_handling_compatibility ... ok
test tests::test_read_array_compatibility ... ok
test tests::test_read_bytes_compatibility ... ok
test tests::test_read_boolean_compatibility ... ok
test tests::test_read_int64_compatibility ... ok
test tests::test_read_uint32_compatibility ... ok
test tests::test_read_var_string_compatibility ... ok
test tests::test_read_float_compatibility ... ok
test tests::test_read_int32_compatibility ... ok
test tests::test_read_var_int_compatibility ... ok
test tests::test_position_tracking_compatibility ... ok

test result: ok. 11 passed; 0 failed; 0 ignored; 0 measured; 0 filtered out; finished in 0.00s

     Running tests\binary_writer_tests.rs (target\debug\deps\binary_writer_tests-5e18dc7d0d95d19e.exe)

running 11 tests
test tests::test_large_data_compatibility ... ok
test tests::test_round_trip_compatibility ... ok
test tests::test_write_boolean_compatibility ... ok
test tests::test_write_bytes_compatibility ... ok
test tests::test_write_int32_compatibility ... ok
test tests::test_write_sequential_compatibility ... ok
test tests::test_write_uint32_compatibility ... ok
test tests::test_write_int64_compatibility ... ok
test tests::test_write_var_bytes_compatibility ... ok
test tests::test_write_var_int_compatibility ... ok
test tests::test_write_var_string_compatibility ... ok

test result: ok. 11 passed; 0 failed; 0 ignored; 0 measured; 0 filtered out; finished in 0.00s

     Running tests\caching_tests.rs (target\debug\deps\caching_tests-d524116fdec22813.exe)

running 37 tests
test ec_point_cache_uses_compressed_encoding_as_key ... ok
test ecdsa_cache_evicts_oldest_entries ... ok
test hash_set_cache_capacity_can_recover_after_zero_capacity ... ok
test hash_set_cache_clear_preserves_configured_capacity ... ok
test hash_set_cache_capacity_change_trims_on_next_insert_attempt ... ok
test hash_set_cache_duplicate_does_not_refresh_fifo_order ... ok
test fifo_cache_access_paths_do_not_refresh_fifo_order ... ok
test hash_set_cache_except_with_preserves_remaining_fifo_order ... ok
test hash_set_cache_copy_to_preserves_insertion_order ... ok
test hash_set_cache_iter_and_into_iter_preserve_fifo_order ... ok
test hash_set_cache_duplicate_equal_value_does_not_replace_stored_item ... ok
test hash_set_cache_duplicate_insert_after_capacity_reduction_still_trims ... ok
test hash_set_cache_set_capacity_zero_defers_trim_until_try_add ... ok
test hash_set_cache_contains_does_not_refresh_fifo_order ... ok
test hash_set_cache_zero_capacity_duplicate_clears_without_reinserting ... ok
test hash_set_cache_into_iter_preserves_fifo_after_mutations ... ok
test hash_set_cache_remove_preserves_fifo_order ... ok
test hash_set_cache_zero_capacity_constructor_uses_default_capacity ... ok
test hash_set_cache_respects_capacity ... ok
test hash_set_cache_zero_capacity_after_set_keeps_no_items ... ok
test hash_set_cache_excepts_with_removes_items ... ok
test io_cache_contains_and_try_get_do_not_refresh_fifo_order ... ok
test io_cache_duplicate_add_preserves_original_value ... ok
test hash_set_cache_try_new_rejects_zero_capacity ... ok
test io_cache_get_and_duplicate_add_do_not_refresh_fifo_order ... ok
test io_cache_public_alias_and_fifo_cache_preserve_fifo_order ... ok
test io_cache_copy_to_after_eviction_preserves_fifo_order ... ok
test io_cache_remove_preserves_fifo_order_and_next_eviction ... ok
test io_cache_zero_capacity_keeps_no_items ... ok
test lru_cache_access_paths_refresh_order ... ok
test lru_cache_contains_value_refreshes_order ... ok
test lru_cache_copy_to_uses_lru_order_after_refresh ... ok
test lru_cache_duplicate_add_refreshes_order ... ok
test lru_cache_duplicate_add_refreshes_without_overwriting_value ... ok
test lru_cache_eviction_matches_csharp ... ok
test lru_cache_try_get_refreshes_order ... ok
test relay_cache_keys_on_inventory_hash ... ok

test result: ok. 37 passed; 0 failed; 0 ignored; 0 measured; 0 filtered out; finished in 0.00s

     Running tests\memory_reader_tests.rs (target\debug\deps\memory_reader_tests-1824d8160e5a0081.exe)

running 27 tests
test test_ensure_position_error ... ok
test test_fixed_width_error_preserves_position ... ok
test test_peek ... ok
test test_position ... ok
test test_read_fixed_string ... ok
test test_read_boolean ... ok
test test_invalid_boolean_consumes_byte ... ok
test test_read_byte ... ok
test test_read_int32_big_endian ... ok
test test_read_int64_big_endian ... ok
test test_read_sbyte ... ok
test test_read_to_end ... ok
test test_read_uint16 ... ok
test test_read_int16_big_endian ... ok
test test_read_memory ... ok
test test_read_uint16_big_endian ... ok
test test_read_int32 ... ok
test test_read_uint32 ... ok
test test_read_uint32_big_endian ... ok
test test_read_uint64 ... ok
test test_read_uint64_basic ... ok
test test_read_var_int ... ok
test test_read_var_memory ... ok
test test_read_uint64_big_endian ... ok
test test_read_var_string ... ok
test test_read_var_string_basic ... ok
test test_read_var_int_error_position_matches_legacy_reader ... ok

test result: ok. 27 passed; 0 failed; 0 ignored; 0 measured; 0 filtered out; finished in 0.00s

     Running tests\mod.rs (target\debug\deps\mod-29a25a19d1b2a1a7.exe)

running 109 tests
test binary_reader_tests::tests::test_error_handling_compatibility ... ok
test binary_reader_tests::tests::test_read_array_compatibility ... ok
test binary_reader_tests::tests::test_position_tracking_compatibility ... ok
test binary_reader_tests::tests::test_read_bytes_compatibility ... ok
test binary_reader_tests::tests::test_read_int64_compatibility ... ok
test binary_reader_tests::tests::test_read_float_compatibility ... ok
test binary_reader_tests::tests::test_read_boolean_compatibility ... ok
test binary_reader_tests::tests::test_read_var_string_compatibility ... ok
test binary_writer_tests::tests::test_round_trip_compatibility ... ok
test binary_writer_tests::tests::test_write_bytes_compatibility ... ok
test binary_reader_tests::tests::test_read_var_int_compatibility ... ok
test binary_reader_tests::tests::test_read_int32_compatibility ... ok
test binary_writer_tests::tests::test_write_sequential_compatibility ... ok
test binary_writer_tests::tests::test_write_boolean_compatibility ... ok
test binary_reader_tests::tests::test_read_uint32_compatibility ... ok
test binary_writer_tests::tests::test_write_var_string_compatibility ... ok
test caching_tests::ec_point_cache_uses_compressed_encoding_as_key ... ok
test binary_writer_tests::tests::test_write_uint32_compatibility ... ok
test binary_writer_tests::tests::test_write_var_bytes_compatibility ... ok
test binary_writer_tests::tests::test_write_var_int_compatibility ... ok
test caching_tests::fifo_cache_access_paths_do_not_refresh_fifo_order ... ok
test binary_writer_tests::tests::test_write_int64_compatibility ... ok
test caching_tests::ecdsa_cache_evicts_oldest_entries ... ok
test caching_tests::hash_set_cache_capacity_can_recover_after_zero_capacity ... ok
test binary_writer_tests::tests::test_large_data_compatibility ... ok
test binary_writer_tests::tests::test_write_int32_compatibility ... ok
test caching_tests::hash_set_cache_capacity_change_trims_on_next_insert_attempt ... ok
test caching_tests::hash_set_cache_clear_preserves_configured_capacity ... ok
test caching_tests::hash_set_cache_contains_does_not_refresh_fifo_order ... ok
test caching_tests::hash_set_cache_copy_to_preserves_insertion_order ... ok
test caching_tests::hash_set_cache_duplicate_does_not_refresh_fifo_order ... ok
test caching_tests::hash_set_cache_duplicate_equal_value_does_not_replace_stored_item ... ok
test caching_tests::hash_set_cache_duplicate_insert_after_capacity_reduction_still_trims ... ok
test caching_tests::hash_set_cache_except_with_preserves_remaining_fifo_order ... ok
test caching_tests::hash_set_cache_excepts_with_removes_items ... ok
test caching_tests::hash_set_cache_into_iter_preserves_fifo_after_mutations ... ok
test caching_tests::hash_set_cache_iter_and_into_iter_preserve_fifo_order ... ok
test caching_tests::hash_set_cache_remove_preserves_fifo_order ... ok
test caching_tests::hash_set_cache_respects_capacity ... ok
test caching_tests::hash_set_cache_set_capacity_zero_defers_trim_until_try_add ... ok
test caching_tests::hash_set_cache_try_new_rejects_zero_capacity ... ok
test caching_tests::hash_set_cache_zero_capacity_after_set_keeps_no_items ... ok
test caching_tests::hash_set_cache_zero_capacity_duplicate_clears_without_reinserting ... ok
test caching_tests::hash_set_cache_zero_capacity_constructor_uses_default_capacity ... ok
test caching_tests::io_cache_contains_and_try_get_do_not_refresh_fifo_order ... ok
test caching_tests::io_cache_copy_to_after_eviction_preserves_fifo_order ... ok
test caching_tests::io_cache_duplicate_add_preserves_original_value ... ok
test caching_tests::io_cache_get_and_duplicate_add_do_not_refresh_fifo_order ... ok
test caching_tests::io_cache_public_alias_and_fifo_cache_preserve_fifo_order ... ok
test caching_tests::io_cache_remove_preserves_fifo_order_and_next_eviction ... ok
test caching_tests::io_cache_zero_capacity_keeps_no_items ... ok
test caching_tests::lru_cache_access_paths_refresh_order ... ok
test caching_tests::lru_cache_contains_value_refreshes_order ... ok
test caching_tests::lru_cache_copy_to_uses_lru_order_after_refresh ... ok
test caching_tests::lru_cache_duplicate_add_refreshes_order ... ok
test caching_tests::lru_cache_duplicate_add_refreshes_without_overwriting_value ... ok
test caching_tests::lru_cache_eviction_matches_csharp ... ok
test caching_tests::lru_cache_try_get_refreshes_order ... ok
test caching_tests::relay_cache_keys_on_inventory_hash ... ok
test integration_tests::test_block_like_serialization_workflow ... ok
test integration_tests::test_transaction_like_serialization_workflow ... ok
test memory_reader_tests::test_ensure_position_error ... ok
test memory_reader_tests::test_fixed_width_error_preserves_position ... ok
test memory_reader_tests::test_invalid_boolean_consumes_byte ... ok
test memory_reader_tests::test_peek ... ok
test memory_reader_tests::test_position ... ok
test memory_reader_tests::test_read_boolean ... ok
test memory_reader_tests::test_read_byte ... ok
test memory_reader_tests::test_read_fixed_string ... ok
test memory_reader_tests::test_read_int16_big_endian ... ok
test memory_reader_tests::test_read_int32 ... ok
test memory_reader_tests::test_read_int32_big_endian ... ok
test memory_reader_tests::test_read_int64_big_endian ... ok
test memory_reader_tests::test_read_memory ... ok
test memory_reader_tests::test_read_sbyte ... ok
test memory_reader_tests::test_read_to_end ... ok
test memory_reader_tests::test_read_uint16 ... ok
test memory_reader_tests::test_read_uint16_big_endian ... ok
test memory_reader_tests::test_read_uint32 ... ok
test memory_reader_tests::test_read_uint32_big_endian ... ok
test memory_reader_tests::test_read_uint64 ... ok
test memory_reader_tests::test_read_uint64_basic ... ok
test memory_reader_tests::test_read_uint64_big_endian ... ok
test memory_reader_tests::test_read_var_int ... ok
test memory_reader_tests::test_read_var_int_error_position_matches_legacy_reader ... ok
test memory_reader_tests::test_read_var_memory ... ok
test memory_reader_tests::test_read_var_string ... ok
test memory_reader_tests::test_read_var_string_basic ... ok
test serialization_tests::tests::test_array_serialization_compatibility ... ok
test serialization_tests::tests::test_boundary_values_serialization_compatibility ... ok
test serialization_tests::tests::test_custom_array_helpers_preserve_wire_layout ... ok
test serialization_tests::tests::test_empty_values_serialization_compatibility ... ok
test serialization_tests::tests::test_exact_array_deserialization_rejects_mismatched_count_before_items ... ok
test serialization_tests::tests::test_large_data_serialization_performance ... ok
test serialization_tests::tests::test_nested_serialization_compatibility ... ok
test serialization_tests::tests::test_serialization_error_handling_compatibility ... ok
test serialization_tests::tests::test_serialization_round_trip_compatibility ... ok
test serialization_tests::tests::test_versioning_compatibility ... ok
test simple_io_tests::test_binary_writer_basic ... ok
test simple_io_tests::test_boolean ... ok
test simple_io_tests::test_error_handling ... ok
test simple_io_tests::test_integers ... ok
test simple_io_tests::test_memory_reader_basic ... ok
test simple_io_tests::test_peek ... ok
test simple_io_tests::test_position ... ok
test simple_io_tests::test_serialization_round_trip ... ok
test simple_io_tests::test_var_bytes ... ok
test simple_io_tests::test_var_int ... ok
test simple_io_tests::test_var_string ... ok

test result: ok. 109 passed; 0 failed; 0 ignored; 0 measured; 0 filtered out; finished in 0.00s

     Running tests\serialization_tests.rs (target\debug\deps\serialization_tests-14047c26fe49e86c.exe)

running 10 tests
test tests::test_array_serialization_compatibility ... ok
test tests::test_boundary_values_serialization_compatibility ... ok
test tests::test_custom_array_helpers_preserve_wire_layout ... ok
test tests::test_empty_values_serialization_compatibility ... ok
test tests::test_exact_array_deserialization_rejects_mismatched_count_before_items ... ok
test tests::test_large_data_serialization_performance ... ok
test tests::test_nested_serialization_compatibility ... ok
test tests::test_serialization_error_handling_compatibility ... ok
test tests::test_serialization_round_trip_compatibility ... ok
test tests::test_versioning_compatibility ... ok

test result: ok. 10 passed; 0 failed; 0 ignored; 0 measured; 0 filtered out; finished in 0.00s

     Running tests\simple_io_tests.rs (target\debug\deps\simple_io_tests-1dd54fd99587c660.exe)

running 11 tests
test test_binary_writer_basic ... ok
test test_integers ... ok
test test_memory_reader_basic ... ok
test test_serialization_round_trip ... ok
test test_error_handling ... ok
test test_var_int ... ok
test test_position ... ok
test test_boolean ... ok
test test_var_bytes ... ok
test test_peek ... ok
test test_var_string ... ok

test result: ok. 11 passed; 0 failed; 0 ignored; 0 measured; 0 filtered out; finished in 0.00s

     Running tests\varint_encoding_refinement_tests.rs (target\debug\deps\varint_encoding_refinement_tests-01e89286246cec22.exe)

running 14 tests
test test_comprehensive_roundtrip_all_ranges ... ok
test test_empty_buffer_returns_none ... ok
test test_exact_boundary_253_first_three_byte ... ok
test test_exact_boundary_65536_first_five_byte ... ok
test test_five_byte_range_65536_to_u32_max ... ok
test test_maximum_value_stays_in_five_byte ... ok
test test_maximum_value_stays_in_three_byte ... ok
test test_length_calculations_match_definitions ... ok
test test_little_endian_byte_ordering ... ok
test test_known_sequences_match_rfc_varint_examples ... ok
test test_nine_byte_range_u32_max_plus ... ok
test test_partial_incomplete_encodings_return_none ... ok
test test_three_byte_range_253_to_65535 ... ok
test test_single_byte_range_0_to_252_exhaustive ... ok

test result: ok. 14 passed; 0 failed; 0 ignored; 0 measured; 0 filtered out; finished in 0.00s

     Running tests\varint_roundtrip_tests.rs (target\debug\deps\varint_roundtrip_tests-93c9f63f87dd4348.exe)

running 11 tests
test test_canonical_encoding_only ... ok
test test_varint_coq_example_tie_ins ... ok
test test_varint_encode_decode_roundtrip_2byte ... ok
test test_varint_encode_decode_roundtrip_4byte ... ok
test test_varint_encode_decode_roundtrip_8byte ... ok
test test_varint_length_property ... ok
test test_varint_encoded_length_matches_rust ... ok
test test_varint_incomplete_encoding_returns_none ... ok
test test_varint_write_read_consistency ... ok
test test_varint_encode_decode_roundtrip_small ... ok
test test_varint_stress_test ... ok

test result: ok. 11 passed; 0 failed; 0 ignored; 0 measured; 0 filtered out; finished in 0.00s

     Running unittests src\lib.rs (target\debug\deps\neo_json-b06aa19f6fa7f208.exe)

running 3 tests
test ordered_dictionary::tests::insert_updates_without_moving_existing_key ... ok
test ordered_dictionary::tests::try_insert_rejects_duplicates_without_moving_existing_key ... ok
test ordered_dictionary::tests::remove_preserves_remaining_insertion_order ... ok

test result: ok. 3 passed; 0 failed; 0 ignored; 0 measured; 0 filtered out; finished in 0.00s

     Running tests\jarray_tests.rs (target\debug\deps\jarray_tests-5f902cb98f2b2c26.exe)

running 3 tests
test test_array_creation_and_access ... ok
test test_array_mutation ... ok
test test_array_nested_structures ... ok

test result: ok. 3 passed; 0 failed; 0 ignored; 0 measured; 0 filtered out; finished in 0.00s

     Running tests\jobject_tests.rs (target\debug\deps\jobject_tests-5ef3ec0e7f63ffc9.exe)

running 1 test
test test_object_creation_and_access ... ok

test result: ok. 1 passed; 0 failed; 0 ignored; 0 measured; 0 filtered out; finished in 0.00s

     Running tests\jpath_tests.rs (target\debug\deps\jpath_tests-f1497f6dc8d3361e.exe)

running 3 tests
test test_json_path_array_index ... ok
test test_json_path_simple_properties ... ok
test test_json_path_wildcard ... ok

test result: ok. 3 passed; 0 failed; 0 ignored; 0 measured; 0 filtered out; finished in 0.00s

     Running tests\jstring_comprehensive_tests.rs (target\debug\deps\jstring_comprehensive_tests-3da33dfb8288cd72.exe)

running 12 tests
test test_empty_string_is_falsy ... ok
test test_non_numeric_string_is_not_a_number ... ok
test test_number_string_parses_as_number ... ok
test test_parse_string_escapes ... ok
test test_parse_invalid_string_fails ... ok
test test_string_construction_and_equality ... ok
test test_non_string_accessors_fail ... ok
test test_string_within_containers ... ok
test test_string_property_lookup ... ok
test test_string_serialization_round_trip ... ok
test test_parse_unicode_escapes ... ok
test test_string_accessors ... ok

test result: ok. 12 passed; 0 failed; 0 ignored; 0 measured; 0 filtered out; finished in 0.00s

     Running tests\jtoken_tests.rs (target\debug\deps\jtoken_tests-8712a549be969580.exe)

running 4 tests
test test_array_behaviour ... ok
test test_equality ... ok
test test_object_behaviour ... ok
test test_basic_token_construction ... ok

test result: ok. 4 passed; 0 failed; 0 ignored; 0 measured; 0 filtered out; finished in 0.00s

     Running tests\mod.rs (target\debug\deps\mod-6e857347e6e571de.exe)

running 25 tests
test jarray_tests::test_array_creation_and_access ... ok
test jarray_tests::test_array_nested_structures ... ok
test jpath_tests::test_json_path_simple_properties ... ok
test jpath_tests::test_json_path_wildcard ... ok
test jobject_tests::test_object_creation_and_access ... ok
test jstring_comprehensive_tests::test_empty_string_is_falsy ... ok
test jstring_comprehensive_tests::test_non_numeric_string_is_not_a_number ... ok
test jstring_comprehensive_tests::test_number_string_parses_as_number ... ok
test jarray_tests::test_array_mutation ... ok
test jstring_comprehensive_tests::test_non_string_accessors_fail ... ok
test jstring_comprehensive_tests::test_parse_invalid_string_fails ... ok
test jstring_comprehensive_tests::test_parse_string_escapes ... ok
test jtoken_tests::test_array_behaviour ... ok
test jstring_comprehensive_tests::test_string_accessors ... ok
test jstring_comprehensive_tests::test_string_construction_and_equality ... ok
test jstring_comprehensive_tests::test_string_property_lookup ... ok
test jpath_tests::test_json_path_array_index ... ok
test jstring_comprehensive_tests::test_string_within_containers ... ok
test jstring_comprehensive_tests::test_string_serialization_round_trip ... ok
test jstring_comprehensive_tests::test_parse_unicode_escapes ... ok
test jtoken_tests::test_basic_token_construction ... ok
test jtoken_tests::test_equality ... ok
test jtoken_tests::test_object_behaviour ... ok
test serialization_tests::test_roundtrip_serialization ... ok
test serialization_tests::test_basic_serialization ... ok

test result: ok. 25 passed; 0 failed; 0 ignored; 0 measured; 0 filtered out; finished in 0.00s

     Running tests\serialization_tests.rs (target\debug\deps\serialization_tests-b62ba9050115509d.exe)

running 2 tests
test test_basic_serialization ... ok
test test_roundtrip_serialization ... ok

test result: ok. 2 passed; 0 failed; 0 ignored; 0 measured; 0 filtered out; finished in 0.00s

     Running unittests src\main.rs (target\debug\deps\neo_node-8bbf6e109f8c77aa.exe)

running 38 tests
test startup::config::tests::check_storage_allows_memory_without_path ... ok
test config::tests::mempool_max_transactions_override_applies_to_protocol_settings ... ok
test config::tests::blockchain_block_time_is_milliseconds ... ok
test config::tests::blockchain_max_transactions_override_applies_to_protocol_settings ... ok
test metrics::tests::telemetry_instance_is_initialized ... ok
test config::tests::rejects_unknown_fields_in_known_table ... ok
test config::tests::bundled_testnet_config_parses ... ok
test config::tests::bundled_production_config_parses ... ok
test config::tests::bundled_mainnet_config_parses ... ok
test metrics::tests::gather_telemetry_returns_prometheus ... ok
test startup::config::tests::validate_allows_loopback_without_auth ... ok
test config::tests::rejects_unknown_tables ... ok
test metrics::tests::gather_telemetry_returns_json ... ok
test metrics::tests::update_metrics_delegates_prometheus_export_to_neo_telemetry ... ok
test startup::config::tests::bundled_mainnet_config_is_check_config_valid ... ok
test startup::config::tests::validate_enforces_rpc_auth_credentials ... ok
test startup::config::tests::validate_hardened_requires_credentials ... ok
test startup::config::tests::validate_accepts_memory_without_path ... ok
test startup::config::tests::validate_allows_mempool_max_transactions_per_sender_for_compat ... ok
test startup::config::tests::bundled_production_config_is_check_config_valid ... ok
test startup::config::tests::validate_rejects_default_rpc_credentials_on_public_bind ... ok
test startup::config::tests::validate_rejects_public_bind_without_auth ... ok
test startup::config::tests::validate_rejects_unsupported_max_free_transactions_per_block ... ok
test startup::config::tests::validate_rejects_zero_mempool_max_transactions_per_sender ... ok
test startup::config::tests::validate_requires_storage_path_for_rocksdb ... ok
test startup::config::tests::validate_rejects_storage_path_that_is_file ... ok
test startup::tasks::tests::shutdown_cancels_and_waits_for_tasks ... ok
test wallet_provider::tests::wallet_changed_can_be_called_more_than_once_without_panicking ... ok
test config::tests::writes_rpc_config_with_restricted_permissions ... ok
test tests::cli_storage_override_updates_config_storage_path ... ok
test wallet_scripts::tests::signature_invocation_rejects_non_64_byte_signature ... ok
test wallet_scripts::tests::signature_invocation_uses_neo_pushdata1_form ... ok
test startup::config::tests::check_storage_network_readonly_requires_markers ... ok
test startup::config::tests::check_storage_network_writes_markers ... ok
test tests::maybe_open_wallet_uses_provider_without_rpc_server ... ok
test startup::logging::tests::metrics_pump_exits_on_background_shutdown ... ok
test tests::setup_wallet_provider_works_without_rpc_server ... ok
test health::tests::health_server_exits_on_shutdown_signal ... ok

test result: ok. 38 passed; 0 failed; 0 ignored; 0 measured; 0 filtered out; finished in 0.52s

     Running tests\block_assembly_test.rs (target\debug\deps\block_assembly_test-61f282f231e616a5.exe)

running 1 test
test test_complete_block_assembly_workflow ... ok

test result: ok. 1 passed; 0 failed; 0 ignored; 0 measured; 0 filtered out; finished in 0.00s

     Running unittests src\lib.rs (target\debug\deps\neo_p2p-cd7bfc590bd2cfda.exe)

running 19 tests
test channels_config::tests::default_config_has_expected_values ... ok
test channels_config::tests::new_config_with_tcp ... ok
test inventory_type::tests::converts_to_message_command ... ok
test message_command::tests::compression_whitelist_matches_protocol_commands ... ok
test message_command::tests::extended_parse_aliases_preserve_legacy_unknown_commands ... ok
test message_command::tests::outbound_queue_single_command_set_matches_remote_node_policy ... ok
test message_command::tests::outbound_queue_high_priority_set_matches_remote_node_policy ... ok
test message_flags::tests::test_message_flags_compressed ... ok
test message_command::tests::protocol_enum_guard_preserves_unknown_message_command_bytes ... ok
test message_flags::tests::test_message_flags_from_byte ... ok
test message_flags::tests::test_message_flags_default ... ok
test message_flags::tests::test_message_flags_with_compressed ... ok
test message_flags::tests::protocol_enum_guard_preserves_unknown_message_flag_bits ... ok
test message_flags::tests::test_message_flags_none ... ok
test message_flags::tests::test_message_flags_set_compressed ... ok
test message_flags::tests::test_message_flags_display ... ok
test traits::tests::test_p2p_config_default ... ok
test traits::tests::test_p2p_event_variants ... ok
test traits::tests::test_peer_info_creation ... ok

test result: ok. 19 passed; 0 failed; 0 ignored; 0 measured; 0 filtered out; finished in 0.00s

     Running tests\protocol_roundtrip.rs (target\debug\deps\protocol_roundtrip-6d22508cc41db846.exe)

running 4 tests
test inventory_types_map_to_wire_commands ... ok
test message_commands_preserve_known_and_unknown_wire_values ... ok
test message_flags_preserve_compression_and_unknown_bits ... ok
test unknown_command_is_not_compressible_or_high_priority ... ok

test result: ok. 4 passed; 0 failed; 0 ignored; 0 measured; 0 filtered out; finished in 0.00s

     Running unittests src\lib.rs (target\debug\deps\neo_primitives-3256cb199bac56bf.exe)

running 264 tests
test big_decimal::tests::test_big_decimal_change_decimals ... ok
test big_decimal::tests::test_big_decimal_new ... ok
test big_decimal::tests::test_big_decimal_display ... ok
test big_decimal::tests::test_big_decimal_comparison ... ok
test big_decimal::tests::test_big_decimal_parse ... ok
test blockchain::tests::test_mock_block ... ok
test big_decimal::tests::test_big_decimal_to_big_integer ... ok
test blockchain::tests::test_mock_blockchain_get_block ... ok
test blockchain::tests::test_mock_message ... ok
test blockchain::tests::test_mock_peer_registry_add_peer ... ok
test blockchain::tests::test_mock_peer_registry_broadcast ... ok
test blockchain::tests::test_mock_peer_registry_disconnect ... ok
test blockchain::tests::test_mock_peer_registry_empty ... ok
test blockchain::tests::test_mock_blockchain_height ... ok
test blockchain::tests::test_mock_blockchain_relay_block ... ok
test blockchain::tests::test_mock_header ... ok
test blockchain::tests::test_blockchain_current_header_hash ... ok
test blockchain::tests::test_blockchain_relay_transaction ... ok
test blockchain::tests::test_message_as_trait_object ... ok
test blockchain::tests::test_blockchain_get_header_by_height ... ok
test big_decimal::tests::test_big_decimal_sign ... ok
test blockchain::tests::test_mock_block_full ... ok
test blockchain::tests::test_mock_peer_registry_send_to ... ok
test blockchain::tests::test_mock_transaction ... ok
test blockchain::tests::test_mock_transaction_no_sender ... ok
test blockchain::tests::test_peer_id_copy_clone ... ok
test blockchain::tests::test_peer_id_creation ... ok
test blockchain::tests::test_peer_id_display ... ok
test blockchain::tests::test_peer_id_equality ... ok
test blockchain::tests::test_peer_id_hash ... ok
test blockchain::tests::test_peer_id_send_sync ... ok
test blockchain::tests::test_peer_info_clone ... ok
test blockchain::tests::test_peer_info_creation ... ok
test blockchain::tests::test_peer_info_send_sync ... ok
test blockchain::tests::test_peer_registry_broadcast_except ... ok
test blockchain::tests::test_peer_registry_multiple_peers ... ok
test blockchain::tests::test_relay_error_all_variants_eq ... ok
test blockchain::tests::test_relay_error_already_exists ... ok
test blockchain::tests::test_relay_error_debug ... ok
test blockchain::tests::test_relay_error_invalid_height ... ok
test blockchain::tests::test_relay_error_mempool_full ... ok
test blockchain::tests::test_relay_error_send_sync ... ok
test blockchain::tests::test_relay_error_transaction_invalid ... ok
test blockchain::tests::test_relay_error_validation_failed ... ok
test blockchain::tests::test_result_type_aliases ... ok
test blockchain::tests::test_send_error_all_variants_eq ... ok
test blockchain::tests::test_send_error_debug ... ok
test blockchain::tests::test_send_error_disconnected ... ok
test blockchain::tests::test_send_error_peer_not_found ... ok
test blockchain::tests::test_send_error_queue_full ... ok
test blockchain::tests::test_send_error_send_sync ... ok
test blockchain::tests::test_send_error_serialization ... ok
test constants::tests::test_block_constants ... ok
test constants::tests::test_consensus_constants ... ok
test constants::tests::test_fee_constants ... ok
test constants::tests::test_network_magic ... ok
test constants::tests::test_port_constants ... ok
test constants::tests::test_size_constants ... ok
test constants::tests::test_time_constants ... ok
test constants::tests::test_transaction_constants ... ok
test constants::tests::test_vm_constants ... ok
test contains_transaction_type::tests::contains_transaction_type_exists_only_for_present_transactions ... ok
test contains_transaction_type::tests::contains_transaction_type_matches_neo_values ... ok
test contains_transaction_type::tests::contains_transaction_type_serde_uses_wire_byte ... ok
test contract_parameter_type::tests::test_contract_parameter_type_all_values ... ok
test contract_parameter_type::tests::test_contract_parameter_type_as_str ... ok
test contract_parameter_type::tests::test_contract_parameter_type_default ... ok
test contract_parameter_type::tests::test_contract_parameter_type_from_string ... ok
test contract_parameter_type::tests::test_contract_parameter_type_serde ... ok
test contract_parameter_type::tests::test_contract_parameter_type_try_from_u8 ... ok
test contract_parameter_type::tests::test_contract_parameter_type_values ... ok
test hardfork::tests::test_hardfork_all ... ok
test hardfork::tests::test_hardfork_display ... ok
test hardfork::tests::test_hardfork_from_index ... ok
test hardfork::tests::test_hardfork_from_str ... ok
test hardfork::tests::test_hardfork_from_str_invalid ... ok
test hardfork::tests::test_hardfork_index ... ok
test hardfork::tests::test_hardfork_name ... ok
test hardfork::tests::test_hardfork_ordering ... ok
test hardfork::tests::test_hardfork_serde ... ok
test hardfork::tests::test_hardfork_try_from_u8 ... ok
test inventory_type::tests::inventory_type_serde_keeps_derived_enum_shape ... ok
test inventory_type::tests::protocol_enum_guard_rejects_unknown_inventory_bytes ... ok
test inventory_type::tests::test_inventory_type_display ... ok
test inventory_type::tests::test_inventory_type_from_byte ... ok
test inventory_type::tests::test_inventory_type_values ... ok
test network_error::tests::timeout_check_matches_variant ... ok
test node_capability_type::tests::node_capability_type_matches_neo_values ... ok
test node_capability_type::tests::node_capability_type_preserves_unknown_bytes ... ok
test node_capability_type::tests::node_capability_type_serde_shape_matches_derived_enum ... ok
test oracle_response_code::tests::protocol_enum_guard_rejects_unknown_oracle_response_code_bytes ... ok
test oracle_response_code::tests::test_oracle_response_code_display ... ok
test oracle_response_code::tests::test_oracle_response_code_from_byte ... ok
test oracle_response_code::tests::test_oracle_response_code_is_error ... ok
test oracle_response_code::tests::test_oracle_response_code_is_success ... ok
test oracle_response_code::tests::test_oracle_response_code_roundtrip ... ok
test oracle_response_code::tests::test_oracle_response_code_serde ... ok
test oracle_response_code::tests::test_oracle_response_code_values ... ok
test storage::tests::test_custom_impl_error ... ok
test storage::tests::test_custom_impl_roundtrip ... ok
test storage::tests::test_default_storage_size_impl ... ok
test storage::tests::test_fixed_array_from_storage_bytes ... ok
test storage::tests::test_fixed_array_is_send_sync ... ok
test storage::tests::test_fixed_array_roundtrip ... ok
test storage::tests::test_fixed_array_size_mismatch_errors ... ok
test storage::tests::test_fixed_array_storage_size ... ok
test storage::tests::test_fixed_array_to_storage_bytes ... ok
test storage::tests::test_fixed_array_various_sizes ... ok
test storage::tests::test_fixed_array_wrong_size ... ok
test storage::tests::test_fixed_array_zero_size ... ok
test storage::tests::test_storage_value_error_all_variants_eq ... ok
test storage::tests::test_storage_value_error_clone ... ok
test storage::tests::test_storage_value_error_data_too_large ... ok
test storage::tests::test_storage_value_error_debug ... ok
test storage::tests::test_storage_value_error_deserialization ... ok
test storage::tests::test_trait_object_fixed_array ... ok
test storage::tests::test_storage_value_error_invalid_format ... ok
test storage::tests::test_trait_object_vec ... ok
test storage::tests::test_vec_u8_empty ... ok
test storage::tests::test_vec_u8_from_storage_bytes ... ok
test storage::tests::test_vec_u8_is_send_sync ... ok
test storage::tests::test_vec_u8_large_value ... ok
test storage::tests::test_vec_u8_roundtrip ... ok
test storage::tests::test_vec_u8_storage_size ... ok
test storage::tests::test_vec_u8_to_storage_bytes ... ok
test tests::uint160_tests::tests::test_compare_to ... ok
test tests::uint160_tests::tests::test_equals ... ok
test tests::uint160_tests::tests::test_fail ... ok
test tests::uint160_tests::tests::test_generator1 ... ok
test tests::uint160_tests::tests::test_generator2 ... ok
test tests::uint160_tests::tests::test_generator3 ... ok
test tests::uint160_tests::tests::test_generator4 ... ok
test tests::uint160_tests::tests::test_get_hash_code ... ok
test tests::uint160_tests::tests::test_parse ... ok
test tests::uint160_tests::tests::test_to_string ... ok
test tests::uint160_tests::tests::test_try_parse ... ok
test tests::uint256_tests::tests::test_compare_to ... ok
test tests::uint256_tests::tests::test_equals ... ok
test tests::uint256_tests::tests::test_equals1 ... ok
test tests::uint256_tests::tests::test_fail ... ok
test tests::uint256_tests::tests::test_generator1 ... ok
test tests::uint256_tests::tests::test_generator2 ... ok
test tests::uint256_tests::tests::test_generator3 ... ok
test tests::uint256_tests::tests::test_get_hash_code ... ok
test tests::uint256_tests::tests::test_parse ... ok
test tests::uint256_tests::tests::test_to_string ... ok
test tests::uint256_tests::tests::test_try_parse ... ok
test transaction_attribute_type::tests::test_transaction_attribute_type_allows_multiple ... ok
test transaction_attribute_type::tests::test_transaction_attribute_type_display ... ok
test transaction_attribute_type::tests::test_transaction_attribute_type_from_byte ... ok
test transaction_attribute_type::tests::test_transaction_attribute_type_roundtrip ... ok
test transaction_attribute_type::tests::test_transaction_attribute_type_serde ... ok
test transaction_attribute_type::tests::test_transaction_attribute_type_values ... ok
test transaction_removal_reason::tests::transaction_removal_reason_display_matches_variant_names ... ok
test transaction_removal_reason::tests::transaction_removal_reason_from_byte_rejects_unknown_values ... ok
test transaction_removal_reason::tests::transaction_removal_reason_serde_rejects_unknown_values ... ok
test transaction_removal_reason::tests::transaction_removal_reason_serde_uses_protocol_byte ... ok
test transaction_removal_reason::tests::transaction_removal_reason_roundtrips_protocol_bytes ... ok
test transaction_removal_reason::tests::transaction_removal_reason_values_match_protocol_bytes ... ok
test uint160::tests::address_matches_known_neo_vectors ... ok
test uint160::tests::address_uses_base58_check_roundtrip ... ok
test uint160::tests::from_address_rejects_invalid_base58_check_checksum ... ok
test uint160::tests::from_address_rejects_missing_base58_check_checksum ... ok
test uint160::tests::from_address_rejects_wrong_version_before_checksum ... ok
test uint160::tests::test_get_hash_code_deterministic ... ok
test uint160::tests::test_uint160_equals ... ok
test uint160::tests::test_uint160_from_bytes ... ok
test uint160::tests::test_equals_is_symmetric ... ok
test uint160::tests::test_is_zero_correct ... ok
test uint160::tests::test_uint160_from_script ... ok
test uint160::tests::test_to_array_roundtrip ... ok
test uint160::tests::test_roundtrip_from_bytes ... ok
test uint160::tests::test_uint160_new ... ok
test uint160::tests::test_uint160_ordering ... ok
test uint160::tests::test_ordering_transitive ... ok
test uint160::tests::test_uint160_parse ... ok
test uint160::tests::test_uint160_to_array ... ok
test uint160::tests::test_uint160_to_hex_string ... ok
test uint256::tests::test_as_ref_implementation ... ok
test uint256::tests::test_equals_is_symmetric ... ok
test uint256::tests::test_get_hash_code_deterministic ... ok
test uint256::tests::test_is_zero_correct ... ok
test uint256::tests::test_ordering_transitive ... ok
test uint256::tests::test_uint256_equals ... ok
test uint256::tests::test_uint256_from_bytes ... ok
test uint256::tests::test_uint256_new ... ok
test uint256::tests::test_roundtrip_from_bytes ... ok
test uint256::tests::test_uint256_ordering ... ok
test uint256::tests::test_uint256_parse ... ok
test uint256::tests::test_uint256_to_array ... ok
test uint256::tests::test_uint256_to_hex_string ... ok
test uint_hex::tests::format_reversed_hex_uses_0x_prefix_and_reversed_bytes ... ok
test uint_hex::tests::parse_reversed_hex_accepts_optional_prefixes ... ok
test uint_hex::tests::parse_reversed_hex_rejects_invalid_length_or_digits ... ok
test unhandled_exception_policy::tests::continuing_policies_do_not_stop_plugin ... ok
test unhandled_exception_policy::tests::panic_message_extracts_string_payloads ... ok
test unhandled_exception_policy::tests::panic_message_uses_caller_fallback_for_unknown_payloads ... ok
test unhandled_exception_policy::tests::stop_plugin_invokes_callback_and_stops_processing ... ok
test verification::tests::test_gas_edge_cases ... ok
test verification::tests::test_mock_snapshot_contains_block ... ok
test verification::tests::test_mock_snapshot_contains_transaction ... ok
test verification::tests::test_mock_snapshot_get_block_hash ... ok
test verification::tests::test_mock_snapshot_height ... ok
test verification::tests::test_mock_snapshot_storage ... ok
test verification::tests::test_mock_verifier_error_result ... ok
test verification::tests::test_mock_verifier_fails ... ok
test verification::tests::test_mock_verifier_gas_tracking ... ok
test verification::tests::test_mock_verifier_passes ... ok
test verification::tests::test_mock_verifier_should_abort_exceeded ... ok
test verification::tests::test_mock_verifier_should_abort_false ... ok
test verification::tests::test_mock_verifier_should_abort_true ... ok
test verification::tests::test_mock_witness_empty_scripts ... ok
test verification::tests::test_mock_witness_scripts ... ok
test verification::tests::test_remaining_gas_saturating ... ok
test verification::tests::test_snapshot_as_trait_object ... ok
test verification::tests::test_snapshot_with_multiple_blocks ... ok
test verification::tests::test_verification_error_all_variants_eq ... ok
test verification::tests::test_verification_error_clone ... ok
test verification::tests::test_verification_error_debug_all_variants ... ok
test verification::tests::test_verification_error_gas_limit_exceeded ... ok
test verification::tests::test_verification_error_invalid_script ... ok
test verification::tests::test_verification_error_invalid_signature ... ok
test verification::tests::test_verification_error_missing_witness ... ok
test verification::tests::test_verification_error_send_sync ... ok
test verification::tests::test_verification_error_verification_failed ... ok
test verification::tests::test_verification_result_type_alias ... ok
test verification::tests::test_verifier_as_trait_object ... ok
test verification::tests::test_witness_as_trait_object ... ok
test verify_result::tests::protocol_enum_guard_rejects_unknown_verify_result_serde_bytes ... ok
test verify_result::tests::test_verify_result_default ... ok
test verify_result::tests::test_verify_result_display ... ok
test verify_result::tests::test_verify_result_from_byte ... ok
test uint160::tests::test_from_address_roundtrip ... ok
test verify_result::tests::test_verify_result_is_failure ... ok
test verify_result::tests::test_verify_result_is_success ... ok
test verify_result::tests::test_verify_result_roundtrip ... ok
test verify_result::tests::test_verify_result_serde ... ok
test verify_result::tests::test_verify_result_values ... ok
test witness_condition_type::tests::witness_condition_type_display_matches_variant_names ... ok
test witness_condition_type::tests::witness_condition_type_from_byte_rejects_unknown_values ... ok
test uint160::tests::test_parse_hex_string ... ok
test witness_condition_type::tests::witness_condition_type_roundtrips_protocol_bytes ... ok
test witness_condition_type::tests::witness_condition_type_serde_rejects_unknown_values ... ok
test witness_condition_type::tests::witness_condition_type_values_match_protocol_bytes ... ok
test witness_rule_action::tests::protocol_enum_guard_rejects_unknown_witness_rule_action_bytes ... ok
test witness_rule_action::tests::test_witness_rule_action_all_values ... ok
test witness_rule_action::tests::test_witness_rule_action_default ... ok
test witness_rule_action::tests::test_witness_rule_action_display ... ok
test witness_rule_action::tests::test_witness_rule_action_from_byte ... ok
test witness_rule_action::tests::test_witness_rule_action_from_str ... ok
test witness_rule_action::tests::test_witness_rule_action_values ... ok
test witness_scope::tests::protocol_enum_guard_rejects_invalid_witness_scope_bytes ... ok
test witness_scope::tests::serde_roundtrip_uses_validated_numeric_scope ... ok
test witness_scope::tests::test_witness_scope_bitwise_ops ... ok
test witness_scope::tests::test_witness_scope_conversions ... ok
test witness_scope::tests::test_witness_scope_default ... ok
test witness_scope::tests::test_witness_scope_display ... ok
test witness_scope::tests::test_witness_scope_from_byte ... ok
test witness_scope::tests::test_witness_scope_from_str ... ok
test witness_scope::tests::test_witness_scope_has_flag ... ok
test witness_scope::tests::test_witness_scope_is_valid ... ok
test witness_scope::tests::test_witness_scope_values ... ok
test uint256::tests::test_parse_with_0x_prefix ... ok
test uint256::tests::test_parse_hex_string ... ok

test result: ok. 264 passed; 0 failed; 0 ignored; 0 measured; 0 filtered out; finished in 0.01s

     Running tests\property_tests.rs (target\debug\deps\property_tests-ab8dae28811b06dd.exe)

running 22 tests
test test_uint160_bytes_roundtrip ... ok
test test_uint160_equality_reflexive ... ok
test test_uint160_hash_consistency ... ok
test test_uint160_equality_symmetric ... ok
test test_uint160_equals_none ... ok
test test_uint160_ordering_transitive ... ok
test test_uint160_ordering_antisymmetric ... ok
test test_uint160_hex_roundtrip ... ok
test test_uint256_equal_values_equal_hash ... ok
test test_uint160_is_zero ... ok
test test_uint256_equals_none ... ok
test test_uint256_hash_consistency ... ok
test test_uint160_equal_values_equal_hash ... ok
test test_uint256_bytes_roundtrip ... ok
test test_uint160_serde_deterministic ... ok
test test_uint256_equality_reflexive ... ok
test test_uint256_ordering_transitive ... ok
test test_uint256_is_zero ... ok
test test_uint256_equality_symmetric ... ok
test test_uint256_ordering_antisymmetric ... ok
test test_uint256_hex_roundtrip ... ok
test test_uint256_serde_deterministic ... ok

test result: ok. 22 passed; 0 failed; 0 ignored; 0 measured; 0 filtered out; finished in 0.00s

     Running tests\tx_attribute_enum_refinement_tests.rs (target\debug\deps\tx_attribute_enum_refinement_tests-7d533d6b28d317ba.exe)

running 17 tests
test test_allows_multiple_business_rule ... ok
test test_boundary_bytes_around_known_values ... ok
test test_byte_values_are_unique ... ok
test test_invalid_byte_sparse_distribution ... ok
test test_complete_byte_coverage ... ok
test test_exactly_five_variants_exist ... ok
test test_as_str_matches_coq_definition ... ok
test test_only_conflicts_allows_multiple ... ok
test test_roundtrip_each_variant_explicit ... ok
test test_refinement_bijectivity ... ok
test test_string_lengths_are_positive ... ok
test test_unknown_bytes_return_none ... ok
test test_refinement_soundness ... ok
test test_reverse_mapping_completeness ... ok
test test_roundtrip_all_known_bytes ... ok
test test_specific_pairs_are_different ... ok
test test_refinement_completeness ... ok

test result: ok. 17 passed; 0 failed; 0 ignored; 0 measured; 0 filtered out; finished in 0.00s

     Running tests\uint_refinement_tests.rs (target\debug\deps\uint_refinement_tests-f18e33338b907795.exe)

running 19 tests
test address_and_hash_sizes_consistent ... ok
test uint160_accepts_exactly_20_bytes ... ok
test uint160_default_matches_zero ... ok
test uint160_from_bytes_errors_are_informative ... ok
test uint160_is_not_uint256 ... ok
test uint160_refinement_complete_validation ... ok
test uint160_rejects_invalid_byte_counts ... ok
test uint160_roundtrip_preserves_value ... ok
test uint160_size_match_coq ... ok
test uint160_zero_value_byte_representation ... ok
test uint256_accepts_exactly_32_bytes ... ok
test uint256_from_bytes_errors_are_informative ... ok
test uint256_rejects_invalid_byte_counts ... ok
test uint256_refinement_complete_validation ... ok
test uint256_roundtrip_preserves_value ... ok
test uint256_longer_than_uint160 ... ok
test proptest_uint256_any_32_bytes_valid ... ok
test uint256_zero_value_byte_representation ... ok
test proptest_uint160_any_20_bytes_valid ... ok

test result: ok. 19 passed; 0 failed; 0 ignored; 0 measured; 0 filtered out; finished in 0.00s

     Running unittests src\lib.rs (target\debug\deps\neo_rpc-70b5297ab155ec8e.exe)

running 568 tests
test client::contract_client::tests::dynamic_call_script_packs_arguments ... ok
test client::models::rpc_account::tests::rpc_account_roundtrip_with_label ... ok
test client::contract_client::tests::dynamic_call_script_matches_emit_dynamic_call_shape ... ok
test client::models::rpc_account::tests::rpc_account_roundtrip_without_label ... ok
test client::models::rpc_found_states::tests::rpc_found_states_keeps_truncated_truthy_coercion ... ok
test client::models::rpc_found_states::tests::rpc_found_states_roundtrip ... ok
test client::models::rpc_invoke_result::tests::invoke_result_roundtrip ... ok
test client::models::rpc_invoke_result::tests::invoke_result_stack_array_keeps_lossy_parse_behavior ... ok
test client::models::rpc_block_header::tests::parses_block_header_from_json ... ok
test client::models::rpc_found_states::tests::rpc_found_states_keeps_lossy_base64_parse_behavior ... ok
test client::models::rpc_contract_state::tests::rpc_contract_state_roundtrip_json ... ok
test client::models::rpc_invoke_result::tests::invoke_result_parses_unknown_stack_item_type ... ok
test client::models::rpc_contract_state::tests::rpc_contract_state_parses_minimal_contract ... ok
test client::models::rpc_found_states::tests::rpc_found_states_parses_results_and_proofs ... ok
test client::models::rpc_application_log::tests::parses_application_log ... ok
test client::models::rpc_invoke_result::tests::invoke_result_to_json_emits_stack_items ... ok
test client::models::rpc_invoke_result::tests::invoke_result_to_json_handles_circular_stack ... ok
test client::models::rpc_invoke_result::tests::rpc_stack_parses ... ok
test client::models::rpc_invoke_result::tests::rpc_stack_to_json_matches_shape ... ok
test client::models::rpc_mempool_accepted::tests::mempool_accepted_roundtrip ... ok
test client::models::rpc_mempool_unverified::tests::mempool_unverified_roundtrip ... ok
test client::models::rpc_method_invocation::tests::rpc_method_invocation_defaults_parameters ... ok
test client::models::rpc_method_invocation::tests::rpc_method_invocation_parses_parameters ... ok
test client::models::rpc_method_token::tests::method_token_roundtrip_json ... ok
test client::models::rpc_method_token::tests::method_token_to_json_uses_named_flags ... ok
test client::models::rpc_method_token::tests::parses_method_token ... ok
test client::models::rpc_method_token::tests::parses_numeric_flags_and_paramcount_strings ... ok
test client::models::rpc_nef_file::tests::rpc_nef_file_rejects_missing_script ... ok
test client::models::rpc_nep11_balances::tests::token_balance_roundtrip ... ok
test client::models::rpc_nef_file::tests::rpc_nef_file_roundtrip ... ok
test client::models::rpc_nep11_balances::tests::token_balance_to_json_keeps_tokenid_before_shared_fields ... ok
test client::models::rpc_nep11_balances::tests::balances_and_tokens_arrays_keep_lossy_parse_behavior ... ok
test client::models::rpc_nep11_balances::tests::balances_roundtrip ... ok
test client::models::rpc_nep17_balances::tests::balances_array_keeps_lossy_parse_behavior ... ok
test client::models::rpc_nep17_balances::tests::balances_roundtrip ... ok
test client::models::rpc_nep11_transfers::tests::transfer_to_json_keeps_token_id_before_shared_fields ... ok
test client::models::rpc_nep11_transfers::tests::transfers_roundtrip ... ok
test client::models::rpc_nep11_transfers::tests::transfer_roundtrip ... ok
test client::models::rpc_nep17_token_info::tests::token_info_roundtrip ... ok
test client::models::rpc_nep17_balances::tests::balance_roundtrip ... ok
test client::models::rpc_nep17_transfers::tests::transfer_roundtrip ... ok
test client::models::rpc_notification_event::tests::notification_roundtrip ... ok
test client::models::rpc_nep17_transfers::tests::transfers_roundtrip ... ok
test client::models::rpc_oracle_response::tests::oracle_response_roundtrip ... ok
test client::models::rpc_peers::tests::parse_peer_list_fails_on_bad_entry_type ... ok
test client::models::rpc_peers::tests::parse_peer_list_skips_empty_array_slots ... ok
test client::models::rpc_peers::tests::rpc_peer_accepts_string_port ... ok
test client::models::rpc_peers::tests::rpc_peer_roundtrip_accepts_numeric_port ... ok
test client::models::rpc_account::tests::account_to_json_matches_rpc_test_case ... ok
test client::models::rpc_peers::tests::rpc_peers_roundtrip ... ok
test client::models::rpc_application_log::tests::application_log_trigger_filter_to_json_matches_rpc_test_case ... ok
test client::models::rpc_plugin::tests::rpc_plugin_defaults_to_empty_interfaces ... ok
test client::models::rpc_plugin::tests::rpc_plugin_rejects_empty_or_non_string_interface_entries ... ok
test client::models::rpc_plugin::tests::rpc_plugin_roundtrip ... ok
test client::models::rpc_plugin_info::tests::rpc_plugin_info_defaults_description ... ok
test client::models::rpc_plugin_info::tests::rpc_plugin_info_ser_de ... ok
test client::models::rpc_raw_mem_pool::tests::raw_mempool_accepts_numeric_height ... ok
test client::models::rpc_raw_mem_pool::tests::raw_mempool_accepts_string_height ... ok
test client::models::rpc_contract_state::tests::contract_state_to_json_matches_rpc_test_case ... ok
test client::models::rpc_raw_mem_pool::tests::raw_mempool_roundtrip ... ok
test client::models::rpc_block::tests::block_to_json_matches_rpc_test_case ... ok
test client::models::rpc_invoke_result::tests::invoke_result_to_json_matches_rpc_test_case ... ok
test client::models::rpc_application_log::tests::application_log_to_json_matches_rpc_test_case ... ok
test client::models::rpc_block_header::tests::block_header_to_json_matches_rpc_test_case ... ok
test client::models::rpc_response::tests::rpc_response_roundtrip_error ... ok
test client::models::rpc_request::tests::rpc_request_defaults_params_and_accepts_string_id ... ok
test client::models::rpc_request::tests::rpc_request_roundtrip ... ok
test client::models::rpc_nep17_balances::tests::nep17_balances_to_json_matches_rpc_test_case ... ok
test client::models::rpc_response::tests::rpc_response_roundtrip_success ... ok
test client::models::rpc_nep17_transfers::tests::nep17_transfers_null_address_matches_rpc_test_case ... ok
test client::models::rpc_response::tests::rpc_response_to_json_with_result_and_error_data ... ok
test client::models::rpc_response_wrapper::tests::test_confirmed_response ... ok
test client::models::rpc_response_wrapper::tests::test_deref ... ok
test client::models::rpc_response_wrapper::tests::test_map ... ok
test client::models::rpc_response_wrapper::tests::test_unconfirmed_response ... ok
test client::models::rpc_nef_file::tests::nef_to_json_matches_rpc_test_case ... ok
test client::models::rpc_response_wrapper::tests::test_with_vm_state ... ok
test client::models::rpc_peers::tests::peers_to_json_matches_rpc_test_case ... ok
test client::models::rpc_state_root::tests::rpc_state_root_allows_missing_witness ... ok
test client::models::rpc_state_root::tests::rpc_state_root_parses_with_witness ... ok
test client::models::rpc_nep17_transfers::tests::nep17_transfers_to_json_matches_rpc_test_case ... ok
test client::models::rpc_state_root::tests::rpc_state_root_roundtrip ... ok
test client::models::rpc_state_root::tests::rpc_state_root_roundtrip_with_witness_json ... ok
test client::models::rpc_plugin::tests::plugins_to_json_matches_rpc_test_case ... ok
test client::models::rpc_raw_mem_pool::tests::raw_mempool_to_json_matches_rpc_test_case ... ok
test client::models::rpc_transfer_out::tests::rpc_transfer_out_accepts_address_for_asset ... ok
test client::models::rpc_transfer_out::tests::rpc_transfer_out_accepts_scripthash_field ... ok
test client::models::rpc_transfer_out::tests::rpc_transfer_out_roundtrip ... ok
test client::models::rpc_unclaimed_gas::tests::rpc_unclaimed_gas_accepts_numeric_value ... ok
test client::models::rpc_unclaimed_gas::tests::rpc_unclaimed_gas_rejects_invalid_value ... ok
test client::models::rpc_unclaimed_gas::tests::rpc_unclaimed_gas_roundtrip ... ok
test client::models::rpc_validate_address_result::tests::validate_address_roundtrip ... ok
test client::models::rpc_validator::tests::rpc_validator_accepts_numeric_votes ... ok
test client::models::rpc_validator::tests::rpc_validator_rejects_invalid_votes ... ok
test client::models::rpc_validator::tests::rpc_validator_roundtrip ... ok
test client::models::rpc_request::tests::request_to_json_matches_rpc_test_case_without_params ... ok
test client::models::rpc_version::tests::rpc_version_roundtrip ... ok
test client::contract_client::tests::test_invoke_reads_integer_from_bytestring_stack_item ... ok
test client::models::vm_state_utils::tests::parses_final_vm_state_case_insensitive ... ok
test client::models::vm_state_utils::tests::gas_consumed_field_helpers_preserve_rpc_errors_and_output ... ok
test client::models::rpc_request::tests::request_to_json_matches_rpc_test_case_with_params ... ok
test client::models::vm_state_utils::tests::vm_state_field_helpers_preserve_rpc_errors_and_output ... ok
test client::contract_client::tests::test_invoke_parses_map_and_struct_stack_items ... ok
test client::models::vm_state_utils::tests::vm_state_to_string_roundtrip ... ok
test client::models::rpc_response::tests::response_to_json_matches_rpc_test_case_error ... ok
test client::models::rpc_response::tests::response_to_json_matches_rpc_test_case_success ... ok
test client::models::rpc_transaction::tests::transaction_to_json_matches_rpc_test_case ... ok
test client::models::rpc_transfer_out::tests::transfer_out_to_json_matches_rpc_test_case ... ok
test client::nep17_api::tests::make_script_includes_call_flags ... ok
test client::models::rpc_unclaimed_gas::tests::unclaimed_gas_to_json_matches_rpc_test_case ... ok
test client::nep17_api::tests::create_transfer_tx_multi_sig_requires_enough_keys ... ok
test client::nep17_api::tests::transfer_script_encodes_empty_string_data ... ok
test client::nep17_api::tests::transfer_script_includes_call_flags_and_assert ... ok
test client::nep17_api::tests::transfer_script_skips_assert_when_disabled ... ok
test client::models::rpc_validate_address_result::tests::validate_address_to_json_matches_rpc_test_case ... ok
test client::models::rpc_validator::tests::validators_to_json_matches_rpc_test_case ... ok
test client::rpc_client::helpers::tests::object_array_result_preserves_supplied_error_messages ... ok
test client::rpc_client::helpers::tests::object_field_helpers_preserve_field_errors ... ok
test client::rpc_client::helpers::tests::token_as_boolean_accepts_string_number_and_container ... ok
test client::rpc_client::helpers::tests::token_as_number_accepts_string_and_boolean ... ok
test client::models::rpc_version::tests::version_to_json_matches_rpc_test_case ... ok
test client::rpc_client::helpers::tests::token_as_string_accepts_number_and_boolean ... ok
test client::rpc_client::helpers::tests::scalar_field_parsers_preserve_rpc_errors ... ok
test client::nep17_api::tests::decimals_reads_integer_stack_value ... ok
test client::nep17_api::tests::balance_of_reads_integer_stack_value ... ok
test client::nep17_api::tests::symbol_reads_string_stack_value ... ok
test client::nep17_api::tests::total_supply_reads_integer_stack_value ... ok
test client::policy_api::tests::policy_api_get_exec_fee_factor_reads_integer ... ok
test client::policy_api::tests::policy_api_get_fee_per_byte_reads_integer ... ok
test client::policy_api::tests::policy_api_is_blocked_reads_boolean ... ok
test client::policy_api::tests::policy_api_get_storage_price_reads_integer ... ok
test client::rpc_client::tests::get_block_sys_fee_matches_fixture ... ok
test client::rpc_client::tests::get_block_header_count_matches_fixture ... ok
test client::rpc_client::tests::get_nep17_balances_parses_rpc_payload ... ok
test client::rpc_client::tests::close_wallet_matches_fixture ... ok
test client::rpc_client::tests::get_best_block_hash_matches_fixture ... ok
test client::nep17_api::tests::token_info_uses_contract_state_name ... ok
test client::nep17_api::tests::token_info_by_contract_accepts_name ... ok
test client::rpc_client::tests::get_application_log_with_trigger_matches_fixture ... ok
test client::rpc_client::tests::get_nep17_transfers_parses_rpc_payload ... ok
test client::rpc_client::tests::get_block_count_matches_fixture ... ok
test client::rpc_client::tests::get_block_hash_matches_fixture ... ok
test client::rpc_client::tests::get_block_hex_matches_fixture ... ok
test client::rpc_client::tests::get_committee_matches_fixture ... ok
test client::rpc_client::tests::dump_priv_key_matches_fixture ... ok
test client::rpc_client::tests::get_block_header_verbose_matches_fixture ... ok
test client::rpc_client::tests::get_nep17_balances_matches_fixture ... ok
test client::rpc_client::tests::get_connection_count_matches_fixture ... ok
test client::rpc_client::tests::get_block_header_hex_matches_fixture ... ok
test client::rpc_client::tests::get_plugins_parses_listplugins_response_over_rpc ... ok
test client::rpc_client::tests::get_block_verbose_matches_fixture ... ok
test client::rpc_client::tests::get_application_log_matches_fixture ... ok
test client::contract_client::tests::create_deploy_contract_tx_builds_signed_transaction ... ok
test client::rpc_client::tests::get_raw_mempool_both_matches_fixture ... ok
test client::rpc_client::tests::get_nep17_transfers_matches_fixture ... ok
test client::rpc_client::tests::get_next_block_validators_matches_fixture ... ok
test client::nep17_api::tests::token_info_with_balance_fetches_balance ... ok
test client::rpc_client::tests::parse_plugins_errors_on_non_object ... ok
test client::rpc_client::tests::get_nep17_transfers_accepts_null_transfer_address ... ok
test client::rpc_client::tests::get_raw_transaction_hex_matches_fixture ... ok
test client::rpc_client::tests::parse_plugins_supports_category ... ok
test client::rpc_client::tests::rpc_client_new_constructs_and_drops ... ok
test client::rpc_client::tests::get_transaction_height_matches_fixture ... ok
test client::rpc_client::tests::get_new_address_matches_fixture ... ok
test client::nep17_api::tests::create_transfer_tx_multi_sig_builds_transaction ... ok
test client::rpc_client::tests::request_hooks_fire_on_failed_call ... ok
test client::rpc_client::tests::get_raw_mempool_matches_fixture ... ok
test client::rpc_client::tests::request_hooks_fire_on_successful_call ... ok
test client::nep17_api::tests::create_transfer_tx_with_from_builds_transaction ... ok
test client::rpc_client::tests::get_peers_matches_fixture ... ok
test client::rpc_client::tests::invoke_function_matches_fixture ... ok
test client::rpc_client::tests::rpc_client_new_with_basic_auth_sends_authorization_header ... ok
test client::rpc_client::tests::import_priv_key_matches_fixture ... ok
test client::rpc_client::tests::rpc_client_with_basic_auth_sends_authorization_header ... ok
test client::rpc_client::tests::get_native_contracts_matches_fixture ... ok
test client::rpc_client::tests::get_transaction_matches_fixture ... ok
test client::rpc_client::tests::rpc_send_by_hash_or_index_parses_negative_index ... ok
test client::rpc_client::tests::get_version_matches_fixture ... ok
test client::rpc_client::tests::rpc_send_by_hash_or_index_trims_numeric_input ... ok
test client::rpc_client::tests::get_storage_matches_fixture ... ok
test client::rpc_client::tests::get_wallet_balance_matches_fixture ... ok
test client::rpc_client::tests::get_wallet_unclaimed_gas_matches_fixture ... ok
test client::rpc_client::tests::get_unclaimed_gas_matches_fixture ... ok
test client::rpc_client::tests::list_address_matches_fixture ... ok
test client::state_api::tests::state_api_make_find_states_params_handles_defaults ... ok
test client::rpc_client::tests::open_wallet_matches_fixture ... ok
test client::state_api::tests::state_api_find_states_parses_results_and_proofs ... ok
test client::utility::nep::tests::balance_list_to_json_keeps_balance_before_address ... ok
test client::utility::nep::tests::nep_balance_fields_preserve_legacy_type_errors ... ok
test client::rpc_client::tests::list_plugins_matches_fixture ... ok
test client::rpc_client::tests::submit_block_uses_base64_and_returns_hash ... ok
test client::utility::nep::tests::nep_balance_fields_preserve_string_amount_and_numeric_height ... ok
test client::utility::parsing::tests::cloned_token_array_preserves_item_order ... ok
test client::state_api::tests::state_api_get_state_and_proof_round_trip_bytes ... ok
test client::utility::parsing::tests::empty_array_builds_array_token ... ok
test client::state_api::tests::state_api_get_state_root_parses_response ... ok
test client::state_api::tests::state_api_get_state_height_handles_nullable_indices ... ok
test client::utility::parsing::tests::fallible_object_array_preserves_item_order ... ok
test client::utility::parsing::tests::fallible_object_array_propagates_errors ... ok
test client::rpc_client::tests::send_async_returns_error_when_throw_is_false ... ok
test client::utility::parsing::tests::integer_token_parsers_accept_numbers_and_strings ... ok
test client::utility::parsing::tests::integer_token_parsers_preserve_legacy_errors ... ok
test client::utility::parsing::tests::object_array_from_iter_preserves_item_order ... ok
test client::utility::parsing::tests::object_array_preserves_item_order ... ok
test client::utility::parsing::tests::optional_present_token_array_strict_skips_empty_slots_and_errors_present_tokens ... ok
test client::utility::parsing::tests::optional_script_hash_or_address_is_lossy ... ok
test client::utility::parsing::tests::object_array_lossy_keeps_only_successful_objects ... ok
test client::utility::parsing::tests::optional_string_array_strict_errors_on_empty_or_non_string_slots ... ok
test client::utility::parsing::tests::optional_string_or_null_preserves_present_and_absent_values ... ok
test client::utility::parsing::tests::optional_token_array_strict_errors_on_empty_or_invalid_slots ... ok
test client::utility::parsing::tests::required_address_script_hash_preserves_parent_address_semantics ... ok
test client::utility::parsing::tests::script_hash_or_address_parsing_accepts_hex_and_address ... ok
test client::utility::parsing::tests::string_array_lossy_keeps_only_strings ... ok
test client::utility::parsing::tests::token_array_preserves_item_order ... ok
test client::utility::parsing::tests::uint256_array_lossy_keeps_only_valid_hash_strings ... ok
test client::utility::tests::block_roundtrip_json ... ok
test client::utility::tests::get_key_pair_rejects_invalid_input ... ok
test client::utility::tests::as_script_hash_maps_native_contract_name_and_id ... ok
test client::utility::tests::get_script_hash_accepts_hash_and_rejects_invalid ... ok
test client::rpc_client::tests::validate_address_matches_fixture ... ok
test client::utility::tests::header_from_json_rejects_empty_witness_entry ... ok
test client::utility::tests::parses_core_attributes_from_json ... ok
test client::utility::tests::get_script_hash_accepts_public_key_hex ... ok
test client::utility::tests::parses_oracle_response_code_variants ... ok
test client::state_api::tests::state_api_get_and_verify_proof_round_trip_bytes ... ok
test client::rpc_client::tests::invoke_script_uses_base64_and_parses_result ... ok
test client::utility::tests::get_key_pair_accepts_wif_and_hex ... ok
test client::transaction_manager::tests::make_transaction_preserves_signer_scope ... ok
test client::rpc_client::tests::send_many_matches_fixture ... ok
test client::rpc_client::tests::send_raw_transaction_propagates_error_response ... ok
test client::utility::tests::stack_item_fallbacks_for_unknown_type ... ok
test client::utility::tests::stack_item_parses_any_with_value ... ok
test client::utility::tests::stack_item_parses_array_and_struct ... ok
test client::utility::tests::stack_item_parses_boolean ... ok
test client::utility::tests::stack_item_parses_bytestring_and_buffer ... ok
test client::utility::tests::stack_item_parses_interop_interface_without_value ... ok
test client::utility::tests::stack_item_parses_map ... ok
test client::utility::tests::stack_item_parses_pointer_and_any ... ok
test client::rpc_client::tests::send_from_matches_fixture ... ok
test client::utility::tests::stack_item_to_json_emits_array_and_map_shapes ... ok
test client::utility::tests::transaction_from_json_rejects_empty_optional_array_entries ... ok
test client::rpc_client::tests::get_contract_state_matches_fixture ... ok
test client::utility::tests::to_script_hash_accepts_address ... ok
test client::utility::tests::transaction_roundtrip_preserves_attributes ... ok
test client::utility::tests::witness_roundtrip_from_json ... ok
test client::rpc_client::tests::send_raw_transaction_uses_base64_and_returns_hash ... ok
test client::utility::tests::transaction_roundtrip_json ... ok
test client::rpc_client::tests::send_to_address_matches_fixture ... ok
test client::utility::tests::transaction_roundtrip_with_custom_signer ... ok
test client::utility::witness_rule::tests::rule_from_json_roundtrip_matches_csharp_cases ... ok
test error_code::tests::test_display ... ok
test client::wallet_api::tests::wallet_api_transfer_multi_sig_requires_enough_keys ... ok
test error_code::tests::test_from_code ... ok
test client::transaction_manager::tests::sign_rejects_mismatched_key ... ok
test error_code::tests::test_is_standard ... ok
test error_code::tests::test_message ... ok
test error_code::tests::test_neo_error_codes ... ok
test error_code::tests::test_standard_error_codes ... ok
test server::middleware::rate_limiter::tests::test_disabled_limiter_does_not_track_ips ... ok
test server::middleware::rate_limiter::tests::test_builder_pattern ... ok
test server::middleware::rate_limiter::tests::test_check_required_with_method ... ok
test server::middleware::rate_limiter::tests::test_rate_limit_check_result_methods ... ok
test server::middleware::rate_limiter::tests::test_per_method_rate_limiting_cheap ... ok
test server::middleware::rate_limiter::tests::test_rate_limit_tier_categorization ... ok
test server::middleware::rate_limiter::tests::test_is_enabled ... ok
test server::middleware::rate_limiter::tests::test_rate_limiter_disabled_when_zero ... ok
test server::middleware::rate_limiter::tests::test_per_method_rate_limiting_expensive ... ok
test server::middleware::rate_limiter::tests::test_rate_limiter_blocks_after_burst ... ok
test server::middleware::rate_limiter::tests::test_scaled_zero_tier_blocks_when_limiter_enabled ... ok
test server::parameter_converter::tests::address_array_accepts_base58 ... ok
test server::middleware::rate_limiter::tests::test_rate_limiter_allows_requests_within_limit ... ok
test server::parameter_converter::tests::address_array_rejects_invalid_address ... ok
test server::parameter_converter::tests::address_array_rejects_non_array_token ... ok
test server::middleware::rate_limiter::tests::test_rate_limiter_tracks_different_ips ... ok
test server::parameter_converter::tests::address_array_rejects_null_entry ... ok
test server::parameter_converter::tests::address_conversion_accepts_base58 ... ok
test server::parameter_converter::tests::address_conversion_accepts_uint160_string ... ok
test server::parameter_converter::tests::address_conversion_rejects_invalid_address ... ok
test client::wallet_api::tests::wallet_api_get_token_balance_reads_integer ... ok
test server::parameter_converter::tests::address_conversion_rejects_whitespace_wrapped_address ... ok
test server::parameter_converter::tests::block_hash_or_index_accepts_hash_string ... ok
test server::middleware::rate_limiter::tests::test_cleanup_removes_stale_tracked_ips_after_entry_limit ... ok
test server::parameter_converter::tests::block_hash_or_index_accepts_numeric ... ok
test server::parameter_converter::tests::block_hash_or_index_accepts_numeric_string ... ok
test server::parameter_converter::tests::block_hash_or_index_rejects_invalid_value ... ok
test server::parameter_converter::tests::block_hash_or_index_rejects_negative ... ok
test server::parameter_converter::tests::boolean_conversion_accepts_numeric_tokens ... ok
test server::parameter_converter::tests::bytes_conversion_accepts_base64 ... ok
test server::parameter_converter::tests::bytes_conversion_rejects_invalid_base64 ... ok
test server::parameter_converter::tests::bytes_conversion_rejects_unicode_input ... ok
test server::parameter_converter::tests::contract_identifier_accepts_hash_string ... ok
test server::parameter_converter::tests::contract_identifier_accepts_numeric ... ok
test client::transaction_manager::tests::sign_multi_sig_contract ... ok
test server::parameter_converter::tests::contract_identifier_accepts_numeric_string ... ok
test server::parameter_converter::tests::contract_identifier_rejects_empty_string ... ok
test server::parameter_converter::tests::contract_identifier_treats_short_hash_as_name ... ok
test server::parameter_converter::tests::contract_parameters_accept_valid_array ... ok
test server::parameter_converter::tests::contract_parameters_reject_null_entry ... ok
test server::parameter_converter::tests::numeric_conversion_accepts_boolean_tokens ... ok
test server::parameter_converter::tests::numeric_conversion_accepts_empty_string_as_zero ... ok
test client::transaction_manager::tests::add_witness_by_hash_adds_second_witness ... ok
test server::parameter_converter::tests::numeric_conversion_accepts_scientific_notation ... ok
test server::parameter_converter::tests::numeric_conversion_accepts_string_and_whitespace ... ok
test server::parameter_converter::tests::numeric_conversion_rejects_fractional_edges ... ok
test client::wallet_api::tests::wallet_api_get_unclaimed_gas_uses_block_count ... ok
test server::parameter_converter::tests::numeric_conversion_rejects_fractional_for_integers ... ok
test server::parameter_converter::tests::numeric_conversion_rejects_hex_string ... ok
test server::parameter_converter::tests::numeric_conversion_rejects_large_double_values ... ok
test server::parameter_converter::tests::numeric_conversion_rejects_nan_and_infinity ... ok
test server::parameter_converter::tests::numeric_conversion_rejects_negative_for_unsigned ... ok
test server::parameter_converter::tests::numeric_conversion_rejects_null ... ok
test server::parameter_converter::tests::numeric_conversion_rejects_out_of_range ... ok
test server::parameter_converter::tests::numeric_conversion_rejects_unicode_digits ... ok
test client::transaction_manager::tests::sign_adds_signature_and_sets_fees ... ok
test server::parameter_converter::tests::numeric_conversion_rejects_unsafe_integer_numeric ... ok
test server::parameter_converter::tests::numeric_conversion_rejects_unsafe_integer_range ... ok
test server::parameter_converter::tests::numeric_conversion_rejects_unsafe_long_string ... ok
test server::parameter_converter::tests::signers_accept_base58_account ... ok
test server::parameter_converter::tests::signers_accept_flat_entry ... ok
test client::transaction_manager::tests::sign_rejects_insufficient_gas ... ok
test server::parameter_converter::tests::signers_accept_flat_entry_with_witness ... ok
test server::parameter_converter::tests::signers_reject_invalid_allowed_contract ... ok
test server::parameter_converter::tests::signers_reject_invalid_allowed_contracts_type ... ok
test server::parameter_converter::tests::signers_reject_invalid_allowed_group ... ok
test server::parameter_converter::tests::signers_reject_invalid_allowed_groups_type ... ok
test server::parameter_converter::tests::signers_reject_invalid_rules ... ok
test server::parameter_converter::tests::signers_reject_invalid_scope_combination ... ok
test server::parameter_converter::tests::signers_reject_invalid_scope_value ... ok
test server::parameter_converter::tests::signers_reject_invalid_witness_invocation ... ok
test server::parameter_converter::tests::signers_reject_invalid_witness_verification ... ok
test client::wallet_api::tests::wallet_api_get_neo_and_gas_balances ... ok
test server::parameter_converter::tests::signers_reject_missing_account_field ... ok
test server::parameter_converter::tests::signers_reject_missing_scopes_field ... ok
test server::parameter_converter::tests::signers_reject_null_entry ... ok
test server::parameter_converter::tests::signers_reject_too_many_entries ... ok
test server::parameter_converter::tests::uuid_conversion_accepts_valid_string ... ok
test server::parameter_converter::tests::uuid_conversion_rejects_invalid_string ... ok
test client::wallet_api::tests::wallet_api_wait_transaction_returns_confirmed_tx ... ok
test server::routes::tests::per_method_rate_limiting_blocks_expensive_methods ... ok
test server::routes::tests::cors_echoes_matching_origin_from_allowlist ... ok
test server::routes::tests::cors_omits_allow_origin_for_disallowed_origin ... ok
test server::routes::tests::cors_wildcard_allows_any_origin ... ok
test server::routes::tests::rate_limit_check_result_is_handled_properly ... ok
test server::routes::tests::verify_basic_auth_accepts_valid_credentials ... ok
test client::transaction_manager::tests::sign_rejects_duplicate_signature ... ok
test client::wallet_api::tests::wallet_api_transfer_sends_transaction_and_returns_hash ... ok
test client::wallet_api::tests::wallet_api_transfer_multi_sig_sends_transaction ... ok
test client::wallet_api::tests::wallet_api_get_account_state_combines_balances ... ok
test client::wallet_api::tests::wallet_api_claim_gas_sends_transaction_and_skips_assert ... ok
test server::rpc_error::tests::rpc_error_access_denied_json ... ok
test server::rpc_error::tests::rpc_error_wallet_fee_limit_json_includes_data ... ok
test client::wallet_api::tests::wallet_api_claim_gas_accepts_wif_string ... ok
test client::wallet_api::tests::wallet_api_transfer_multi_sig_with_empty_string_data ... ok
test client::wallet_api::tests::wallet_api_transfer_decimal_from_key_converts_amount ... ok
test server::routes::tests::verify_basic_auth_rejects_invalid_credentials ... ok
test server::rpc_error::tests::rpc_error_data_only_on_wallet_fee_limit ... ok
test server::rpc_error::tests::rpc_error_strings_are_unique ... ok
test client::rpc_client::tests::rpc_client_respects_timeout_and_notifies_hooks ... ok
test server::rpc_server_blockchain::tests::get_block_header_count_defaults_to_one ... ok
test server::rpc_server_blockchain::tests::find_storage_rejects_null_params ... ok
test server::rpc_server_blockchain::tests::get_best_block_hash_reflects_current_state ... ok
test server::rpc_server_blockchain::tests::find_storage_paginates_results ... ok
test server::routes::tests::process_body_accepts_valid_auth_header ... ok
test server::routes::tests::process_body_rejects_empty_batch ... ok
test server::routes::tests::process_body_mixed_batch ... ok
test server::rpc_server_blockchain::tests::find_storage_accepts_native_contract_name ... ok
test server::rpc_server_blockchain::tests::find_storage_returns_empty_page_at_end ... ok
test server::routes::tests::process_body_rejects_malformed_json ... ok
test server::routes::tests::process_body_allows_wallet_method_without_auth_config ... ok
test server::rpc_server_blockchain::tests::get_block_hash_rejects_unknown_height ... ok
test server::routes::tests::process_body_rejects_invalid_auth_header ... ok
test server::routes::tests::process_body_reports_already_exists_for_sendrawtransaction ... ok
test server::rpc_server_blockchain::tests::get_block_hash_reports_hash_for_height ... ok
test server::routes::tests::process_body_returns_internal_error_on_panic ... ok
test server::rpc_server_blockchain::tests::get_block_no_transactions_reports_empty_txs ... ok
test server::rpc_server_blockchain::tests::get_block_header_rejects_null_identifier ... ok
test server::routes::tests::process_body_rejects_missing_auth_header ... ok
test server::rpc_server_blockchain::tests::get_block_count_defaults_to_one ... ok
test server::rpc_server_blockchain::tests::get_block_genesis_roundtrips_and_reports_empty_txs ... ok
test server::rpc_server_blockchain::tests::get_block_header_roundtrips ... ok
test server::rpc_server_blockchain::tests::get_block_rejects_null_identifier ... ok
test server::rpc_server_blockchain::tests::get_block_sys_fee_reports_unknown_height ... ok
test server::rpc_server_blockchain::tests::get_block_roundtrips_by_hash_and_index ... ok
test server::rpc_server_blockchain::tests::get_block_reports_unknown_block ... ok
test server::rpc_server_blockchain::tests::get_block_sys_fee_sums_transaction_fees ... ok
test server::rpc_server_blockchain::tests::get_block_sys_fee_rejects_invalid_param ... ok
test server::rpc_server_blockchain::tests::get_candidates_reports_internal_error_on_invalid_state ... ok
test server::rpc_server_blockchain::tests::get_candidates_skips_blocked_and_unregistered ... ok
test server::rpc_server_blockchain::tests::get_candidates_reports_registered_candidate ... ok
test server::rpc_server_blockchain::tests::get_contract_state_resolves_native_case_insensitive ... ok
test server::rpc_server_blockchain::tests::get_contract_state_rejects_null_identifier ... ok
test server::rpc_server_blockchain::tests::get_block_verbose_reports_confirmations ... ok
test server::rpc_server_blockchain::tests::get_contract_state_rejects_invalid_identifier ... ok
test server::rpc_server_blockchain::tests::get_contract_state_roundtrips_native_name_and_id ... ok
test server::rpc_server_blockchain::tests::get_contract_state_rejects_unknown_contract ... ok
test server::rpc_server_blockchain::tests::get_next_block_validators_reports_unregistered_as_negative_one ... ok
test server::rpc_server_blockchain::tests::get_native_contracts_includes_gas_token ... ok
test server::rpc_server_blockchain::tests::get_contract_state_roundtrips_hash_and_id ... ok
test server::rpc_server_blockchain::tests::get_committee_returns_snapshot_members ... ok
test server::rpc_server_blockchain::tests::get_next_block_validators_reports_candidate_votes ... ok
test server::rpc_server_blockchain::tests::get_native_contracts_returns_all_registered_states ... ok
test server::rpc_server_blockchain::tests::get_next_block_validators_returns_standby ... ok
test server::rpc_server_blockchain::tests::get_raw_mem_pool_defaults_to_verified_hashes ... ok
[2m2026-09-20T03:31:55.281547Z[0m [33m WARN[0m [2mneo::engine[0m[2m:[0m Native contract initialization failed [3mcontract[0m[2m=[0m"PolicyContract" [3merror[0m[2m=[0mInvalid operation: GetTime can only be called with Application trigger.
[2m2026-09-20T03:31:55.282018Z[0m [33m WARN[0m [2mneo::engine[0m[2m:[0m Native contract initialization failed [3mcontract[0m[2m=[0m"PolicyContract" [3merror[0m[2m=[0mInvalid operation: GetTime can only be called with Application trigger.
[2m2026-09-20T03:31:55.282434Z[0m [33m WARN[0m [2mneo::engine[0m[2m:[0m Native contract initialization failed [3mcontract[0m[2m=[0m"PolicyContract" [3merror[0m[2m=[0mInvalid operation: GetTime can only be called with Application trigger.
test server::rpc_server_blockchain::tests::get_raw_mem_pool_mixed_verified_and_unverified ... ok
test server::rpc_server_blockchain::tests::get_raw_mem_pool_verbose_roundtrips_into_client_model ... ok
test server::rpc_server_blockchain::tests::get_raw_transaction_confirmed_in_block ... ok
test server::rpc_server_blockchain::tests::get_raw_transaction_rejects_null_identifier ... ok
[2m2026-09-20T03:31:55.298395Z[0m [33m WARN[0m [2mneo::engine[0m[2m:[0m Native contract initialization failed [3mcontract[0m[2m=[0m"PolicyContract" [3merror[0m[2m=[0mInvalid operation: GetTime can only be called with Application trigger.
test server::rpc_server_blockchain::tests::get_raw_transaction_from_mempool ... ok
test server::rpc_server_blockchain::tests::get_storage_rejects_unknown_contract_or_key ... ok
test server::rpc_server_blockchain::tests::get_storage_roundtrips_value ... ok
test server::rpc_server_blockchain::tests::get_storage_rejects_null_params ... ok
[2m2026-09-20T03:31:55.320125Z[0m [33m WARN[0m [2mneo::engine[0m[2m:[0m Native contract initialization failed [3mcontract[0m[2m=[0m"PolicyContract" [3merror[0m[2m=[0mInvalid operation: GetTime can only be called with Application trigger.
test server::rpc_server_blockchain::tests::get_transaction_height_rejects_null_identifier ... ok
test server::rpc_server_blockchain::tests::get_storage_accepts_native_contract_name ... ok
test server::rpc_server_blockchain::tests::get_transaction_height_rejects_mempool_transaction ... ok
test server::rpc_server_node::tests::get_connection_count_defaults_to_zero ... ok
test server::rpc_server_blockchain::tests::get_raw_transaction_rejects_unknown_hash ... ok
test server::rpc_server_node::tests::get_version_contains_expected_fields ... ok
test server::rpc_server_node::tests::get_peers_empty_when_no_queue ... ok
test server::rpc_server_blockchain::tests::get_transaction_height_rejects_unknown_transaction ... ok
test server::rpc_server_node::tests::get_peers_reports_unconnected_queue ... ok
test server::rpc_server_node::tests::get_version_hardforks_structure ... ok
test server::rpc_server_node::tests::get_peers_roundtrips_into_client_model ... ok
test server::rpc_server_blockchain::tests::get_transaction_height_reports_confirmed_height ... ok
[2m2026-09-20T03:31:55.354132Z[0m [33m WARN[0m [2mneo::engine[0m[2m:[0m Native contract initialization failed [3mcontract[0m[2m=[0m"PolicyContract" [3merror[0m[2m=[0mInvalid operation: GetTime can only be called with Application trigger.
[2m2026-09-20T03:31:55.354577Z[0m [33m WARN[0m [2mneo::engine[0m[2m:[0m Native contract initialization failed [3mcontract[0m[2m=[0m"PolicyContract" [3merror[0m[2m=[0mInvalid operation: GetTime can only be called with Application trigger.
[2m2026-09-20T03:31:55.357551Z[0m [33m WARN[0m [2mneo[0m[2m:[0m header_cache empty, falling back to full verification [3mindex[0m[2m=[0m1
[2m2026-09-20T03:31:55.358164Z[0m [33m WARN[0m [2mneo::engine[0m[2m:[0m Native contract initialization failed [3mcontract[0m[2m=[0m"PolicyContract" [3merror[0m[2m=[0mInvalid operation: GetTime can only be called with Application trigger.
test server::rpc_server_node::tests::send_raw_transaction_rejects_empty_input ... ok
[2m2026-09-20T03:31:55.362276Z[0m [33m WARN[0m [2mneo::engine[0m[2m:[0m Native contract initialization failed [3mcontract[0m[2m=[0m"PolicyContract" [3merror[0m[2m=[0mInvalid operation: GetTime can only be called with Application trigger.
[2m2026-09-20T03:31:55.362675Z[0m [33m WARN[0m [2mneo[0m[2m:[0m header_cache empty, falling back to full verification [3mindex[0m[2m=[0m2
test server::rpc_server_node::tests::get_version_includes_zero_height_hardforks ... ok
test server::rpc_server_node::tests::notary_node_level_deposit_deduction_roundtrip ... ok
test server::rpc_server_node::tests::send_raw_transaction_accepts_valid_transaction ... ok
test server::rpc_server_oracle::tests::map_oracle_error_includes_not_designated_message ... ok
test server::rpc_server_oracle::tests::map_oracle_error_includes_signature_message ... ok
test server::rpc_server_settings::tests::rpc_server_config_defaults_disable_cors ... ok
test server::rpc_server_settings::tests::rpc_server_config_loads_csharp_settings ... ok
test server::rpc_server_node::tests::send_raw_transaction_rejects_invalid_base64 ... ok
test server::rpc_server_node::tests::send_raw_transaction_rejects_invalid_transaction_bytes ... ok
test server::rpc_server_node::tests::send_raw_transaction_rejects_null_input ... ok
test server::rpc_server_node::tests::send_raw_transaction_rejects_notary_sponsored_transaction_without_deposit ... ok
test server::rpc_server_state::tests::proof_round_trips ... ok
test server::rpc_server_node::tests::send_raw_transaction_reports_already_exists ... ok
[2m2026-09-20T03:31:55.390469Z[0m [33m WARN[0m [2mneo::engine[0m[2m:[0m Native contract initialization failed [3mcontract[0m[2m=[0m"PolicyContract" [3merror[0m[2m=[0mInvalid operation: GetTime can only be called with Application trigger.
test server::rpc_server_node::tests::send_raw_transaction_reports_already_in_pool ... ok
test server::rpc_server_node::tests::send_raw_transaction_reports_invalid_size ... ok
[2m2026-09-20T03:31:55.402717Z[0m [33m WARN[0m [2mneo::engine[0m[2m:[0m Native contract initialization failed [3mcontract[0m[2m=[0m"PolicyContract" [3merror[0m[2m=[0mInvalid operation: GetTime can only be called with Application trigger.
[2m2026-09-20T03:31:55.402716Z[0m [33m WARN[0m [2mneo::engine[0m[2m:[0m Native contract initialization failed [3mcontract[0m[2m=[0m"PolicyContract" [3merror[0m[2m=[0mInvalid operation: GetTime can only be called with Application trigger.
test server::rpc_server_node::tests::send_raw_transaction_reports_invalid_script ... ok
test server::rpc_server_node::tests::send_raw_transaction_reports_insufficient_funds ... ok
test server::rpc_server_node::tests::send_raw_transaction_reports_invalid_attribute ... ok
test server::rpc_server_node::tests::send_raw_transaction_reports_invalid_signature ... ok
test server::rpc_server_node::tests::submit_block_rejects_empty_input ... ok
test server::rpc_server_node::tests::send_raw_transaction_reports_policy_failed ... ok
test server::rpc_server_node::tests::send_raw_transaction_reports_expired_transaction ... ok
[2m2026-09-20T03:31:55.414978Z[0m [33m WARN[0m [2mneo::engine[0m[2m:[0m Native contract initialization failed [3mcontract[0m[2m=[0m"PolicyContract" [3merror[0m[2m=[0mInvalid operation: GetTime can only be called with Application trigger.
test server::rpc_server_node::tests::submit_block_rejects_invalid_block_bytes ... ok
[2m2026-09-20T03:31:55.416197Z[0m [33m WARN[0m [2mneo[0m[2m:[0m header_cache empty, falling back to full verification [3mindex[0m[2m=[0m1
[2m2026-09-20T03:31:55.416839Z[0m [33m WARN[0m [2mneo::engine[0m[2m:[0m Native contract initialization failed [3mcontract[0m[2m=[0m"PolicyContract" [3merror[0m[2m=[0mInvalid operation: GetTime can only be called with Application trigger.
test server::rpc_server_node::tests::submit_block_accepts_valid_block ... ok
test server::rpc_server_node::tests::submit_block_rejects_null_input ... ok
test server::rpc_server_wallet::tests::await_wallet_future_supports_current_thread_runtime ... ok
[2m2026-09-20T03:31:55.424305Z[0m [33m WARN[0m [2mneo::engine[0m[2m:[0m Native contract initialization failed [3mcontract[0m[2m=[0m"PolicyContract" [3merror[0m[2m=[0mInvalid operation: GetTime can only be called with Application trigger.
test server::rpc_server_node::tests::submit_block_reports_already_exists ... ok
test server::rpc_server_node::tests::submit_block_rejects_invalid_base64 ... ok
test server::rpc_server_state::tests::find_states_returns_results ... ok
[2m2026-09-20T03:31:55.445402Z[0m [33m WARN[0m [2mneo::engine[0m[2m:[0m Native contract initialization failed [3mcontract[0m[2m=[0m"PolicyContract" [3merror[0m[2m=[0mInvalid operation: GetTime can only be called with Application trigger.
[2m2026-09-20T03:31:55.446097Z[0m [33m WARN[0m [2mneo[0m[2m:[0m header_cache empty, falling back to full verification [3mindex[0m[2m=[0m1
[2m2026-09-20T03:31:55.446500Z[0m [33m WARN[0m [2mneo::engine[0m[2m:[0m Native contract initialization failed [3mcontract[0m[2m=[0m"PolicyContract" [3merror[0m[2m=[0mInvalid operation: GetTime can only be called with Application trigger.
[2m2026-09-20T03:31:55.446741Z[0m [33m WARN[0m [2mneo::engine[0m[2m:[0m Native contract initialization failed [3mcontract[0m[2m=[0m"PolicyContract" [3merror[0m[2m=[0mInvalid operation: GetTime can only be called with Application trigger.
[2m2026-09-20T03:31:55.446847Z[0m [33m WARN[0m [2mneo[0m[2m:[0m block verification failed against header cache [3mindex[0m[2m=[0m1 [3mhash[0m[2m=[0m0x475504d9e28a94f8998fcf11844b843998f202b7102d654eac9b2c1de193511c [3mprev[0m[2m=[0m0x786599e47db1da4e88b243ef5fe51da62f16074d0a360e13a81a90db9ca42a29
[2m2026-09-20T03:31:55.447351Z[0m [33m WARN[0m [2mneo[0m[2m:[0m header_cache empty, falling back to full verification [3mindex[0m[2m=[0m1
[2m2026-09-20T03:31:55.447383Z[0m [33m WARN[0m [2mneo[0m[2m:[0m block verification failed against header cache [3mindex[0m[2m=[0m1 [3mhash[0m[2m=[0m0xfb7a8922e93e15d1b28dc6fc679f1c0d17a53ab76a74b29b620ccc5f13bf4f30 [3mprev[0m[2m=[0m0xabababababababababababababababababababababababababababababababab
test server::rpc_server_node::tests::submit_block_reports_invalid_block ... ok
test server::rpc_server_node::tests::submit_block_reports_invalid_prev_hash ... ok
test server::rpc_server_state::tests::get_proof_rejects_invalid_key ... ok
test server::rpc_server_state::tests::get_state_returns_value_from_trie ... ok
test server::rpc_server_state::tests::proof_handlers_round_trip_value ... ok
[2m2026-09-20T03:31:55.456003Z[0m [33m WARN[0m [2mneo::engine[0m[2m:[0m Native contract initialization failed [3mcontract[0m[2m=[0m"PolicyContract" [3merror[0m[2m=[0mInvalid operation: GetTime can only be called with Application trigger.
test server::rpc_server_node::tests::submit_block_reports_invalid_index ... ok
test server::rpc_server_state::tests::state_height_and_root_handlers_work ... ok
test server::rpc_server_state::tests::state_root_rejects_unknown_index ... ok
test server::rpc_server_state::tests::state_queries_reject_old_roots_when_full_state_disabled ... ok
test server::rpc_server_state::tests::verify_proof_rejects_invalid_payload ... ok
[2m2026-09-20T03:31:55.472180Z[0m [33m WARN[0m [2mneo::engine[0m[2m:[0m Native contract initialization failed [3mcontract[0m[2m=[0m"PolicyContract" [3merror[0m[2m=[0mInvalid operation: GetTime can only be called with Application trigger.
test server::rpc_server_tokens_tracker::tests::get_nep11_balances_groups_tokens_by_asset ... ok
test server::rpc_server_utilities::tests::list_plugins_returns_empty ... ok
test server::rpc_server_tokens_tracker::tests::get_nep11_transfers_orders_by_timestamp_descending ... ok
[2m2026-09-20T03:31:55.476297Z[0m [33m WARN[0m [2mneo::engine[0m[2m:[0m Native contract initialization failed [3mcontract[0m[2m=[0m"PolicyContract" [3merror[0m[2m=[0mInvalid operation: GetTime can only be called with Application trigger.
test server::rpc_server_tokens_tracker::tests::get_nep17_balances_requires_enabled_tracker ... ok
[2m2026-09-20T03:31:55.477714Z[0m [33m WARN[0m [2mneo::engine[0m[2m:[0m Native contract initialization failed [3mcontract[0m[2m=[0m"PolicyContract" [3merror[0m[2m=[0mInvalid operation: GetTime can only be called with Application trigger.
[2m2026-09-20T03:31:55.478290Z[0m [33m WARN[0m [2mneo::engine[0m[2m:[0m Native contract initialization failed [3mcontract[0m[2m=[0m"PolicyContract" [3merror[0m[2m=[0mInvalid operation: GetTime can only be called with Application trigger.
[2m2026-09-20T03:31:55.478939Z[0m [33m WARN[0m [2mneo::engine[0m[2m:[0m Native contract initialization failed [3mcontract[0m[2m=[0m"PolicyContract" [3merror[0m[2m=[0mInvalid operation: GetTime can only be called with Application trigger.
test server::rpc_server_tokens_tracker::tests::get_nep11_properties_returns_expected_fields ... ok
test server::rpc_server_utilities::tests::validate_address_requires_param ... ok
test server::rpc_server_tokens_tracker::tests::get_nep17_balances_reports_asset_metadata ... ok
test server::rpc_server_tokens_tracker::tests::get_nep17_transfers_orders_by_timestamp_descending ... ok
test server::rpc_server_wallet::tests::calculate_network_fee_requires_payload ... ok
test server::rpc_server_utilities::tests::validate_address_variants ... ok
test server::rpc_server_wallet::tests::calculate_network_fee_returns_network_fee ... ok
test server::rpc_server_wallet::tests::calculate_network_fee_rejects_invalid_transaction_bytes ... ok
test server::rpc_server_wallet::tests::calculate_network_fee_rejects_invalid_payload ... ok
test server::rpc_server_wallet::tests::cancel_transaction_requires_wallet ... ok
test server::rpc_server_wallet::tests::close_wallet_returns_true_when_no_wallet_open ... ok
test server::rpc_server_wallet::tests::open_wallet_rejects_invalid_wallet_format ... ok
test server::rpc_server_wallet::tests::send_from_requires_wallet ... ok
test server::rpc_server_wallet::tests::open_wallet_rejects_missing_file ... ok
test client::wallet_api::tests::wallet_api_wait_transaction_times_out ... ok
[2m2026-09-20T03:31:56.558391Z[0m [33m WARN[0m [2mneo::engine[0m[2m:[0m Native contract initialization failed [3mcontract[0m[2m=[0m"PolicyContract" [3merror[0m[2m=[0mInvalid operation: GetTime can only be called with Application trigger.
[2m2026-09-20T03:31:56.665317Z[0m [33m WARN[0m [2mneo::engine[0m[2m:[0m Native contract initialization failed [3mcontract[0m[2m=[0m"PolicyContract" [3merror[0m[2m=[0mInvalid operation: GetTime can only be called with Application trigger.
[2m2026-09-20T03:31:56.759368Z[0m [33m WARN[0m [2mneo::engine[0m[2m:[0m Native contract initialization failed [3mcontract[0m[2m=[0m"PolicyContract" [3merror[0m[2m=[0mInvalid operation: GetTime can only be called with Application trigger.
[2m2026-09-20T03:31:56.806798Z[0m [33m WARN[0m [2mneo::engine[0m[2m:[0m Native contract initialization failed [3mcontract[0m[2m=[0m"PolicyContract" [3merror[0m[2m=[0mInvalid operation: GetTime can only be called with Application trigger.
[2m2026-09-20T03:31:56.841264Z[0m [33m WARN[0m [2mneo::engine[0m[2m:[0m Native contract initialization failed [3mcontract[0m[2m=[0m"PolicyContract" [3merror[0m[2m=[0mInvalid operation: GetTime can only be called with Application trigger.
[2m2026-09-20T03:31:56.924334Z[0m [33m WARN[0m [2mneo::engine[0m[2m:[0m Native contract initialization failed [3mcontract[0m[2m=[0m"PolicyContract" [3merror[0m[2m=[0mInvalid operation: GetTime can only be called with Application trigger.
[2m2026-09-20T03:31:57.123823Z[0m [33m WARN[0m [2mneo::engine[0m[2m:[0m Native contract initialization failed [3mcontract[0m[2m=[0m"PolicyContract" [3merror[0m[2m=[0mInvalid operation: GetTime can only be called with Application trigger.
test server::rpc_server_wallet::tests::cancel_transaction_rejects_invalid_extra_fee ... ok
[2m2026-09-20T03:31:57.197954Z[0m [33m WARN[0m [2mneo::engine[0m[2m:[0m Native contract initialization failed [3mcontract[0m[2m=[0m"PolicyContract" [3merror[0m[2m=[0mInvalid operation: GetTime can only be called with Application trigger.
test server::rpc_server_wallet::tests::dump_priv_key_rejects_invalid_address_format ... ok
[2m2026-09-20T03:31:57.206175Z[0m [33m WARN[0m [2mneo::engine[0m[2m:[0m Native contract initialization failed [3mcontract[0m[2m=[0m"PolicyContract" [3merror[0m[2m=[0mInvalid operation: GetTime can only be called with Application trigger.
test server::rpc_server_wallet::tests::send_from_returns_invalid_request_without_funds ... ok
[2m2026-09-20T03:31:57.232775Z[0m [33m WARN[0m [2mneo::engine[0m[2m:[0m Native contract initialization failed [3mcontract[0m[2m=[0m"PolicyContract" [3merror[0m[2m=[0mInvalid operation: GetTime can only be called with Application trigger.
test server::rpc_server_wallet::tests::cancel_transaction_rejects_wallet_fee_limit ... ok
test server::rpc_server_wallet::tests::send_many_requires_wallet ... ok
test server::rpc_server_wallet::tests::cancel_transaction_rejects_invalid_txid ... ok
test server::rpc_server_wallet::tests::cancel_transaction_rejects_confirmed_transaction ... ok
test server::rpc_server_wallet::tests::get_wallet_balance_rejects_invalid_asset_id ... ok
test server::rpc_server_wallet::tests::import_priv_key_rejects_invalid_wif ... ok
test server::rpc_server_wallet::tests::cancel_transaction_rejects_empty_signers ... ok
test server::rpc_server_wallet::tests::send_to_address_requires_wallet ... ok
test server::rpc_server_wallet::tests::signature_contract_pubkey_roundtrip ... ok
test server::rpc_server_wallet::tests::wallet_methods_require_open_wallet ... ok
[2m2026-09-20T03:31:57.324861Z[0m [33m WARN[0m [2mneo::engine[0m[2m:[0m Native contract initialization failed [3mcontract[0m[2m=[0m"PolicyContract" [3merror[0m[2m=[0mInvalid operation: GetTime can only be called with Application trigger.
test server::session::tests::session_registers_and_traverses_storage_iterator ... ok
test server::rpc_server_wallet::tests::get_new_address_adds_wallet_account ... ok
test server::smart_contract::tests::get_unclaimed_gas_rejects_invalid_address ... ok
test server::smart_contract::tests::get_unclaimed_gas_returns_address_string ... ok
test server::smart_contract::tests::invokecontractverify_rejects_invalid_hash ... ok
test server::rpc_server_wallet::tests::open_wallet_rejects_invalid_password ... ok
[2m2026-09-20T03:31:57.383944Z[0m [33m WARN[0m [2mneo::engine[0m[2m:[0m Native contract initialization failed [3mcontract[0m[2m=[0m"PolicyContract" [3merror[0m[2m=[0mInvalid operation: GetTime can only be called with Application trigger.
test server::smart_contract::tests::invokecontractverify_rejects_missing_verify_method ... ok
[2m2026-09-20T03:31:57.388578Z[0m [33m WARN[0m [2mneo::engine[0m[2m:[0m Native contract initialization failed [3mcontract[0m[2m=[0m"PolicyContract" [3merror[0m[2m=[0mInvalid operation: GetTime can only be called with Application trigger.
[2m2026-09-20T03:31:57.389901Z[0m [33m WARN[0m [2mneo::engine[0m[2m:[0m Native contract initialization failed [3mcontract[0m[2m=[0m"PolicyContract" [3merror[0m[2m=[0mInvalid operation: GetTime can only be called with Application trigger.
test server::smart_contract::tests::invokecontractverify_returns_true_for_deployed_contract ... ok
test server::smart_contract::tests::invokecontractverify_returns_unknown_contract_for_missing_contract ... ok
[2m2026-09-20T03:31:57.391698Z[0m [33m WARN[0m [2mneo::engine[0m[2m:[0m Native contract initialization failed [3mcontract[0m[2m=[0m"PolicyContract" [3merror[0m[2m=[0mInvalid operation: GetTime can only be called with Application trigger.
test server::rpc_server_wallet::tests::import_priv_key_adds_account ... ok
test server::rpc_server_wallet::tests::cancel_transaction_bumps_fee_for_mempool_conflict ... ok
[2m2026-09-20T03:31:57.401177Z[0m [33m WARN[0m [2mneo::engine[0m[2m:[0m Native contract initialization failed [3mcontract[0m[2m=[0m"PolicyContract" [3merror[0m[2m=[0mInvalid operation: GetTime can only be called with Application trigger.
test server::smart_contract::tests::invokefunction_cryptolib_sha256_with_argument_halts ... ok
test server::smart_contract::tests::invokefunction_rejects_invalid_script_hash ... ok
test server::smart_contract::tests::invokefunction_rejects_invalid_contract_parameter ... ok
test server::smart_contract::tests::invokefunction_rejects_invalid_witness_invocation ... ok
test server::smart_contract::tests::invokefunction_rejects_invalid_signer_scope ... ok
test server::smart_contract::tests::invokefunction_rejects_invalid_signer_account ... ok
test server::smart_contract::tests::invokefunction_rejects_invalid_string_params_with_stable_messages ... ok
test server::smart_contract::tests::invokefunction_rejects_invalid_witness_verification ... ok
test server::rpc_server_wallet::tests::cancel_transaction_rejects_invalid_signer_entry ... ok
[2m2026-09-20T03:31:57.496297Z[0m [33m WARN[0m [2mneo::engine[0m[2m:[0m Native contract initialization failed [3mcontract[0m[2m=[0m"PolicyContract" [3merror[0m[2m=[0mInvalid operation: GetTime can only be called with Application trigger.
[2m2026-09-20T03:31:57.496472Z[0m [33m WARN[0m [2mneo::engine[0m[2m:[0m Native contract initialization failed [3mcontract[0m[2m=[0m"PolicyContract" [3merror[0m[2m=[0mInvalid operation: GetTime can only be called with Application trigger.
test server::rpc_server_wallet::tests::import_priv_key_returns_existing_account ... ok
test server::smart_contract::tests::invokefunction_total_supply_matches_csharp ... ok
test server::smart_contract::tests::invokefunction_symbol_returns_byte_string ... ok
[2m2026-09-20T03:31:57.503131Z[0m [33m WARN[0m [2mneo::engine[0m[2m:[0m Native contract initialization failed [3mcontract[0m[2m=[0m"PolicyContract" [3merror[0m[2m=[0mInvalid operation: GetTime can only be called with Application trigger.
[2m2026-09-20T03:31:57.507275Z[0m [33m WARN[0m [2mneo::engine[0m[2m:[0m Native contract initialization failed [3mcontract[0m[2m=[0m"PolicyContract" [3merror[0m[2m=[0mInvalid operation: GetTime can only be called with Application trigger.
[2m2026-09-20T03:31:57.508000Z[0m [33m WARN[0m [2mneo::engine[0m[2m:[0m Native contract initialization failed [3mcontract[0m[2m=[0m"PolicyContract" [3merror[0m[2m=[0mInvalid operation: GetTime can only be called with Application trigger.
[2m2026-09-20T03:31:57.508554Z[0m [33m WARN[0m [2mneo::engine[0m[2m:[0m Native contract initialization failed [3mcontract[0m[2m=[0m"PolicyContract" [3merror[0m[2m=[0mInvalid operation: GetTime can only be called with Application trigger.
[2m2026-09-20T03:31:57.522959Z[0m [33m WARN[0m [2mneo::engine[0m[2m:[0m Native contract initialization failed [3mcontract[0m[2m=[0m"PolicyContract" [3merror[0m[2m=[0mInvalid operation: GetTime can only be called with Application trigger.
test server::smart_contract::tests::invokefunction_with_wallet_returns_signed_tx ... ok
test server::smart_contract::tests::invokefunction_with_watch_only_wallet_returns_pending_signature ... ok
test server::smart_contract::tests::invokefunction_returns_fault_state_for_missing_method ... ok
test server::smart_contract::tests::invokefunction_with_missing_wallet_account_sets_exception ... ok
test server::smart_contract::tests::invokescript_push1_reports_csharp_gas_units ... ok
[2m2026-09-20T03:31:57.530352Z[0m [33m WARN[0m [2mneo::engine[0m[2m:[0m Native contract initialization failed [3mcontract[0m[2m=[0m"PolicyContract" [3merror[0m[2m=[0mInvalid operation: GetTime can only be called with Application trigger.
[2m2026-09-20T03:31:57.540625Z[0m [33m WARN[0m [2mneo::engine[0m[2m:[0m Native contract initialization failed [3mcontract[0m[2m=[0m"PolicyContract" [3merror[0m[2m=[0mInvalid operation: GetTime can only be called with Application trigger.
[2m2026-09-20T03:31:57.545370Z[0m [33m WARN[0m [2mneo::engine[0m[2m:[0m Native contract initialization failed [3mcontract[0m[2m=[0m"PolicyContract" [3merror[0m[2m=[0mInvalid operation: GetTime can only be called with Application trigger.
[2m2026-09-20T03:31:57.545782Z[0m [33m WARN[0m [2mneo::engine[0m[2m:[0m Native contract initialization failed [3mcontract[0m[2m=[0m"PolicyContract" [3merror[0m[2m=[0mInvalid operation: GetTime can only be called with Application trigger.
[2m2026-09-20T03:31:57.546281Z[0m [33m WARN[0m [2mneo::engine[0m[2m:[0m Native contract initialization failed [3mcontract[0m[2m=[0m"PolicyContract" [3merror[0m[2m=[0mInvalid operation: GetTime can only be called with Application trigger.
test server::smart_contract::tests::invokescript_rejects_invalid_base64 ... ok
test server::rpc_server_wallet::tests::cancel_transaction_returns_transaction_json ... ok
test server::smart_contract::tests::invokescript_returns_fault_state_in_result ... ok
test server::smart_contract::tests::invokescript_faults_when_gas_limit_exceeded ... ok
test server::smart_contract::tests::invokescript_total_supply_matches_csharp ... ok
test server::smart_contract::tests::invokescript_transfer_returns_false ... ok
[2m2026-09-20T03:31:57.551565Z[0m [33m WARN[0m [2mneo::engine[0m[2m:[0m Native contract initialization failed [3mcontract[0m[2m=[0m"PolicyContract" [3merror[0m[2m=[0mInvalid operation: GetTime can only be called with Application trigger.
test server::smart_contract::tests::invokescript_with_diagnostics_includes_invoked_contract ... ok
test server::rpc_server_wallet::tests::dump_priv_key_rejects_unknown_account ... ok
test server::rpc_server_wallet::tests::get_wallet_unclaimed_gas_returns_string ... ok
test server::rpc_server_wallet::tests::get_wallet_balance_reports_balance_field ... ok
test server::smart_contract::tests::terminate_session_rejects_sessions_disabled ... [2m2026-09-20T03:31:57.562780Z[0m [33m WARN[0m [2mneo::engine[0m[2m:[0m Native contract initialization failed [3mcontract[0m[2m=[0m"PolicyContract" [3merror[0m[2m=[0mInvalid operation: GetTime can only be called with Application trigger.
ok
test server::ws::bridge::tests::test_bridge_receiver_count ... ok
test server::ws::bridge::tests::test_bridge_block_notification ... ok
test server::ws::bridge::tests::test_bridge_transaction_notification ... ok
test server::ws::events::tests::test_event_type_parsing ... ok
test server::ws::events::tests::test_notification_serialization ... ok
[2m2026-09-20T03:31:57.563583Z[0m [33m WARN[0m [2mneo::engine[0m[2m:[0m Native contract initialization failed [3mcontract[0m[2m=[0m"PolicyContract" [3merror[0m[2m=[0mInvalid operation: GetTime can only be called with Application trigger.
test server::ws::handler::tests::repeated_subscribe_keeps_id_and_merges_events ... ok
test server::ws::handler::tests::partial_unsubscribe_keeps_remaining_events ... ok
test server::ws::handler::tests::invalid_unsubscribe_params_do_not_clear_subscription ... ok
test server::ws::handler::tests::test_handle_invalid_method ... ok
test server::ws::handler::tests::test_handle_subscribe ... ok
test server::ws::handler::tests::unsubscribe_accepts_subscription_id ... ok
test server::ws::subscription::tests::test_add_remove_events ... ok
test server::ws::subscription::tests::test_multiple_subscriptions ... ok
test server::ws::subscription::tests::test_subscribe_unsubscribe ... ok
test server::rpc_server_wallet::tests::cancel_transaction_applies_extra_fee ... ok
test server::smart_contract::tests::traverse_iterator_rejects_count_limit_exceeded ... ok
test server::rpc_server_wallet::tests::open_wallet_and_dump_priv_key_roundtrip ... ok
test server::smart_contract::tests::traverse_iterator_rejects_invalid_count_params_with_stable_messages ... ok
test server::smart_contract::tests::traverse_iterator_rejects_sessions_disabled ... ok
[2m2026-09-20T03:31:57.574412Z[0m [33m WARN[0m [2mneo::engine[0m[2m:[0m Native contract initialization failed [3mcontract[0m[2m=[0m"PolicyContract" [3merror[0m[2m=[0mInvalid operation: GetTime can only be called with Application trigger.
test server::smart_contract::tests::traverse_iterator_rejects_unknown_session ... ok
test server::smart_contract::tests::traverse_iterator_rejects_expired_session ... ok
test server::rpc_server_wallet::tests::send_many_rejects_empty_outputs ... ok
test server::smart_contract::tests::terminate_session_returns_false_for_unknown_session ... ok
[2m2026-09-20T03:31:57.580464Z[0m [33m WARN[0m [2mneo::engine[0m[2m:[0m Native contract initialization failed [3mcontract[0m[2m=[0m"PolicyContract" [3merror[0m[2m=[0mInvalid operation: GetTime can only be called with Application trigger.
test server::smart_contract::tests::traverse_iterator_returns_items_and_can_terminate_session ... ok
[2m2026-09-20T03:31:57.622381Z[0m [33m WARN[0m [2mneo::engine[0m[2m:[0m Native contract initialization failed [3mcontract[0m[2m=[0m"PolicyContract" [3merror[0m[2m=[0mInvalid operation: GetTime can only be called with Application trigger.
[2m2026-09-20T03:31:57.623304Z[0m [33m WARN[0m [2mneo::engine[0m[2m:[0m Native contract initialization failed [3mcontract[0m[2m=[0m"PolicyContract" [3merror[0m[2m=[0mInvalid operation: GetTime can only be called with Application trigger.
[2m2026-09-20T03:31:57.624025Z[0m [33m WARN[0m [2mneo::engine[0m[2m:[0m Native contract initialization failed [3mcontract[0m[2m=[0m"PolicyContract" [3merror[0m[2m=[0mInvalid operation: GetTime can only be called with Application trigger.
test server::rpc_server_wallet::tests::send_from_returns_transaction_json ... ok
test server::rpc_server_wallet::tests::send_many_rejects_invalid_from ... ok
[2m2026-09-20T03:31:58.312211Z[0m [33m WARN[0m [2mneo::engine[0m[2m:[0m Native contract initialization failed [3mcontract[0m[2m=[0m"PolicyContract" [3merror[0m[2m=[0mInvalid operation: GetTime can only be called with Application trigger.
test server::rpc_server_wallet::tests::send_many_rejects_invalid_outputs_type ... ok
[2m2026-09-20T03:31:58.781663Z[0m [33m WARN[0m [2mneo::engine[0m[2m:[0m Native contract initialization failed [3mcontract[0m[2m=[0m"PolicyContract" [3merror[0m[2m=[0mInvalid operation: GetTime can only be called with Application trigger.
[2m2026-09-20T03:31:58.782381Z[0m [33m WARN[0m [2mneo::engine[0m[2m:[0m Native contract initialization failed [3mcontract[0m[2m=[0m"PolicyContract" [3merror[0m[2m=[0mInvalid operation: GetTime can only be called with Application trigger.
test server::rpc_server_wallet::tests::send_many_rejects_non_positive_amount ... ok
[2m2026-09-20T03:31:58.788773Z[0m [33m WARN[0m [2mneo::engine[0m[2m:[0m Native contract initialization failed [3mcontract[0m[2m=[0m"PolicyContract" [3merror[0m[2m=[0mInvalid operation: GetTime can only be called with Application trigger.
[2m2026-09-20T03:31:58.789450Z[0m [33m WARN[0m [2mneo::engine[0m[2m:[0m Native contract initialization failed [3mcontract[0m[2m=[0m"PolicyContract" [3merror[0m[2m=[0mInvalid operation: GetTime can only be called with Application trigger.
[2m2026-09-20T03:31:58.790001Z[0m [33m WARN[0m [2mneo::engine[0m[2m:[0m Native contract initialization failed [3mcontract[0m[2m=[0m"PolicyContract" [3merror[0m[2m=[0mInvalid operation: GetTime can only be called with Application trigger.
test server::rpc_server_wallet::tests::send_many_returns_transaction_json ... ok
[2m2026-09-20T03:31:58.792732Z[0m [33m WARN[0m [2mneo::engine[0m[2m:[0m Native contract initialization failed [3mcontract[0m[2m=[0m"PolicyContract" [3merror[0m[2m=[0mInvalid operation: GetTime can only be called with Application trigger.
[2m2026-09-20T03:31:58.793394Z[0m [33m WARN[0m [2mneo::engine[0m[2m:[0m Native contract initialization failed [3mcontract[0m[2m=[0m"PolicyContract" [3merror[0m[2m=[0mInvalid operation: GetTime can only be called with Application trigger.
test server::rpc_server_wallet::tests::send_many_reports_invalid_operation_on_insufficient_funds ... ok
test server::rpc_server_wallet::tests::send_to_address_rejects_invalid_to_address ... ok
test server::rpc_server_wallet::tests::send_to_address_rejects_invalid_asset_id ... ok
[2m2026-09-20T03:31:58.824589Z[0m [33m WARN[0m [2mneo::engine[0m[2m:[0m Native contract initialization failed [3mcontract[0m[2m=[0m"PolicyContract" [3merror[0m[2m=[0mInvalid operation: GetTime can only be called with Application trigger.
[2m2026-09-20T03:31:58.825303Z[0m [33m WARN[0m [2mneo::engine[0m[2m:[0m Native contract initialization failed [3mcontract[0m[2m=[0m"PolicyContract" [3merror[0m[2m=[0mInvalid operation: GetTime can only be called with Application trigger.
test server::rpc_server_wallet::tests::send_to_address_rejects_non_positive_amount ... ok
[2m2026-09-20T03:31:58.831878Z[0m [33m WARN[0m [2mneo::engine[0m[2m:[0m Native contract initialization failed [3mcontract[0m[2m=[0m"PolicyContract" [3merror[0m[2m=[0mInvalid operation: GetTime can only be called with Application trigger.
[2m2026-09-20T03:31:58.832524Z[0m [33m WARN[0m [2mneo::engine[0m[2m:[0m Native contract initialization failed [3mcontract[0m[2m=[0m"PolicyContract" [3merror[0m[2m=[0mInvalid operation: GetTime can only be called with Application trigger.
test server::rpc_server_wallet::tests::send_to_address_reports_invalid_operation_on_insufficient_funds ... ok

test result: ok. 568 passed; 0 failed; 0 ignored; 0 measured; 0 filtered out; finished in 3.80s

     Running tests\jsonrpsee_adapter.rs (target\debug\deps\jsonrpsee_adapter-488042513a81a55a.exe)

running 0 tests

test result: ok. 0 passed; 0 failed; 0 ignored; 0 measured; 0 filtered out; finished in 0.00s

     Running tests\rate_limiter_governor.rs (target\debug\deps\rate_limiter_governor-4aca893f3d674dba.exe)

running 8 tests
test governor_limiter_blocks_scaled_zero_tiers ... ok
test governor_limiter_preserves_method_tiers ... ok
test governor_limiter_exhausts_configured_burst ... ok
test governor_limiter_blocks_custom_zero_tier_without_disabling_limiter ... ok
test governor_limiter_keeps_per_ip_buckets_independent ... ok
test governor_limiter_preserves_disabled_mode ... ok
test governor_limiter_keeps_tier_buckets_independent_per_ip ... ok
test governor_limiter_tracks_unique_ips_across_tiers ... ok

test result: ok. 8 passed; 0 failed; 0 ignored; 0 measured; 0 filtered out; finished in 0.00s

     Running tests\rpc_blockchain_getrawtransaction_vmstate.rs (target\debug\deps\rpc_blockchain_getrawtransaction_vmstate-04da17ec6dac1a96.exe)

running 1 test
test get_raw_transaction_verbose_confirmed_matches_csharp ... ok

test result: ok. 1 passed; 0 failed; 0 ignored; 0 measured; 0 filtered out; finished in 0.01s

     Running tests\rpc_handler_registration.rs (target\debug\deps\rpc_handler_registration-fb822fd643cc803d.exe)

running 2 tests
test blockchain_handler_registration_preserves_order_and_public_metadata ... ok
test wallet_handler_registration_preserves_protected_metadata ... ok

test result: ok. 2 passed; 0 failed; 0 ignored; 0 measured; 0 filtered out; finished in 0.00s

     Running tests\validate_address.rs (target\debug\deps\validate_address-4eb4edf8b6c98889.exe)

running 1 test
test validate_address_uses_wallet_base58_check ... ok

test result: ok. 1 passed; 0 failed; 0 ignored; 0 measured; 0 filtered out; finished in 0.01s

     Running tests\ws_events.rs (target\debug\deps\ws_events-31085c1e09d32602.exe)

running 4 tests
test websocket_notification_keeps_neo_notification_field_names ... ok
test websocket_event_constructors_prefix_hashes ... ok
test websocket_notification_reuses_event_type_wire_name ... ok
test websocket_event_type_wire_names_roundtrip ... ok

test result: ok. 4 passed; 0 failed; 0 ignored; 0 measured; 0 filtered out; finished in 0.00s

     Running unittests src\lib.rs (target\debug\deps\neo_storage-0337bc89db8cb72e.exe)

running 160 tests
test cache::cloned_cache::tests::test_cloned_cache_add_to_clone ... ok
test cache::cloned_cache::tests::test_cloned_cache_clone ... ok
test cache::cloned_cache::tests::test_cloned_cache_debug ... ok
test cache::cloned_cache::tests::test_cloned_cache_into_inner ... ok
test cache::cloned_cache::tests::test_cloned_cache_len_and_is_empty ... ok
test cache::cloned_cache::tests::test_cloned_cache_isolation ... ok
test cache::data_cache::tests::test_clear ... ok
test cache::data_cache::tests::test_clone ... ok
test cache::data_cache::tests::test_commit_removes_deleted ... ok
test cache::data_cache::tests::test_commit_resets_state ... ok
test cache::data_cache::tests::test_debug ... ok
test cache::data_cache::tests::test_delete ... ok
test cache::data_cache::tests::test_delete_added_item_removes_completely ... ok
test cache::cloned_cache::tests::test_cloned_cache_new ... ok
test cache::cloned_cache::tests::test_cloned_cache_update_in_clone ... ok
test cache::data_cache::tests::test_contains ... ok
test cache::data_cache::tests::test_find_excludes_deleted ... ok
test cache::data_cache::tests::test_find_in_cache ... ok
test cache::data_cache::tests::test_delete_committed_item_marks_deleted ... ok
test cache::data_cache::tests::test_error_clone ... ok
test cache::data_cache::tests::test_get_error_on_nonexistent ... ok
test cache::data_cache::tests::test_add_and_get ... ok
test cache::cloned_cache::tests::test_cloned_cache_multiple_operations ... ok
test cache::data_cache::tests::test_error_display ... ok
test cache::data_cache::tests::test_modified_count ... ok
test cache::data_cache::tests::test_cache_overrides_store ... ok
test cache::data_cache::tests::test_new_read_only ... ok
test cache::data_cache::tests::test_len_and_is_empty ... ok
test cache::data_cache::tests::test_new_with_store ... ok
test cache::data_cache::tests::test_new_writable ... ok
test cache::data_cache::tests::test_tracked_items ... ok
test cache::data_cache::tests::test_try_add_read_only ... ok
test cache::data_cache::tests::test_try_delete_read_only ... ok
test cache::data_cache::tests::test_try_get_from_store ... ok
test cache::data_cache::tests::test_try_get_nonexistent ... ok
test cache::data_cache::tests::test_try_update_read_only ... ok
test cache::data_cache::tests::test_update ... ok
test cache::trackable::tests::test_trackable_added ... ok
test cache::trackable::tests::test_trackable_changed ... ok
test cache::trackable::tests::test_trackable_clone ... ok
test cache::trackable::tests::test_trackable_debug ... ok
test cache::trackable::tests::test_trackable_default ... ok
test cache::trackable::tests::test_trackable_deleted ... ok
test cache::trackable::tests::test_trackable_equality ... ok
test cache::trackable::tests::test_trackable_is_modified ... ok
test cache::trackable::tests::test_trackable_new ... ok
test cache::trackable::tests::test_trackable_not_found_state ... ok
test cache::trackable::tests::test_trackable_should_delete ... ok
test cache::trackable::tests::test_trackable_should_persist ... ok
test cache::trackable::tests::test_trackable_unchanged ... ok
test error::tests::test_backend_error ... ok
test error::tests::test_error_clone ... ok
test error::tests::test_error_debug ... ok
test error::tests::test_error_equality ... ok
test error::tests::test_invalid_operation_error ... ok
test error::tests::test_key_not_found_error ... ok
test error::tests::test_read_only_error ... ok
test error::tests::test_serialization_error ... ok
test error::tests::test_storage_result_err ... ok
test error::tests::test_storage_result_ok ... ok
test hash_utils::tests::test_default_seed ... ok
test key_builder::tests::test_key_builder_add_byte ... ok
test hash_utils::tests::test_xx_hash3_32_empty ... ok
test hash_utils::tests::test_hash_code_combine ... ok
test hash_utils::tests::test_xx_hash3_32_data ... ok
test key_builder::tests::test_key_builder_add_byte_panics_on_overflow - should panic ... ok
test key_builder::tests::test_key_builder_add_bytes ... ok
test key_builder::tests::test_key_builder_add_i32_be ... ok
test key_builder::tests::test_key_builder_add_panics_on_overflow - should panic ... ok
test key_builder::tests::test_key_builder_add_u32_be ... ok
test key_builder::tests::test_key_builder_add_uint160 ... ok
test key_builder::tests::test_key_builder_add_uint256 ... ok
test key_builder::tests::test_key_builder_chaining ... ok
test key_builder::tests::test_key_builder_default_max_length_constant ... ok
test key_builder::tests::test_key_builder_empty_key ... ok
test key_builder::tests::test_key_builder_error_clone ... ok
test key_builder::tests::test_key_builder_error_debug ... ok
test key_builder::tests::test_key_builder_error_display ... ok
test key_builder::tests::test_key_builder_error_equality ... ok
test key_builder::tests::test_key_builder_exact_max_length ... ok
test key_builder::tests::test_key_builder_is_empty ... ok
test key_builder::tests::test_key_builder_max_id ... ok
test key_builder::tests::test_key_builder_min_id ... ok
test key_builder::tests::test_key_builder_negative_id ... ok
test key_builder::tests::test_key_builder_new ... ok
test key_builder::tests::test_key_builder_new_panics_on_zero - should panic ... ok
test key_builder::tests::test_key_builder_prefix_length_constant ... ok
test key_builder::tests::test_key_builder_to_bytes ... ok
test key_builder::tests::test_key_builder_to_storage_key ... ok
test key_builder::tests::test_key_builder_try_add_byte_success ... ok
test key_builder::tests::test_key_builder_try_add_exceeds_max_length ... ok
test key_builder::tests::test_key_builder_try_add_success ... ok
test key_builder::tests::test_key_builder_try_new_zero_max_length ... ok
test key_builder::tests::test_key_builder_zero_id ... ok
test types::seek::tests::test_seek_direction_clone ... ok
test types::seek::tests::test_seek_direction_default ... ok
test types::seek::tests::test_seek_direction_repr_values ... ok
test types::seek::tests::test_seek_direction_variants ... ok
test types::seek::tests::test_serde_seek_direction ... ok
test types::storage_item::tests::test_deserialize_from_bytes ... ok
test types::storage_item::tests::test_from_replica ... ok
test types::storage_item::tests::test_seal_no_cache ... ok
test types::storage_item::tests::test_serde_storage_item ... ok
test types::storage_item::tests::test_serialize ... ok
test types::storage_item::tests::test_storage_item_clone ... ok
test types::storage_item::tests::test_storage_item_constant ... ok
test types::storage_item::tests::test_storage_item_creation ... ok
test types::storage_item::tests::test_storage_item_debug ... ok
test types::storage_item::tests::test_storage_item_default ... ok
test types::storage_item::tests::test_storage_item_equality ... ok
test types::storage_item::tests::test_storage_item_from_bytes ... ok
test types::storage_item::tests::test_storage_item_from_slice ... ok
test types::storage_item::tests::test_storage_item_from_storage_bytes ... ok
test types::storage_item::tests::test_storage_item_from_storage_bytes_constant ... ok
test types::storage_item::tests::test_storage_item_from_storage_bytes_empty ... ok
test types::storage_item::tests::test_storage_item_from_storage_bytes_only_flag ... ok
test types::storage_item::tests::test_storage_item_from_vec ... ok
test types::storage_item::tests::test_storage_item_get_value ... ok
test types::storage_item::tests::test_storage_item_istorage_value_trait_object ... ok
test types::storage_item::tests::test_storage_item_roundtrip ... ok
test types::storage_item::tests::test_storage_item_roundtrip_constant ... ok
test types::storage_item::tests::test_storage_item_roundtrip_large ... ok
test types::storage_item::tests::test_storage_item_set_value ... ok
test types::storage_item::tests::test_storage_item_size ... ok
test types::storage_item::tests::test_storage_item_storage_size ... ok
test types::storage_item::tests::test_storage_item_storage_size_empty ... ok
test types::storage_item::tests::test_storage_item_to_storage_bytes ... ok
test types::storage_item::tests::test_storage_item_to_storage_bytes_constant ... ok
test types::storage_item::tests::test_value_bytes_borrowed ... ok
test types::storage_key::tests::test_serde_storage_key ... ok
test types::storage_key::tests::test_storage_key_clone ... ok
test types::storage_key::tests::test_storage_key_create ... ok
test types::storage_key::tests::test_storage_key_create_search_prefix ... ok
test types::storage_key::tests::test_storage_key_create_with_byte ... ok
test types::storage_key::tests::test_storage_key_create_with_bytes ... ok
test types::storage_key::tests::test_storage_key_create_with_int32 ... ok
test types::storage_key::tests::test_storage_key_create_with_int64 ... ok
test types::storage_key::tests::test_storage_key_create_with_uint160 ... ok
test types::storage_key::tests::test_storage_key_create_with_uint256 ... ok
test types::storage_key::tests::test_storage_key_creation ... ok
test types::storage_key::tests::test_storage_key_debug ... ok
test types::storage_key::tests::test_storage_key_display_empty ... ok
test types::storage_key::tests::test_storage_key_display_with_prefix ... ok
test types::storage_key::tests::test_storage_key_equality_and_hash_ignore_cached_bytes ... ok
test types::storage_key::tests::test_storage_key_from_bytes ... ok
test types::storage_key::tests::test_storage_key_from_slice ... ok
test types::storage_key::tests::test_storage_key_from_vec ... ok
test types::storage_key::tests::test_storage_key_get_hash_code ... ok
test types::storage_key::tests::test_storage_key_hash_set ... ok
test types::storage_key::tests::test_storage_key_length ... ok
test types::storage_key::tests::test_storage_key_ordering ... ok
test types::storage_key::tests::test_storage_key_ordering_different_id ... ok
test types::storage_key::tests::test_storage_key_ordering_same_id ... ok
test types::storage_key::tests::test_storage_key_suffix ... ok
test types::storage_key::tests::test_storage_key_to_array ... ok
test types::track::tests::test_serde_track_state ... ok
test types::track::tests::test_track_state_clone ... ok
test types::track::tests::test_track_state_default ... ok
test types::track::tests::test_track_state_repr_values ... ok
test types::track::tests::test_track_state_variants ... ok

test result: ok. 160 passed; 0 failed; 0 ignored; 0 measured; 0 filtered out; finished in 0.01s

     Running unittests src\lib.rs (target\debug\deps\neo_tee-41727b7c6247598c.exe)

running 67 tests
test attestation::report::tests::test_full_validation ... ok
test attestation::report::tests::test_mrenclave_verification ... ok
test attestation::report::tests::test_mrsigner_verification ... ok
test attestation::report::tests::test_quote_parse_too_short ... ok
test attestation::report::tests::test_security_version_verification ... ok
test attestation::report::tests::test_quote_parse_uses_sgx_v3_report_body_offsets ... ok
test attestation::service::tests::test_config_conversions ... ok
test attestation::report::tests::test_quote_parse_minimal ... ok
test attestation::report::tests::test_simulated_report ... ok
test attestation::report::tests::test_quote_validation_result ... ok
test attestation::report::tests::test_report_serialization ... ok
test attestation::report::tests::test_timestamp_verification ... ok
test attestation::service::tests::test_config_with_mrenclave ... ok
test enclave::runtime::tests::test_config_validation ... ok
test enclave::sealing::tests::test_hkdf_key_derivation ... ok
test enclave::sealing::tests::test_aad_integrity ... ok
test enclave::sealing::tests::test_context_domain_separation ... ok
test enclave::sealing::tests::test_hkdf_salt_domain_separation ... ok
test enclave::sealing::tests::test_replay_protection ... ok
test enclave::sealing::tests::test_seal_unseal ... ok
test enclave::sealing::tests::test_seal_unseal_with_context ... ok
test enclave::sealing::tests::test_secure_key_zeroize ... ok
test enclave::sealing::tests::test_tamper_detection ... ok
test mempool::batcher::contract_batcher::tests::test_clear_scheduler ... ok
test mempool::batcher::contract_batcher::tests::test_estimate_gas_consistency ... ok
test mempool::batcher::contract_batcher::tests::test_exec_batch_lifecycle ... ok
test mempool::batcher::contract_batcher::tests::test_extract_contract_hash_detects_syscalls ... ok
test mempool::batcher::contract_batcher::tests::test_extract_contract_hash_no_syscall ... ok
test mempool::batcher::contract_batcher::tests::test_metrics_accuracy ... ok
test mempool::batcher::contract_batcher::tests::test_multi_contract_separation ... ok
test mempool::batcher::contract_batcher::tests::test_priority_queue_operations ... ok
test mempool::batcher::contract_batcher::tests::test_schedule_groups_by_contract ... ok
test mempool::batcher::contract_batcher::tests::test_schedule_respects_count_limits ... ok
test mempool::batcher::contract_batcher::tests::test_schedule_respects_gas_limits ... ok
test mempool::fair_ordering::tests::test_batched_ordering ... ok
test mempool::fair_ordering::tests::test_fcfs_ordering ... ok
test attestation::service::tests::test_service_requires_initialized_enclave ... ok
test enclave::runtime::tests::test_invalid_configuration ... ok
test wallet::sealed_key::tests::address_preserves_zero_script_hash_payload ... ok
test wallet::sealed_key::tests::address_uses_base58_check_with_neo_n3_version ... ok
test enclave::runtime::tests::test_operations_before_init ... ok
test attestation::service::tests::test_batch_verification ... ok
test attestation::service::tests::test_enclave_identity_verification ... ok
test attestation::service::tests::test_compute_mrenclave ... ok
test attestation::service::tests::test_verify_quote_with_invalid_bytes ... ok
test attestation::service::tests::test_key_attestation ... ok
test attestation::service::tests::test_mrenclave_mismatch ... ok
test attestation::service::tests::test_production_config_rejects_simulated ... ok
test attestation::service::tests::test_mrsigner_mismatch ... ok
test enclave::runtime::tests::test_double_initialization ... ok
test attestation::service::tests::test_generate_and_verify_report ... ok
test enclave::runtime::tests::test_debug_mode_restriction ... ok
test enclave::runtime::tests::test_corrupt_monotonic_counter_fails_closed ... ok
test enclave::runtime::tests::test_mrenclave_verification ... ok
test enclave::runtime::tests::test_mrsigner_verification ... ok
test fs_acl::tests::restrict_owner_only_roundtrip ... ok
test mempool::tee_mempool::tests::test_ordering_proof ... ok
test mempool::tee_mempool::tests::test_fair_ordering ... ok
test mempool::tee_mempool::tests::test_capacity_limit ... ok
test mempool::tee_mempool::tests::test_add_and_retrieve_transactions ... ok
test wallet::provider::tests::test_wallet_provider ... ok
test wallet::sealed_key::tests::test_seal_unseal_key ... ok
test enclave::runtime::tests::test_enclave_lifecycle ... ok
test wallet::sealed_key::tests::test_save_load_sealed_key ... ok
test wallet::tee_wallet::tests::test_create_wallet ... ok
test wallet::tee_wallet::tests::test_sign_with_key ... ok
test wallet::tee_wallet::tests::test_create_and_list_keys ... ok

test result: ok. 67 passed; 0 failed; 0 ignored; 0 measured; 0 filtered out; finished in 2.08s

     Running tests\t07_rollback_proof.rs (target\debug\deps\t07_rollback_proof-cf53b192c976697a.exe)

running 2 tests
test unseal_replay_floor_is_self_referential ... ok
test sealed_key_unseal_accepts_blob_after_counter_reset_to_zero ... ok

test result: ok. 2 passed; 0 failed; 0 ignored; 0 measured; 0 filtered out; finished in 0.37s

     Running unittests src\lib.rs (target\debug\deps\neo_telemetry-bad4757751ef7d5e.exe)

running 21 tests
test config::tests::test_default_config ... ok
test health::tests::test_degraded_propagation ... ok
test config::tests::test_logging_default ... ok
test config::tests::test_log_format_serde ... ok
test health::tests::test_health_check ... ok
test logging::tests::test_default_config ... ok
test node_health::tests::test_storage_version_check ... ok
test node_health::tests::test_health_state_default ... ok
test node_metrics::tests::test_update_node_metrics ... ok
test node_health::tests::test_health_state_lag ... ok
test health::tests::test_health_status ... ok
test node_metrics::tests::test_gather_prometheus ... ok
test metrics::tests::test_metrics_gather ... ok
test node_logging::tests::test_logging_guard_empty ... ok
test metrics::tests::test_metrics_creation ... ok
test node_logging::tests::test_default_log_name ... ok
test node_logging::tests::test_create_file_writer ... ok
test tests::test_telemetry_handle ... ok
test tests::test_telemetry_handle_with_metrics ... ok
test system::tests::test_system_monitor ... ok
test system::tests::test_uptime ... ok

test result: ok. 21 passed; 0 failed; 0 ignored; 0 measured; 0 filtered out; finished in 0.22s

     Running unittests src\lib.rs (target\debug\deps\neo_tests-d7662d99750c0e79.exe)

running 0 tests

test result: ok. 0 passed; 0 failed; 0 ignored; 0 measured; 0 filtered out; finished in 0.00s

     Running tests\chaos_tests.rs (target\debug\deps\chaos_tests-beabce362afe678c.exe)

running 7 tests
test test_detect_missing_state_changes ... ok
test test_state_root_mismatch_detection ... ok
test test_state_trie_recovery_from_root ... ok
test test_multiple_timeouts_increment_view ... ok
test test_consensus_timeout_triggers_view_change ... ok
test test_state_with_many_contracts ... ok
test test_concurrent_state_modifications ... ok

test result: ok. 7 passed; 0 failed; 0 ignored; 0 measured; 0 filtered out; finished in 0.30s

     Running tests\consensus_integration_tests.rs (target\debug\deps\consensus_integration_tests-e65c1f7c3a7a8f51.exe)

running 22 tests
test test_consensus_message_type_variants ... ok
test test_consensus_prepare_request_from_non_primary_rejected ... ok
test r01_primary_response_counts_once_without_request ... ok
test r01_primary_request_and_response_share_one_vote_slot ... ok
test test_consensus_payload_message_bytes ... ok
test r02_commit_gate_requires_verified_proposal ... ok
test test_consensus_payload_creation ... ok
test test_consensus_service_creation ... ok
test test_consensus_primary_calculation ... ok
test test_consensus_not_validator_cannot_start ... ok
test test_recovery_message_creation ... ok
test test_consensus_single_validator_network ... ok
test test_consensus_wrong_block_index_rejected ... ok
test test_multi_validator_prepare_response_collection ... ok
test test_primary_requests_transactions_on_start ... ok
test test_consensus_wrong_view_ignored_without_state_pollution ... ok
test test_consensus_service_start ... ok
test test_recovery_message_serialization ... ok
test test_consensus_handles_empty_transaction_list ... ok
test test_consensus_validator_count ... ok
test test_timeout_triggers_view_change ... ok
test test_transactions_received_triggers_prepare_request ... ok

test result: ok. 22 passed; 0 failed; 0 ignored; 0 measured; 0 filtered out; finished in 0.00s

     Running tests\contract_execution.rs (target\debug\deps\contract_execution-1d1f235265a1c20e.exe)

running 13 tests
test test_contract_state_consistency ... ok
test test_contract_storage_basic ... ok
test test_contract_storage_deletion ... ok
test test_contract_storage_update ... ok
test test_vm_arithmetic_mul ... ok
test test_vm_arithmetic_add ... ok
test test_vm_simple_push_and_return ... ok
test test_vm_stack_underflow ... ok
test test_vm_gas_consumption_basic ... ok
test test_vm_arithmetic_sub ... ok
test test_contract_storage_large_value ... ok
test test_vm_invalid_opcode ... ok
test test_contract_storage_many_keys ... ok

test result: ok. 13 passed; 0 failed; 0 ignored; 0 measured; 0 filtered out; finished in 0.00s

     Running tests\e2e_transaction_flow.rs (target\debug\deps\e2e_transaction_flow-86e9c142a2630df0.exe)

running 14 tests
test test_contract_storage_updates ... ok
test test_mempool_basic_operations ... ok
test test_mempool_with_config ... ok
test test_empty_transaction_rejected ... ok
test test_concurrent_transaction_processing ... ok
test test_transaction_with_high_priority_attribute ... ok
test test_transaction_validation_fees ... ok
test test_transaction_creation_basic ... ok
test test_transaction_fee_calculation ... ok
test test_transaction_valid_until_far_future ... ok
test test_transaction_serialization_roundtrip ... ok
test test_transaction_hash_unique ... ok
test test_transaction_state_changes ... ok
test test_transaction_with_multiple_signers ... ok

test result: ok. 14 passed; 0 failed; 0 ignored; 0 measured; 0 filtered out; finished in 0.00s

     Running tests\end_to_end_tests.rs (target\debug\deps\end_to_end_tests-50e46b71e31bcc5e.exe)

running 7 tests
test test_block_hash_calculation ... ok
test test_merkle_root_calculation ... ok
test test_state_root_order_independence ... ok
test test_concurrent_state_commits ... ok
test test_state_root_determinism ... ok
test test_state_root_different_values ... ok
test test_state_trie_performance_1000_keys ... ok

test result: ok. 7 passed; 0 failed; 0 ignored; 0 measured; 0 filtered out; finished in 0.00s

     Running tests\fast_sync_p2p_e2e_tests.rs (target\debug\deps\fast_sync_p2p_e2e_tests-2b772427a7f8d4ea.exe)

running 3 tests
test test_p2p_inventory_and_ping_message_exchange ... ok
test test_fast_sync_mode_toggle_and_state_consistency ... ok
test test_dual_node_fast_sync_e2e ... ok

test result: ok. 3 passed; 0 failed; 0 ignored; 0 measured; 0 filtered out; finished in 0.03s

     Running tests\layer_boundary_tests.rs (target\debug\deps\layer_boundary_tests-f868b8f4598b9c3e.exe)

running 11 tests
test test_crypto_hash_functions ... ok
test test_io_serialization_with_primitives ... ok
test test_json_object_creation ... ok
test test_storage_key_builder ... ok
test test_layer_0_has_no_neo_dependencies ... ok
test test_crypto_only_depends_on_layer_0 ... ok
test test_primitives_types_usable ... ok
test test_neo_io_only_depends_on_primitives ... ok
test test_storage_only_depends_on_primitives ... ok
test test_no_upward_dependencies ... ok
test test_no_circular_dependencies ... ok

test result: ok. 11 passed; 0 failed; 0 ignored; 0 measured; 0 filtered out; finished in 0.01s

     Running tests\no_local_neo_vm_dependency.rs (target\debug\deps\no_local_neo_vm_dependency-6ea937c00e7e902e.exe)

running 121 tests
test boolean_numeric_opcodes_reuse_neo_vm_rs_comparison_semantics ... ok
test array_and_struct_constructors_reuse_neo_vm_rs_collection_semantics ... ok
test contract_management_persisted_contract_state_uses_neo_vm_rs_stack_value ... ok
test fuzz_docs_describe_direct_script_validation_target ... ok
test contract_abi_projects_through_neo_vm_rs_stack_value ... ok
test contract_management_manifest_validation_uses_neo_vm_rs_stack_value ... ok
test contract_parameter_definition_projection_uses_neo_vm_rs_stack_value ... ok
test compound_byte_sequence_reads_reuse_neo_vm_rs_collection_semantics ... ok
test checked_unary_arithmetic_reuses_neo_vm_rs_i64_semantics_with_bigint_fallback ... ok
test contract_management_uses_direct_script_validation_for_nef_abi_checks ... ok
test convert_opcode_primitive_targets_reuse_stack_item_conversion_boundary ... ok
test checked_binary_arithmetic_reuses_neo_vm_rs_i64_semantics_with_bigint_fallback ... ok
test bitwise_opcodes_reuse_neo_vm_rs_i64_semantics_with_bigint_fallback ... ok
test call_flags_implementation_lives_in_smart_contract_layer ... ok
test contract_manifest_and_state_project_through_neo_vm_rs_stack_value ... ok
test contract_group_projects_through_neo_vm_rs_stack_value ... ok
test convert_byte_sequence_targets_reuse_neo_vm_rs_conversion_semantics ... ok
test fuzz_script_parser_uses_direct_script_validation ... ok
test exception_handling_facades_are_removed ... ok
test execution_engine_limits_facade_is_removed ... ok
test host_adapter_modules_use_vm_runtime_stack_items ... ok
test interop_descriptor_hashes_syscalls_with_neo_vm_rs_directly ... ok
test isnull_reuses_neo_vm_rs_null_predicate ... ok
test interop_service_hashes_syscalls_with_neo_vm_rs_directly ... ok
test istype_reuses_neo_vm_rs_type_semantics_with_shallow_adapter ... ok
test local_vm_docs_do_not_advertise_deleted_neo_vm_crate ... ok
test local_vm_facade_does_not_keep_unused_application_engine_module ... ok
test local_vm_facade_does_not_keep_unused_debugger_module ... ok
test local_stack_item_view_shims_are_removed ... ok
test application_engine_routes_script_container_through_neo_vm_rs ... ok
test local_vm_facade_does_not_keep_unused_exception_wrapper_modules ... ok
test local_vm_facade_does_not_reexport_unused_internal_helpers ... ok
test application_engine_routes_simple_runtime_syscalls_through_neo_vm_rs ... ok
test application_engine_executes_syscall_free_scripts_through_neo_vm_rs ... ok
test application_engine_routes_runtime_log_through_neo_vm_rs ... ok
test manifest_event_and_method_descriptors_project_through_neo_vm_rs_stack_value ... ok
test local_vm_test_tree_does_not_keep_unwired_or_empty_modules ... ok
test manifest_permissions_project_through_neo_vm_rs_stack_value ... ok
test local_vm_reference_counter_does_not_keep_unused_trait_shim ... ok
test memcpy_source_reuses_neo_vm_rs_byte_sequence_semantics ... ok
test min_max_reuse_neo_vm_rs_i64_semantics_with_bigint_fallback ... ok
test historical_vm_bug_fixes_stay_guarded_at_neo_vm_rs_boundary ... ok
test manifest_modules_use_vm_runtime_stack_items ... ok
test modpow_reuses_neo_vm_rs_i64_semantics_with_bigint_and_inverse_fallback ... ok
test native_contract_static_syscall_hash_uses_neo_vm_rs_directly ... ok
test neo_core_does_not_reexport_opcode_through_vm_facade ... ok
test native_event_and_data_modules_use_vm_runtime_stack_items ... ok
test neo_core_vm_facade_is_a_pure_glob_reexport ... ok
test native_pure_data_states_project_through_neo_vm_rs_stack_value ... ok
test neo_core_vm_internals_import_opcode_from_neo_vm_rs ... ok
test native_contract_modules_use_vm_runtime_stack_items ... ok
test neo_core_ordered_dictionary_facade_is_removed ... ok
test neo_token_committee_payloads_use_neo_vm_rs_stack_value ... ok
test neo_vm_module_docs_do_not_claim_local_canonical_opcode_semantics ... ok
test neo_token_states_project_through_neo_vm_rs_stack_value ... ok
test newbuffer_reuses_neo_vm_rs_collection_semantics ... ok
test nep11_token_ordering_does_not_use_local_bytestring_wrapper ... ok
test newmap_reuses_neo_vm_rs_map_semantics ... ok
test numeric_comparisons_reuse_neo_vm_rs_i64_semantics_with_bigint_fallback ... ok
test nz_reuses_neo_vm_rs_truthiness_semantics ... ok
test p2p_validation_uses_direct_neo_vm_rs_script_validation ... ok
test policy_whitelist_storage_uses_neo_vm_rs_stack_value ... ok
test pow_and_modmul_reuse_neo_vm_rs_i64_semantics_with_bigint_fallback ... ok
test primitive_interop_validation_uses_stackvalue_directly ... ok
test protocol_data_modules_use_vm_runtime_stack_items ... ok
test reference_graph_helpers_are_owned_by_neo_vm_rs ... ok
test replay_debug_example_uses_direct_script_validation_for_instruction_windows ... ok
test production_script_helpers_use_shared_opcode_enum ... ok
test remaining_production_script_bytes_use_neo_vm_rs_opcode_metadata ... ok
test role_management_designated_nodes_storage_uses_neo_vm_rs_stack_value ... ok
test rpc_error_type_does_not_expose_local_vm_error ... ok
test rpc_client_stack_models_use_neo_vm_rs_stackvalue_directly ... ok
test rpc_final_state_models_use_neo_vm_rs_vmstate_directly ... ok
test rpc_server_final_state_formatting_uses_neo_vm_rs_boundary ... ok
test rpc_server_blockchain_tests_seed_native_state_through_stack_value ... ok
test rpc_server_imports_host_runtime_through_neo_vm_boundary ... ok
test rpc_server_invoke_arguments_push_neo_vm_rs_stackvalue_directly ... ok
test script_builder_derives_opcode_bytes_from_neo_vm_rs_metadata ... ok
test script_builder_does_not_return_local_script_objects ... ok
test script_builder_does_not_use_local_vm_error_types ... ok
test script_builder_emit_syscall_hashes_with_neo_vm_rs_directly ... ok
test script_builder_emits_opcode_bytes_via_neo_vm_rs_opcode_metadata ... ok
test script_builder_implementation_lives_in_the_neo_vm_crate ... ok
test script_builder_reuses_neo_vm_rs_integer_encoding_for_i64_pushes ... ok
test script_disassembly_examples_use_direct_script_validation ... ok
test shift_opcodes_reuse_neo_vm_rs_i64_semantics_with_bigint_fallback ... ok
test sign_reuses_neo_vm_rs_i64_semantics_with_bigint_fallback ... ok
test signer_stack_projection_uses_neo_vm_rs_stack_value ... ok
test size_primitive_lengths_reuse_neo_vm_rs_byte_string_rules ... ok
test smart_contract_helper_hashes_syscalls_with_neo_vm_rs_directly ... ok
test smart_contract_script_helpers_use_neo_vm_rs_opcode_byte_metadata ... ok
test splice_byte_sequence_ops_reuse_neo_vm_rs_helpers ... ok
test smart_contract_support_modules_use_vm_runtime_boundary ... ok
test sqrt_reuses_neo_vm_rs_i64_semantics_with_bigint_fallback ... ok
test stack_item_byte_conversion_reuses_neo_vm_rs_stack_value_rules ... ok
test stack_item_convert_to_boolean_reuses_neo_vm_rs_for_safe_sources_only ... ok
test stack_item_convert_to_byte_targets_reuses_neo_vm_rs_conversion_semantics ... ok
test stack_item_primitive_truthiness_reuses_neo_vm_rs_rules ... ok
test static_syscall_hash_expectations_use_neo_vm_rs_directly ... ok
test stack_item_type_facade_is_removed_and_byte_tags_use_neo_vm_rs ... ok
test token_management_states_project_through_neo_vm_rs_stack_value ... ok
test storage_inspection_examples_use_neo_vm_rs_stackvalue_boundary ... ok
test transaction_stack_projection_uses_neo_vm_rs_stack_value ... ok
test unused_interop_interface_stack_item_wrapper_is_removed ... ok
test unused_primitive_stack_item_wrappers_are_removed ... ok
test vm_dispatch_uses_neo_vm_rs_opcode_byte_metadata ... ok
test wild_card_container_projection_uses_neo_vm_rs_stack_value ... ok
test within_reuses_neo_vm_rs_i64_semantics_with_bigint_fallback ... ok
test witness_rules_project_through_neo_vm_rs_stack_value ... ok
test vm_state_byte_serialization_uses_neo_vm_rs_mapping ... ok
test witness_and_rpc_script_bytes_use_neo_vm_rs_opcode_metadata ... ok
test workspace_tests_and_benches_do_not_import_local_vm_runtime ... ok
test neo_rpc_uses_neo_vm_rs_opcode_directly ... ok
test external_crates_import_opcode_from_neo_vm_rs ... ok
test neo_core_sources_do_not_use_legacy_opcode_module_path ... ok
test script_builder_does_not_accept_local_stackitem_bridge ... ok
test script_building_callers_do_not_import_builder_from_neo_vm_facade ... ok
test instruction_parsing_uses_neo_vm_rs_opcode_operand_metadata_directly ... ok
test workspace_script_bytes_use_neo_vm_rs_opcode_metadata ... ok
test non_vm_layers_import_shared_vm_scalars_directly ... ok
test workspace_vendors_neo_vm_as_the_canonical_local_crate ... ok

test result: ok. 121 passed; 0 failed; 0 ignored; 0 measured; 0 filtered out; finished in 1.45s

     Running tests\p2p_message_exchange.rs (target\debug\deps\p2p_message_exchange-6821dbd7bb2ff4f3.exe)

running 5 tests
test test_message_command_byte_conversion ... ok
test test_ping_pong_messages ... ok
test test_message_flags_compression ... ok
test test_verify_result_variants ... ok
test test_concurrent_message_creation ... ok

test result: ok. 5 passed; 0 failed; 0 ignored; 0 measured; 0 filtered out; finished in 0.00s

     Running tests\persistence_boundary_tests.rs (target\debug\deps\persistence_boundary_tests-d5af5869ac0c6a91.exe)

running 1 test
test storage_types_have_one_implementation_and_compatibility_shims_only ... ok

test result: ok. 1 passed; 0 failed; 0 ignored; 0 measured; 0 filtered out; finished in 0.00s

     Running tests\state_integration_tests.rs (target\debug\deps\state_integration_tests-beea9e09dd0a335b.exe)

running 18 tests
test test_memory_world_state_creation ... ok
test test_mempool_with_config ... ok
test test_mempool_get_top ... ok
test test_mempool_creation ... ok
test test_multiple_state_changes_batched ... ok
test test_state_changes_deletion ... ok
test test_storage_key_with_empty_key ... ok
test test_state_trie_apply_changes ... ok
test test_storage_item_with_large_value ... ok
test test_state_trie_empty_changes ... ok
test test_state_trie_manager_creation ... ok
test test_state_trie_manager_full_state_mode ... ok
test test_state_trie_reset_to_root ... ok
test test_state_changes_to_world_state ... ok
test test_world_state_commit ... ok
test test_world_state_multiple_commits ... ok
test test_state_trie_incremental_blocks ... ok
test test_state_trie_performance_1000_keys ... ok

test result: ok. 18 passed; 0 failed; 0 ignored; 0 measured; 0 filtered out; finished in 0.00s

     Running unittests src\lib.rs (target\debug\deps\neo_vm-b3680c6103586ce2.exe)

running 162 tests
test abi::fast_codec::tests::decode_rejects_excessive_collection_length ... ok
test abi::fast_codec::tests::roundtrip_array ... ok
test abi::fast_codec::tests::roundtrip_buffer ... ok
test abi::fast_codec::tests::decode_rejects_excessive_nesting ... ok
test abi::fast_codec::tests::roundtrip_bytestring ... ok
test abi::fast_codec::tests::roundtrip_integer ... ok
test abi::stack_value::tests::byte_sequence_helpers_accept_only_bytestring_and_buffer ... ok
test abi::stack_value::tests::byte_string_conversion_bytes_follow_shared_stack_value_rules ... ok
test abi::stack_value::tests::bytes_use_little_endian_twos_complement ... ok
test abi::stack_value::tests::conversion_values_follow_neovm_primitive_rules ... ok
test abi::fast_codec::tests::roundtrip_map ... ok
test abi::stack_value::tests::neovm_type_tags_normalize_to_compact_runtime_tags ... ok
test abi::stack_value::tests::slice_splice_value_uses_neovm_span_semantics ... ok
test abi::stack_value::tests::concat_splice_values_uses_neovm_span_semantics ... ok
test abi::stack_value::tests::stack_value_extractors_cover_native_contract_result_shapes ... ok
test abi::stack_value::tests::stack_values_expose_stable_runtime_type_tags ... ok
test binary_serializer::tests::deserialize_stack_value_enforces_item_limits ... ok
test abi::stack_value::tests::integer_encoding_uses_minimal_little_endian_twos_complement ... ok
test binary_serializer::tests::deserialize_preserves_map_entry_order_for_roundtrip_bytes ... ok
test abi::stack_value::tests::byte_arg_pop_accepts_only_bytestring_and_buffer ... ok
test abi::stack_value::tests::new_array_default_values_follow_neovm_rules ... ok
test abi::stack_value::tests::stack_item_type_names_match_neo_vm ... ok
test abi::stack_value::tests::default_values_follow_shared_type_tag_rules ... ok
test binary_serializer::tests::deserialize_stack_value_reads_storage_payload_without_local_stack_item ... ok
test binary_serializer::tests::serialize_zero_integer_uses_empty_payload ... ok
test binary_serializer::tests::nep17_data_array_roundtrips_losslessly ... ok
test abi::fast_codec::tests::roundtrip_buffer_empty ... ok
test error::tests::test_error_categories ... ok
test error::tests::test_error_classification ... ok
test error::tests::test_error_creation ... ok
test error::tests::test_resource_limit_errors ... ok
test error::tests::test_stack_errors ... ok
test evaluation_stack::tests::test_clear ... ok
test evaluation_stack::tests::test_copy_to ... ok
test evaluation_stack::tests::test_insert_remove ... ok
test evaluation_stack::tests::test_peek ... ok
test evaluation_stack::tests::test_push_pop ... ok
test evaluation_stack::tests::test_reverse ... ok
test evaluation_stack::tests::test_swap ... ok
test execution_context::context::tests::test_clone ... ok
test execution_context::context::tests::test_execution_context_creation ... ok
test execution_context::context::tests::test_get_shared_state ... ok
test execution_context::context::tests::test_get_state ... ok
test execution_context::context::tests::test_move_next ... ok
test execution_context::context::tests::test_next_instruction ... ok
test execution_context::context::tests::test_slot ... ok
test execution_context::context::tests::test_try_stack ... ok
test execution_engine::tests::execution_engine_tests::test_execution_engine_creation ... ok
test execution_engine::tests::execution_engine_tests::test_gas_tracking_basic ... ok
test execution_engine::tests::execution_engine_tests::test_gas_tracking_edge_cases ... ok
test execution_engine::tests::execution_engine_tests::test_gas_tracking_limit_exceeded ... ok
test execution_engine::tests::execution_engine_tests::test_gas_tracking_refund ... ok
test execution_engine::tests::execution_engine_tests::test_gas_tracking_reset ... ok
test execution_engine::tests::execution_engine_tests::test_jump_table_methods ... ok
test execution_engine::tests::execution_engine_tests::test_load_script ... ok
test execution_engine::tests::execution_engine_tests::test_set_state ... ok
test execution_engine::tests::execution_engine_tests::test_stack_operations ... ok
test execution_engine::tests::execution_engine_tests::test_unload_context ... ok
test host::syscall::tests::known_syscall_argument_counts_come_from_metadata ... ok
test host::syscall::tests::known_syscall_argument_counts_match_hashes ... ok
test host::syscall::tests::known_syscall_hashes_match_sha256_prefix ... ok
test host::syscall::tests::unknown_syscall_hashes_still_use_sha256_prefix ... ok
test interpreter::api::try_catch_tests::test_try_catch_syscall_exception ... ok
test interpreter::helpers::retained::tests::retained_prefix_codec_round_trips_block_like_struct_argument_list ... ok
test interpreter::helpers::retained::tests::retained_prefix_codec_rejects_oversized_top_level_stack ... ok
test interpreter::helpers::retained::tests::retained_prefix_codec_round_trips_nested_compound_ids ... ok
test json_serializer::tests::test_deserialize_block_1497790_payload ... ok
test json_serializer::tests::test_deserialize_numbers ... ok
test jump_table::bitwisee::tests::and_accepts_buffer_via_byte_string_semantics ... ok
test jump_table::bitwisee::tests::equal_does_not_coerce_buffer_to_byte_string ... ok
test jump_table::bitwisee::tests::xor_uses_signed_extension_for_mixed_width_operands ... ok
test jump_table::numeric::tests::add_accepts_buffer_as_byte_string_operand ... ok
test jump_table::numeric::tests::modpow_supports_modular_inverse ... ok
test jump_table::numeric::tests::numeric_equality_preserves_null_special_cases ... ok
test jump_table::numeric::tests::ordered_comparisons_keep_core_null_policy ... ok
test jump_table::numeric::tests::shift_rejects_values_above_engine_limit ... ok
test jump_table::tests::test_jump_table_creation ... ok
test jump_table::tests::test_jump_table_default ... ok
test jump_table::tests::test_jump_table_index ... ok
test jump_table::tests::test_jump_table_invalid_opcode ... ok
test jump_table::tests::test_jump_table_register ... ok
test memory::arena_pool::benchmarks::benchmark_arena_reset ... ignored, wall-clock perf assertion; environment-dependent
test memory::arena_pool::benchmarks::benchmark_arena_vs_system_heap ... ignored, wall-clock perf assertion; environment-dependent
test memory::arena_pool::benchmarks::benchmark_vm_transaction_simulation ... ignored, wall-clock perf assertion; environment-dependent
test memory::arena_pool::property_tests::test_allocation_order ... ok
test memory::arena_pool::property_tests::test_capacity_tracking ... ok
test memory::arena_pool::property_tests::test_duplicate_values ... ok
test memory::arena_pool::property_tests::test_reset_invalidates_references ... ok
test memory::object_pool::tests::test_explicit_return ... ok
test memory::object_pool::tests::test_pool_borrow_and_return ... ok
test memory::object_pool::tests::test_pool_reuse ... ok
test memory::pooled_containers::tests::test_fnv1a_hash_consistency ... ok
test memory::arena_pool::property_tests::test_slice_allocation ... ok
test memory::pooled_containers::tests::test_pooled_map_basic ... ok
test memory::pooled_containers::tests::test_pooled_map_clear_preserves_buckets ... ok
test memory::pooled_containers::tests::test_pooled_map_collision_handling ... ok
test memory::pooled_containers::tests::test_pooled_vec_basic ... ok
test memory::pooled_containers::tests::test_pooled_vec_clear_preserves_capacity ... ok
test memory::pooled_containers::tests::test_pooled_vec_capacity_exceeded - should panic ... ok
test reference_counter::tests::object_references_affect_zero_tracking ... ok
test reference_counter::tests::stack_references_increment_and_decrement ... ok
test reference_counter::tests::zero_referred_removes_item_records ... ok
test rpc_json::tests::applies_size_budget_per_top_level_item ... ok
test rpc_json::tests::deferred_size_check_preserves_rpc_circular_reference_precedence ... ok
test rpc_json::tests::deferred_size_check_still_reports_max_size ... ok
test rpc_json::tests::renders_rpc_stack_item_type_matrix ... ok
test rpc_json::tests::reports_circular_reference ... ok
test rpc_json::tests::reports_max_size_reached ... ok
test runtime::rw_set_tracker::tests::test_no_conflict_disjoint_keys ... ok
test runtime::rw_set_tracker::tests::test_write_read_conflict ... ok
test runtime::rw_set_tracker::tests::test_write_write_conflict ... ok
test runtime::tests::init_slot_preserves_argument_order ... ok
test runtime::tests::static_access_faults_out_of_range ... ok
test script::tests::test_script_creation_and_validation ... ok
test script::tests::test_script_instruction_caching ... ok
test script::tests::test_script_validation_with_invalid_jump ... ok
test script::tests::test_script_with_valid_jumps ... ok
test script_builder::tests::test_emit_jump ... ok
test script_builder::tests::test_emit_opcode ... ok
test script_builder::tests::test_emit_push_bigint_uses_minimal_integer_encoding ... ok
test script_builder::tests::test_emit_push_bool ... ok
test script_builder::tests::test_emit_push_int ... ok
test script_builder::tests::test_emit_push_byte_array ... ok
test script_builder::tests::test_emit_syscall ... ok
test semantics::arithmetic::tests::shift_count_out_of_range_faults ... ok
test semantics::arithmetic::tests::shl_nonzero_shift_yields_integer ... ok
test semantics::arithmetic::tests::shl_pre_gorgon_zero_shift_preserves_type ... ok
test semantics::arithmetic::tests::shl_zero_shift_yields_integer_gorgon ... ok
test semantics::arithmetic::tests::shr_zero_shift_yields_integer_gorgon ... ok
test semantics::collections::tests::has_key_index_beyond_max_item_size_faults ... ok
test semantics::collections::tests::has_key_negative_index_faults ... ok
test semantics::collections::tests::has_key_valid_indices ... ok
test stack_item::pointer::tests::pointer_equality_depends_on_script_identity ... ok
test stack_item::pointer::tests::pointer_ordering_uses_script_identity_then_position ... ok
test stack_item::pointer::tests::pointer_to_boolean_and_integer ... ok
test stack_item::stack_item::buffer_bytestring_equal_tests::buffer_never_equals_bytestring ... ok
test stack_item::stack_item::buffer_bytestring_equal_tests::buffer_reference_equality ... ok
test stack_item::stack_item::tests::array_and_struct_ordering_compare_length_then_items ... ok
test stack_item::stack_item::tests::convert_to_boolean_preserves_local_truthiness_boundaries ... ok
test stack_item::stack_item::tests::test_array_stack_item ... ok
test stack_item::stack_item::tests::test_boolean_stack_item ... ok
test stack_item::stack_item::tests::test_bytestring_stack_item ... ok
test stack_item::stack_item::tests::test_convert_to ... ok
test stack_item::stack_item::tests::test_deep_clone ... ok
test stack_item::stack_item::tests::test_equals ... ok
test stack_item::stack_item::tests::test_equals_with_cycles ... ok
test stack_item::stack_item::tests::test_integer_stack_item ... ok
test vm::graph::tests::tarjan_finds_cycles_and_singletons ... ok
test vm::graph::tests::tarjan_handles_dag_as_singletons ... ok
test vm::graph::tests::tarjan_handles_single_vertex ... ok
test vm::limits::tests::default_limits_do_not_cap_instructions ... ok
test vm::limits::tests::default_limits_use_gorgon_shift_semantics ... ok
test syscalls::static_registry::tests::test_unknown_hash_returns_none ... ok
test syscalls::static_registry::tests::test_registry_initialization_once ... ok
test syscalls::static_registry::tests::test_syscall_hashes_match_known_values ... ok
test syscalls::static_registry::tests::test_all_syscall_names_unique ... ok
test syscalls::static_registry::tests::test_call_flags_set_correctly ... ok
test syscalls::static_registry::tests::test_method_names_match_registry ... ok
test syscalls::static_registry::tests::test_gas_costs_reasonable ... ok
test syscalls::cuckoo_hash::tests::test_lookup_nonexistent ... ok
test syscalls::cuckoo_hash::tests::test_cuckoo_table_initialization ... ok
test syscalls::cuckoo_hash::tests::test_constant_time_lookup ... ok

test result: ok. 159 passed; 0 failed; 3 ignored; 0 measured; 0 filtered out; finished in 0.01s

     Running tests\property_tests.rs (target\debug\deps\property_tests-bcdd35b55ffcb969.exe)

running 3 tests
test syscall_gas_prices_match_coq_refinement_model ... ok
test registered_syscall_gas_prices_are_non_negative ... ok
test pooled_hashmap_matches_std ... ok

test result: ok. 3 passed; 0 failed; 0 ignored; 0 measured; 0 filtered out; finished in 0.01s

     Running tests\protocol_integration.rs (target\debug\deps\protocol_integration-5e5a4c88234208c3.exe)

running 3 tests
test item_size_limit_matches_canonical_neo_vm_value ... ok
test public_serializer_roundtrips_stack_value_with_default_limits ... ok
test public_vm_api_executes_script_and_exposes_halt_state ... ok

test result: ok. 3 passed; 0 failed; 0 ignored; 0 measured; 0 filtered out; finished in 0.00s

     Running tests\rw_set_refinement_tests.rs (target\debug\deps\rw_set_refinement_tests-8c423c759316079d.exe)

running 14 tests
test clear_resets_all_observations ... ok
test disjoint ... ok
test duplicate_accesses ... ok
test empty ... ok
test equality_uses_all_256_bits ... ok
test reserve_and_clone_preserve_conflicts ... ok
test order_does_not_affect_conflict ... ok
test read_read ... ok
test read_write_is_directional ... ok
test events_and_gas_are_not_conflict_keys ... ok
test self_conflict_requires_write ... ok
test write_read ... ok
test write_write ... ok
test exhaustive_three_key_universe ... ok

test result: ok. 14 passed; 0 failed; 0 ignored; 0 measured; 0 filtered out; finished in 0.00s

   Doc-tests neo_config

running 1 test
test neo-config\src\lib.rs - (line 13) ... ignored

test result: ok. 0 passed; 0 failed; 1 ignored; 0 measured; 0 filtered out; finished in 0.00s

all doctests ran in 0.52s; merged doctests compilation took 0.32s
   Doc-tests neo_consensus

running 3 tests
test neo-consensus\src\lib.rs - (line 141) ... ignored
test neo-consensus\src\lib.rs - signer (line 269) ... ignored
test neo-consensus\src\lib.rs - error (line 251) ... ok

test result: ok. 1 passed; 0 failed; 2 ignored; 0 measured; 0 filtered out; finished in 0.07s

all doctests ran in 1.47s; merged doctests compilation took 0.51s
   Doc-tests neo_core

running 24 tests
test neo-core\src\actors\context.rs - actors::context::ActorContext (line 27) ... ignored
test neo-core\src\lib.rs - (line 54) - compile ... ok
test neo-core\src\lib.rs - telemetry (line 206) ... ignored
test neo-core\src\lib.rs - (line 73) - compile ... ok
test neo-core\src\macros.rs - macros::OptionExt (line 147) ... ignored
test neo-core\src\macros.rs - macros::ValidateLength (line 168) ... ignored
test neo-core\src\macros.rs - macros::impl_default_via_new (line 111) ... ignored
test neo-core\src\macros.rs - macros::impl_error_from (line 10) ... ignored
test neo-core\src\macros.rs - macros::impl_error_from (line 19) ... ignored
test neo-core\src\macros.rs - macros::impl_from_bytes (line 43) ... ignored
test neo-core\src\macros.rs - macros::impl_hash_for_fields (line 129) ... ignored
test neo-core\src\macros.rs - macros::impl_ord_by_fields (line 81) ... ignored
test neo-core\src\neo_system\builder.rs - neo_system::builder::NeoSystemBuilder (line 18) ... ignored
test neo-core\src\neo_system\registry.rs - neo_system::registry (line 9) ... ignored
test neo-core\src\smart_contract\application_engine\state.rs - smart_contract::application_engine::state::ApplicationEngine::extract_storage_changes (line 636) ... ignored
test neo-core\src\smart_contract\native\helpers.rs - smart_contract::native::helpers::serialize_stack_value_native (line 31) ... ignored
test neo-core\src\state_service\prefetch_pipeline.rs - state_service::prefetch_pipeline (line 94) ... ignored
test neo-core\src\state_service\optimistic_executor.rs - state_service::optimistic_executor::OptimisticExecutor::execute_block_optimistically (line 174) - compile ... ok
test neo-core\src\lib.rs - hardfork (line 166) - compile ... ok
test neo-core\src\state_service\parallel_execution_integration.rs - state_service::parallel_execution_integration::OptimisticExecutionHook::execute_block (line 58) - compile ... ok
test neo-core\src\lib.rs - time_provider (line 241) - compile ... ok
test neo-core\src\lib.rs - error (line 144) ... ok
test neo-core\src\lib.rs - constants (line 122) ... ok
test neo-core\src\lib.rs - witness (line 174) ... ok

test result: ok. 9 passed; 0 failed; 15 ignored; 0 measured; 0 filtered out; finished in 0.50s

all doctests ran in 3.61s; merged doctests compilation took 0.73s
   Doc-tests neo_crypto

running 9 tests
test neo-crypto\src\lib.rs - simd (line 93) - compile ... ok
test neo-crypto\src\simd\blake2b_avx512.rs - simd::blake2b_avx512::batch_blake2b (line 158) - compile ... ok
test neo-crypto\src\hash.rs - hash::ct_hash_eq (line 318) ... ok
test neo-crypto\src\hash.rs - hash::Crypto::hash160 (line 249) ... ok
test neo-crypto\src\lib.rs - (line 28) ... ok
test neo-crypto\src\hash.rs - hash::Crypto::hash256 (line 272) ... ok
test neo-crypto\src\hash.rs - hash::Crypto::sha256 (line 94) ... ok
test neo-crypto\src\simd\blake2b_avx512.rs - simd::blake2b_avx512 (line 37) ... ok
test neo-crypto\src\simd\blake2b_avx512.rs - simd::blake2b_avx512::blake2b_simd (line 137) ... ok

test result: ok. 9 passed; 0 failed; 0 ignored; 0 measured; 0 filtered out; finished in 0.13s

all doctests ran in 1.26s; merged doctests compilation took 0.47s
   Doc-tests neo_hsm

running 1 test
test neo-hsm\src\lib.rs - (line 20) ... ignored

test result: ok. 0 passed; 0 failed; 1 ignored; 0 measured; 0 filtered out; finished in 0.00s

all doctests ran in 0.51s; merged doctests compilation took 0.29s
   Doc-tests neo_io

running 2 tests
test neo-io\src\caching\cache.rs - caching::cache::IoCache (line 23) ... ignored
test neo-io\src\serializable\mod.rs - serializable::impl_serializable (line 32) ... ignored

test result: ok. 0 passed; 0 failed; 2 ignored; 0 measured; 0 filtered out; finished in 0.00s

all doctests ran in 0.55s; merged doctests compilation took 0.29s
   Doc-tests neo_json

running 0 tests

test result: ok. 0 passed; 0 failed; 0 ignored; 0 measured; 0 filtered out; finished in 0.00s

   Doc-tests neo_p2p

running 4 tests
test neo-p2p\src\lib.rs - (line 157) ... ignored
test neo-p2p\src\lib.rs - (line 22) ... ignored
test neo-p2p\src\lib.rs - (line 33) ... ignored
test neo-p2p\src\lib.rs - (line 83) ... ignored

test result: ok. 0 passed; 0 failed; 4 ignored; 0 measured; 0 filtered out; finished in 0.00s

all doctests ran in 0.50s; merged doctests compilation took 0.29s
   Doc-tests neo_primitives

running 11 tests
test neo-primitives\src\blockchain\mod.rs - blockchain (line 15) ... ignored
test neo-primitives\src\macros.rs - macros::impl_display_hex (line 1204) ... ignored
test neo-primitives\src\macros.rs - macros::protocol_enum (line 282) ... ignored
test neo-primitives\src\macros.rs - macros::protocol_enum (line 298) ... ignored
test neo-primitives\src\macros.rs - macros::protocol_enum (line 309) ... ignored
test neo-primitives\src\macros.rs - macros::protocol_enum_with_unknown (line 664) ... ignored
test neo-primitives\src\verification.rs - verification (line 15) ... ignored
test neo-primitives\src\lib.rs - (line 19) ... ok
test neo-primitives\src\storage.rs - storage (line 9) ... ok
test neo-primitives\src\call_flags.rs - call_flags (line 26) ... ok
test neo-primitives\src\big_decimal.rs - big_decimal (line 26) ... ok

test result: ok. 4 passed; 0 failed; 7 ignored; 0 measured; 0 filtered out; finished in 0.09s

all doctests ran in 0.76s; merged doctests compilation took 0.38s
   Doc-tests neo_rpc

running 3 tests
test neo-rpc\src\lib.rs - (line 104) ... ignored
test neo-rpc\src\lib.rs - (line 157) ... ignored
test neo-rpc\src\lib.rs - (line 175) ... ignored

test result: ok. 0 passed; 0 failed; 3 ignored; 0 measured; 0 filtered out; finished in 0.00s

all doctests ran in 0.51s; merged doctests compilation took 0.29s
   Doc-tests neo_storage

running 4 tests
test neo-storage\src\cache\cloned_cache.rs - cache::cloned_cache::ClonedCache (line 21) ... ignored
test neo-storage\src\cache\data_cache.rs - cache::data_cache::DataCache (line 49) ... ignored
test neo-storage\src\cache\mod.rs - cache (line 17) ... ignored
test neo-storage\src\lib.rs - (line 30) ... ignored

test result: ok. 0 passed; 0 failed; 4 ignored; 0 measured; 0 filtered out; finished in 0.00s

all doctests ran in 0.50s; merged doctests compilation took 0.29s
   Doc-tests neo_tee

running 1 test
test neo-tee\src\mempool\batcher\contract_batcher.rs - mempool::batcher::contract_batcher (line 28) ... ignored

test result: ok. 0 passed; 0 failed; 1 ignored; 0 measured; 0 filtered out; finished in 0.00s


running 1 test
test neo-tee\src\mempool\batcher\mod.rs - mempool::batcher (line 30) ... ignored

test result: ok. 0 passed; 0 failed; 1 ignored; 0 measured; 0 filtered out; finished in 0.00s

all doctests ran in 0.50s; merged doctests compilation took 0.29s
   Doc-tests neo_telemetry

running 3 tests
test neo-telemetry\src\health.rs - health::FnHealthCheck (line 144) ... ignored
test neo-telemetry\src\lib.rs - (line 25) ... ignored
test neo-telemetry\src\lib.rs - init (line 83) ... ignored

test result: ok. 0 passed; 0 failed; 3 ignored; 0 measured; 0 filtered out; finished in 0.00s

all doctests ran in 0.50s; merged doctests compilation took 0.29s
   Doc-tests neo_tests

running 0 tests

test result: ok. 0 passed; 0 failed; 0 ignored; 0 measured; 0 filtered out; finished in 0.00s

   Doc-tests neo_vm

running 25 tests
test neo-vm\src\lib.rs - (line 127) ... ignored
test neo-vm\src\lib.rs - (line 78) ... ignored
test neo-vm\src\lib.rs - error (line 177) ... ignored
test neo-vm\src\lib.rs - script (line 219) ... ignored
test neo-vm\src\memory\arena_pool.rs - memory::arena_pool (line 35) ... ignored
test neo-vm\src\memory\arena_pool.rs - memory::arena_pool::ArenaAllocation (line 488) ... ignored
test neo-vm\src\memory\arena_pool.rs - memory::arena_pool::ArenaMemoryPool::allocate (line 144) ... ignored
test neo-vm\src\memory\arena_pool.rs - memory::arena_pool::ArenaMemoryPool::allocate_slice_fill_repeat (line 177) ... ignored
test neo-vm\src\memory\arena_pool.rs - memory::arena_pool::ArenaMemoryPool::reset (line 206) ... ignored
test neo-vm\src\memory\arena_pool.rs - memory::arena_pool::ArenaMemoryPool::used_bytes (line 234) ... ignored
test neo-vm\src\memory\arena_pool.rs - memory::arena_pool::ArenaMemoryPool::with_capacity (line 107) ... ignored
test neo-vm\src\lib.rs - memory (line 246) - compile ... ok
test neo-vm\src\memory\pooled_containers.rs - memory::pooled_containers (line 25) - compile ... ok
test neo-vm\src\memory\pooled_containers.rs - memory::pooled_containers::PooledHashMap (line 438) - compile ... ok
test neo-vm\src\memory\pooled_containers.rs - memory::pooled_containers::PooledHashMap<K,V>::new (line 490) - compile ... ok
test neo-vm\src\memory\pooled_containers.rs - memory::pooled_containers::PooledHashMap<K,V>::clear_no_dealloc (line 664) - compile ... ok
test neo-vm\src\memory\pooled_containers.rs - memory::pooled_containers::PooledHashMap<K,V>::insert_no_alloc (line 534) - compile ... ok
test neo-vm\src\memory\pooled_containers.rs - memory::pooled_containers::PooledVec<T>::try_push (line 336) - compile ... ok
test neo-vm\src\memory\pooled_containers.rs - memory::pooled_containers::PooledHashMap<K,V>::get_no_alloc (line 595) - compile ... ok
test neo-vm\src\memory\pooled_containers.rs - memory::pooled_containers::PooledVec (line 128) - compile ... ok
test neo-vm\src\memory\pooled_containers.rs - memory::pooled_containers::PooledVec<T>::clear_keep_capacity (line 274) - compile ... ok
test neo-vm\src\memory\pooled_containers.rs - memory::pooled_containers::PooledVec<T>::new (line 201) - compile ... ok
test neo-vm\src\memory\pooled_containers.rs - memory::pooled_containers::PooledVec<T>::push (line 242) - compile ... ok
test neo-vm\src\memory\pooled_containers.rs - memory::pooled_containers::PooledVec<T>::with_capacity (line 170) - compile ... ok
test neo-vm\src\syscalls\static_registry.rs - syscalls::static_registry (line 27) - compile ... ok

test result: ok. 14 passed; 0 failed; 11 ignored; 0 measured; 0 filtered out; finished in 0.00s

all doctests ran in 1.33s; merged doctests compilation took 0.49s
CARGO_EXIT=0
