{
  "schema_version": 1,
  "status": "accepted",
  "optimization": "one-copy authoritative state-pack value publication",
  "baseline": {
    "revision": "db059b62972e7b85b652f5f67c4ec3d742ae43ea",
    "binary_sha256": "6b1c80358e092d06c16bede478b61ca85ea01a1b2dfb27879ecc7addbf484499",
    "imported_blocks": 5000,
    "elapsed_seconds": 15.705431498,
    "overall_blocks_per_second": 318.3611988398232,
    "driver_elapsed_seconds": 15.734999423,
    "driver_blocks_per_second": 317.762960492,
    "transaction_blocks": 1938,
    "transaction_block_import_seconds": 6.772864715,
    "transaction_blocks_per_second": 286.14184419007694,
    "empty_blocks": 3062,
    "empty_blocks_per_second": 30450.406158396745,
    "transactions": 2916,
    "finalization_seconds": 8.8086899,
    "finalization_store_commit_seconds": 8.808688877,
    "mpt_apply_seconds": 8.805662,
    "mpt_backing_commit_seconds": 5.464744,
    "mpt_deferred_lookup_seconds": 2.272362,
    "mdbx_window_seconds": 2.788601,
    "vm_execute_seconds": 5.368626,
    "profile": "reports/performance/mainnet-authoritative-streaming-baseline-3382022-3387022-20260719-profile.json"
  },
  "candidate": {
    "revision": "e5445029f648b91aacae05b6ebd019bb5a01ea57",
    "binary_sha256": "cbc59cd299c48185ab92b2939c5d31e408fdb1e4a68259561ad868829affad30",
    "imported_blocks": 5000,
    "elapsed_seconds": 14.557875914,
    "overall_blocks_per_second": 343.45669859650377,
    "driver_elapsed_seconds": 14.602709242,
    "driver_blocks_per_second": 342.402215722,
    "transaction_blocks": 1938,
    "transaction_block_import_seconds": 6.759843892,
    "transaction_blocks_per_second": 286.6930111054109,
    "empty_blocks": 3062,
    "empty_blocks_per_second": 32202.356495251588,
    "transactions": 2916,
    "finalization_seconds": 7.679528285,
    "finalization_store_commit_seconds": 7.679527458,
    "mpt_apply_seconds": 7.675758,
    "mpt_backing_commit_seconds": 4.856374,
    "mpt_deferred_lookup_seconds": 1.476665,
    "mdbx_window_seconds": 3.003479,
    "vm_execute_seconds": 5.492479,
    "profile": "reports/performance/mainnet-authoritative-streaming-candidate-3382022-3387022-20260719-profile.json"
  },
  "signed_deltas_percent": {
    "overall_blocks_per_second": 7.882713047,
    "driver_blocks_per_second": 7.753973336,
    "transaction_blocks_per_second": 0.192620173,
    "empty_blocks_per_second": 5.753454741,
    "elapsed_seconds": -7.306743429,
    "finalization_seconds": -12.818723645,
    "mpt_apply_seconds": -12.831562238,
    "mpt_backing_commit_seconds": -11.132634941,
    "mpt_deferred_lookup_seconds": -35.016295819,
    "mdbx_window_seconds": 7.705584270,
    "vm_execute_seconds": 2.306977614
  },
  "workload": {
    "network_magic": "0x334F454E",
    "height_from": 3382023,
    "height_to": 3387022,
    "archive_path": "data/neo-v3101-staged-replay/fast-sync-cache/chain.0.acc/chain.0.acc",
    "archive_bytes": 10031375631,
    "archive_sha256": "6043a5c91735087bfb4dda33a2755603f58b6ce3706104510e726ea9aa78b1c0",
    "starting_pack_checkpoint_sha256": "cb648e630968c35c36fb89119416cc5be534e3caf0d5ab9d21991b33121f13f6",
    "starting_authority_marker": {
      "block": 3382022,
      "epoch": 263,
      "frame_end": 55392359055,
      "root_internal": "d5f0b14d87ceaed5a4219d783f4ed592101438488dea6178684ac08a5d4ef939",
      "payload_sha256": "f499135f867280b9e49278b0ba3a077520fd10040747734d1d21650776ea896d"
    },
    "cache_condition": "sync followed by POSIX_FADV_DONTNEED on pack, MDBX, and archive files",
    "durability": "MDBX durable commit plus state-pack sync_data, index sync, and directory sync",
    "storage_mode": "coordinated full-state authoritative packs with deferred finalization and random-point mmap",
    "timing_boundary": "node import elapsed; includes execution, state finalization, and durable publication; excludes startup, pack reopen, archive read, and archive validation"
  },
  "environment": {
    "cpu": "Intel Core Ultra 9 285K, 8 online logical CPUs",
    "kernel": "Linux 6.17.0-35-generic x86_64",
    "filesystem": "ext4 on /dev/sda2",
    "workspace": "/home/neo/git/neo-rs"
  },
  "correctness": {
    "state_root_height": 3387022,
    "state_root_public": "0xbad6c5bdbad2ce21231b7192556ef1fa7f4e94bcdd73adfb1c0a81929fc21b2c",
    "state_root_internal": "2c1bc29f92810a1cfbad73ddbc944e7ffaf16e5592711b2321ced2babdc5d6ba",
    "baseline_candidate_roots_equal": true,
    "mpt_apply_failures": 0,
    "deferred_lookup_errors": 0,
    "reopen_preflight": true,
    "authority_verification": true,
    "winner_records_sha256": "57cfd7e78e4cef6db619caad85647af103f10427a0ca7817cf58c55528d6fd81",
    "lookup_evidence_sha256": "9f101f89ccf9f4011e63269b76ae8d156c6e39a04434d5a0fcf03c41458ed2b3",
    "frame_reference_sha256": "9c95632cfac8020fb612d601eac6f77a5338bf69ad74d06b1cdcaab729d606ad"
  },
  "component_ab": {
    "workload": "1048576-row prefill, 1007960 operations, 10000 represented blocks, 8 durable commits",
    "runs_per_side": 3,
    "owned_blocks_per_second": [7930.518393608977, 7934.979753871386, 7949.972874970799],
    "borrowed_blocks_per_second": [8868.266605957588, 8929.95457488382, 8808.520720980487],
    "owned_mean_blocks_per_second": 7938.490340817054,
    "borrowed_mean_blocks_per_second": 8868.913967273964,
    "blocks_per_second_delta_percent": 11.720410134821023,
    "wall_time_delta_percent": -10.488142061635093,
    "cpu_time_delta_percent": -10.989010989010985,
    "peak_rss_delta_percent": -12.98227289182726,
    "campaign_sha256": "0be95f940753dc742d18af56e010924ce9e4c17183f0b7f2c176cbedf19609cf",
    "all_reopen_digests_matched": true
  },
  "limitations": [
    "The MainNet pair is one run per side; the component result is the repeated direct-path measurement.",
    "Post-run derived index topology differed, although the immutable start marker and all materialized, lookup, frame-reference, and state-root evidence matched.",
    "Deferred-lookup and MDBX timing varied in opposite directions, so the observed end-to-end delta is reported rather than treated as a universal forecast.",
    "The result remains far below the 1500-2000 blocks/s production target."
  ]
}
